# File generated by ImageToStl.com - Free Image and 3D model conversion tools

mtllib low-poly scene.mtl

o obj1
v 3.38710809 -3.18691206 0.67109841
v 3.51598907 -2.79908919 1.36081696
v 3.24456501 -2.49356341 0.67109841
v 3.9162941 -2.71679187 0.67109835
v 3.38710809 -3.18691206 0.41785342
v 3.51598907 -2.79908919 1.10757196
v 3.24456501 -2.49356341 0.41785342
v 3.9162941 -2.71679187 0.41785342
v 3.38710809 -3.18691206 0.15737295
v 3.51598907 -2.79908919 0.8470915
v 3.24456501 -2.49356341 0.15737295
v 3.9162941 -2.71679187 0.15737295
v 3.47524881 -2.9216826 -0.12722611
v 3.51598907 -2.79908919 0.56249237
v 3.43019009 -2.70251036 -0.12722611
v 3.6425283 -2.77307439 -0.12722611
vn -0.29398 -0.88462 -0.36196
vn 0 -0 1
vn -0.61912 0.6969 -0.36196
vn 0.9131 0.18772 -0.36196
vn -0.29398 -0.88462 -0.36196
vn 0 -0 1
vn -0.61912 0.6969 -0.36196
vn 0.9131 0.18772 -0.36196
vn -0.29398 -0.88462 -0.36196
vn 0 -0 1
vn -0.61912 0.6969 -0.36196
vn 0.9131 0.18772 -0.36196
vn -0.27536 -0.8286 -0.48745
vn -0 1E-05 1
vn -0.57991 0.65277 -0.48744
vn 0.85527 0.17583 -0.48745
usemtl mat0
f 13//13 14//14 15//15
f 15//15 14//14 16//16
f 16//16 14//14 13//13
f 13//13 15//15 16//16
usemtl mat1
f 1//1 2//2 3//3
f 3//3 2//2 4//4
f 4//4 2//2 1//1
f 1//1 3//3 4//4
f 5//5 6//6 7//7
f 7//7 6//6 8//8
f 8//8 6//6 5//5
f 5//5 7//7 8//8
f 9//9 10//10 11//11
f 11//11 10//10 12//12
f 12//12 10//10 9//9
f 9//9 11//11 12//12
# Vertices: 16, normals: 16, texture coordinates: 0, faces: 16

o obj2
v 35.15648651 10.69822216 11.87375641
v -40.08344269 32.60092926 11.87375641
v -40.08344269 10.69822216 11.87375641
v 35.15648651 32.60092926 11.87375641
vn 0 0 1
vn 0 0 1
vn 0 0 1
vn 0 0 1
usemtl mat6
f 17//17 18//18 19//19
f 17//17 20//20 18//18
# Vertices: 4, normals: 4, texture coordinates: 0, faces: 2

o obj3
v 14.30210876 1.45710468 -0.78665328
v 14.47586727 1.330863 -0.65391237
v 14.23573971 1.25283957 -0.65391237
v 14.47586727 1.58334637 -0.65391237
v 14.08732986 1.45710468 -0.65391237
v 14.23573971 1.6613698 -0.65391237
v 14.51688766 1.45710468 -0.43913189
v 14.36847782 1.25283957 -0.43913189
v 14.12835026 1.330863 -0.43913189
v 14.12835026 1.58334637 -0.43913189
v 14.36847782 1.6613698 -0.43913189
v 14.30210876 1.45710468 -0.306391
vn 0 0 -1
vn 0.72361 -0.52573 -0.44721
vn -0.27639 -0.85065 -0.44721
vn 0.72361 0.52573 -0.44721
vn -0.89443 0 -0.44721
vn -0.27639 0.85065 -0.44721
vn 0.89443 0 0.44721
vn 0.27639 -0.85065 0.44721
vn -0.72361 -0.52573 0.44721
vn -0.72361 0.52573 0.44721
vn 0.27639 0.85065 0.44721
vn -0 0 1
usemtl mat6
f 21//21 22//22 23//23
f 22//22 21//21 24//24
f 21//21 23//23 25//25
f 21//21 25//25 26//26
f 21//21 26//26 24//24
f 22//22 24//24 27//27
f 23//23 22//22 28//28
f 25//25 23//23 29//29
f 26//26 25//25 30//30
f 24//24 26//26 31//31
f 22//22 27//27 28//28
f 23//23 28//28 29//29
f 25//25 29//29 30//30
f 26//26 30//30 31//31
f 24//24 31//31 27//27
f 28//28 27//27 32//32
f 29//29 28//28 32//32
f 30//30 29//29 32//32
f 31//31 30//30 32//32
f 27//27 31//31 32//32
# Vertices: 12, normals: 12, texture coordinates: 0, faces: 20

o obj4
v 2.01720428 8.29439354 3.58503294
v 1.34234428 7.49380493 3.68080211
v 2.34772778 7.37050724 3.96283817
v 1.31758261 8.10262012 2.82391405
v 2.94434237 7.90312767 3.28024888
v 2.30766225 8.35559845 2.5763526
v 1.21571565 7.06021118 2.73131299
v 1.85239577 6.60773993 3.43520927
v 2.84247541 6.86071873 3.18764782
v 2.81771374 7.46953392 2.33075976
v 1.81233013 7.59283161 2.0487237
v 2.14285374 6.66894579 2.42652893
v 3.19695425 8.06379509 3.42250657
v 2.75743484 7.54239178 3.48487854
v 3.41221571 7.46209097 3.66856146
v 2.74130821 7.93889761 2.92680907
v 3.80077553 7.80897331 3.22400832
v 3.38612223 8.10365677 2.76557851
v 2.6749649 7.26000309 2.86650038
v 3.08961844 6.96532011 3.32493019
v 3.73443222 7.13007879 3.16369963
v 3.71830559 7.52658463 2.60563016
v 3.06352472 7.60688543 2.421947
v 3.27878642 7.00518179 2.66800213
v 1.83098388 7.86635876 2.9337678
v 1.62375474 7.58235502 3.73422933
v 1.77366543 7.00844049 3.09197927
v 1.20346189 8.26794815 3.39124203
v 1.44601786 7.33933735 2.35204458
v 1.09361124 8.11776257 2.53700972
v 0.75830674 7.65822887 3.83218718
v 1.11071348 6.87980318 3.64722204
v 1.00086308 6.72961807 2.79298949
v 0.58056974 7.41521072 2.45000219
v 0.43065941 7.98912525 3.09225225
v 0.37334085 7.13120699 3.25046349
vn -0.06283 0.81272 0.57925
vn -0.73769 0.01213 0.67503
vn 0.2677 -0.11117 0.95707
vn -0.76245 0.62096 -0.18188
vn 0.86432 0.42146 0.27447
vn 0.22764 0.87393 -0.42944
vn -0.86432 -0.42146 -0.27447
vn -0.22764 -0.87393 0.42944
vn 0.76245 -0.62096 0.18188
vn 0.73769 -0.01213 -0.67503
vn -0.2677 0.11117 -0.95707
vn 0.06283 -0.81272 -0.57925
vn -0.06283 0.81272 0.57925
vn -0.73769 0.01213 0.67503
vn 0.2677 -0.11117 0.95707
vn -0.76245 0.62096 -0.18188
vn 0.86432 0.42146 0.27447
vn 0.22764 0.87393 -0.42944
vn -0.86432 -0.42146 -0.27447
vn -0.22764 -0.87394 0.42944
vn 0.76245 -0.62096 0.18188
vn 0.73769 -0.01213 -0.67503
vn -0.2677 0.11117 -0.95707
vn 0.06283 -0.81272 -0.57925
vn 0.87653 0.44207 -0.19044
vn 0.62731 0.1005 0.77226
vn 0.8076 -0.58973 -0.00016
vn 0.12182 0.92506 0.35975
vn 0.41354 -0.19176 -0.89006
vn -0.01029 0.74444 -0.66762
vn -0.41354 0.19176 0.89006
vn 0.01029 -0.74443 0.66762
vn -0.12182 -0.92506 -0.35975
vn -0.62731 -0.1005 -0.77226
vn -0.8076 0.58973 0.00016
vn -0.87653 -0.44207 0.19044
usemtl mat2
f 33//33 34//34 35//35
f 34//34 33//33 36//36
f 33//33 35//35 37//37
f 33//33 37//37 38//38
f 33//33 38//38 36//36
f 34//34 36//36 39//39
f 35//35 34//34 40//40
f 37//37 35//35 41//41
f 38//38 37//37 42//42
f 36//36 38//38 43//43
f 34//34 39//39 40//40
f 35//35 40//40 41//41
f 37//37 41//41 42//42
f 38//38 42//42 43//43
f 36//36 43//43 39//39
f 40//40 39//39 44//44
f 41//41 40//40 44//44
f 42//42 41//41 44//44
f 43//43 42//42 44//44
f 39//39 43//43 44//44
f 45//45 46//46 47//47
f 46//46 45//45 48//48
f 45//45 47//47 49//49
f 45//45 49//49 50//50
f 45//45 50//50 48//48
f 46//46 48//48 51//51
f 47//47 46//46 52//52
f 49//49 47//47 53//53
f 50//50 49//49 54//54
f 48//48 50//50 55//55
f 46//46 51//51 52//52
f 47//47 52//52 53//53
f 49//49 53//53 54//54
f 50//50 54//54 55//55
f 48//48 55//55 51//51
f 52//52 51//51 56//56
f 53//53 52//52 56//56
f 54//54 53//53 56//56
f 55//55 54//54 56//56
f 51//51 55//55 56//56
f 57//57 58//58 59//59
f 58//58 57//57 60//60
f 57//57 59//59 61//61
f 57//57 61//61 62//62
f 57//57 62//62 60//60
f 58//58 60//60 63//63
f 59//59 58//58 64//64
f 61//61 59//59 65//65
f 62//62 61//61 66//66
f 60//60 62//62 67//67
f 58//58 63//63 64//64
f 59//59 64//64 65//65
f 61//61 65//65 66//66
f 62//62 66//66 67//67
f 60//60 67//67 63//63
f 64//64 63//63 68//68
f 65//65 64//64 68//68
f 66//66 65//65 68//68
f 67//67 66//66 68//68
f 63//63 67//67 68//68
# Vertices: 36, normals: 36, texture coordinates: 0, faces: 60

o obj5
v -4.03357077 3.22519398 2.87745619
v -3.30997086 2.69947386 3.43024111
v -4.3099556 2.37455392 3.43024111
v -3.30997086 3.7509141 3.43024111
v -4.92799568 3.22519398 3.43024111
v -4.3099556 4.0758338 3.43024111
v -3.13914585 3.22519398 4.32467127
v -3.7571857 2.37455392 4.32467127
v -4.75717068 2.69947386 4.32467127
v -4.75717068 3.7509141 4.32467127
v -3.7571857 4.0758338 4.32467127
v -4.03357077 3.22519398 4.87745619
v -5.19290829 3.1963408 3.23313046
v -4.72164583 2.85395265 3.59314537
v -5.37291098 2.64234042 3.59314537
v -4.72164583 3.53872895 3.59314537
v -5.77542448 3.1963408 3.59314537
v -5.37291098 3.75034094 3.59314537
v -4.61039209 3.1963408 4.1756649
v -5.0129056 2.64234042 4.1756649
v -5.66417074 2.85395265 4.1756649
v -5.66417074 3.53872895 4.1756649
v -5.0129056 3.75034094 4.1756649
v -5.19290829 3.1963408 4.53567982
v -3.80878925 3.51249385 3.59087753
v -3.59740996 2.70057845 3.34500623
v -3.69869852 2.88814664 4.19288254
v -3.21660662 3.38697815 2.96007967
v -3.3804903 3.69048333 4.33197975
v -3.08254051 3.99877405 3.57005334
v -2.74052048 2.68506098 3.17222786
v -3.03847027 2.37677026 3.93415427
v -2.90440416 2.98856616 4.54412794
v -2.52360082 3.67496586 4.15920162
v -2.4223125 3.48739791 3.31132507
v -2.31222153 2.8630507 3.91333008
vn 0 0 -1
vn 0.72361 -0.52573 -0.44721
vn -0.27639 -0.85065 -0.44721
vn 0.72361 0.52573 -0.44721
vn -0.89443 0 -0.44721
vn -0.27639 0.85065 -0.44721
vn 0.89443 0 0.44721
vn 0.27639 -0.85065 0.44721
vn -0.72361 -0.52573 0.44721
vn -0.72361 0.52573 0.44721
vn 0.27639 0.85065 0.44721
vn -0 0 1
vn 0 0 -1
vn 0.72361 -0.52573 -0.44721
vn -0.27639 -0.85065 -0.44721
vn 0.72361 0.52573 -0.44721
vn -0.89443 0 -0.44721
vn -0.27639 0.85065 -0.44721
vn 0.89443 0 0.44721
vn 0.27639 -0.85065 0.44721
vn -0.72361 -0.52573 0.44721
vn -0.72361 0.52573 0.44721
vn 0.27639 0.85065 0.44721
vn -0 0 1
vn -0.89994 0.39053 -0.1939
vn -0.64572 -0.58594 -0.4896
vn -0.76754 -0.36036 0.53012
vn -0.18773 0.23958 -0.95255
vn -0.38483 0.60459 0.6974
vn -0.02649 0.97538 -0.21895
vn 0.38483 -0.60459 -0.6974
vn 0.02649 -0.97538 0.21895
vn 0.18773 -0.23958 0.95255
vn 0.64572 0.58594 0.4896
vn 0.76754 0.36036 -0.53012
vn 0.89994 -0.39053 0.1939
usemtl mat2
f 69//69 70//70 71//71
f 70//70 69//69 72//72
f 69//69 71//71 73//73
f 69//69 73//73 74//74
f 69//69 74//74 72//72
f 70//70 72//72 75//75
f 71//71 70//70 76//76
f 73//73 71//71 77//77
f 74//74 73//73 78//78
f 72//72 74//74 79//79
f 70//70 75//75 76//76
f 71//71 76//76 77//77
f 73//73 77//77 78//78
f 74//74 78//78 79//79
f 72//72 79//79 75//75
f 76//76 75//75 80//80
f 77//77 76//76 80//80
f 78//78 77//77 80//80
f 79//79 78//78 80//80
f 75//75 79//79 80//80
f 81//81 82//82 83//83
f 82//82 81//81 84//84
f 81//81 83//83 85//85
f 81//81 85//85 86//86
f 81//81 86//86 84//84
f 82//82 84//84 87//87
f 83//83 82//82 88//88
f 85//85 83//83 89//89
f 86//86 85//85 90//90
f 84//84 86//86 91//91
f 82//82 87//87 88//88
f 83//83 88//88 89//89
f 85//85 89//89 90//90
f 86//86 90//90 91//91
f 84//84 91//91 87//87
f 88//88 87//87 92//92
f 89//89 88//88 92//92
f 90//90 89//89 92//92
f 91//91 90//90 92//92
f 87//87 91//91 92//92
f 93//93 94//94 95//95
f 94//94 93//93 96//96
f 93//93 95//95 97//97
f 93//93 97//97 98//98
f 93//93 98//98 96//96
f 94//94 96//96 99//99
f 95//95 94//94 100//100
f 97//97 95//95 101//101
f 98//98 97//97 102//102
f 96//96 98//98 103//103
f 94//94 99//99 100//100
f 95//95 100//100 101//101
f 97//97 101//101 102//102
f 98//98 102//102 103//103
f 96//96 103//103 99//99
f 100//100 99//99 104//104
f 101//101 100//100 104//104
f 102//102 101//101 104//104
f 103//103 102//102 104//104
f 99//99 103//103 104//104
# Vertices: 36, normals: 36, texture coordinates: 0, faces: 60

o obj6
v 7.17224789 -3.46074224 0.44400108
v 7.36393738 -3.29250979 0.8744337
v 7.31408787 -3.04238534 0.44400108
v 7.60547543 -3.37440133 0.44400108
v 7.17224789 -3.46074224 0.2859585
v 7.36393738 -3.29250979 0.71639109
v 7.31408787 -3.04238534 0.2859585
v 7.60547543 -3.37440133 0.2859585
v 7.17224789 -3.46074224 0.12340045
v 7.36393738 -3.29250979 0.55383307
v 7.31408787 -3.04238534 0.12340045
v 7.60547543 -3.37440133 0.12340045
v 7.30334282 -3.34568906 -0.05420929
v 7.36393738 -3.29250979 0.37622333
v 7.34817982 -3.21344352 -0.05420929
v 7.4402895 -3.31839585 -0.05420929
v 2.07944679 -1.92761528 0.44400114
v 2.27113605 -1.75938272 0.87443376
v 2.22128701 -1.50925851 0.44400114
v 2.51267433 -1.84127426 0.44400114
v 2.07944679 -1.92761528 0.28595856
v 2.27113605 -1.75938272 0.71639121
v 2.22128701 -1.50925851 0.28595856
v 2.51267433 -1.84127426 0.28595856
v 2.07944679 -1.92761528 0.12340051
v 2.27113605 -1.75938272 0.55383313
v 2.22128701 -1.50925851 0.12340051
v 2.51267433 -1.84127426 0.12340051
v 2.21054173 -1.81256223 -0.05420923
v 2.27113605 -1.75938272 0.37622339
v 2.25537825 -1.68031669 -0.05420923
v 2.34748793 -1.78526914 -0.05420923
v 4.56416988 -2.57963467 0.44400114
v 4.75585938 -2.41140223 0.87443376
v 4.70600986 -2.16127777 0.44400114
v 4.99739742 -2.49329376 0.44400114
v 4.56416988 -2.57963467 0.28595856
v 4.75585938 -2.41140223 0.71639121
v 4.70600986 -2.16127777 0.28595856
v 4.99739742 -2.49329376 0.28595856
v 4.56416988 -2.57963467 0.12340051
v 4.75585938 -2.41140223 0.55383313
v 4.70600986 -2.16127777 0.12340051
v 4.99739742 -2.49329376 0.12340051
v 4.69526482 -2.46458149 -0.05420923
v 4.75585938 -2.41140223 0.37622339
v 4.74010134 -2.33233595 -0.05420923
v 4.83221102 -2.43728876 -0.05420923
v 1.74462593 -3.90129614 0.44400114
v 1.9363153 -3.7330637 0.87443376
v 1.88646626 -3.48293948 0.44400114
v 2.17785358 -3.81495523 0.44400114
v 1.74462593 -3.90129614 0.28595856
v 1.9363153 -3.7330637 0.71639121
v 1.88646626 -3.48293948 0.28595856
v 2.17785358 -3.81495523 0.28595856
v 1.74462593 -3.90129614 0.12340051
v 1.9363153 -3.7330637 0.55383313
v 1.88646626 -3.48293948 0.12340051
v 2.17785358 -3.81495523 0.12340051
v 1.87572098 -3.78624296 -0.05420923
v 1.9363153 -3.7330637 0.37622339
v 1.92055762 -3.65399766 -0.05420923
v 2.01266718 -3.75895023 -0.05420923
v 0.79302973 -2.63250113 0.4440012
v 0.98471904 -2.46426845 0.87443376
v 0.93487 -2.21414423 0.4440012
v 1.22625732 -2.54615998 0.4440012
v 0.79302973 -2.63250113 0.28595862
v 0.98471904 -2.46426845 0.71639121
v 0.93487 -2.21414423 0.28595862
v 1.22625732 -2.54615998 0.28595862
v 0.79302973 -2.63250113 0.12340057
v 0.98471904 -2.46426845 0.55383319
v 0.93487 -2.21414423 0.12340057
v 1.22625732 -2.54615998 0.12340057
v 0.92412472 -2.51744795 -0.05420917
v 0.98471904 -2.46426845 0.37622344
v 0.96896142 -2.38520241 -0.05420917
v 1.06107092 -2.49015498 -0.05420917
v 4.47017288 -2.0270648 0.67109841
v 4.47390461 -1.61840498 1.36081672
v 4.1218605 -1.41084301 0.67109841
v 4.82968044 -1.41730666 0.67109835
v 4.47017288 -2.0270648 0.41785342
v 4.47390461 -1.61840498 1.10757184
v 4.1218605 -1.41084301 0.41785342
v 4.82968044 -1.41730666 0.41785342
v 4.47017288 -2.0270648 0.15737298
v 4.47390461 -1.61840498 0.84709144
v 4.1218605 -1.41084301 0.15737298
v 4.82968044 -1.41730666 0.15737298
v 4.47272491 -1.7475853 -0.12722605
v 4.47390461 -1.61840498 0.56249237
v 4.36262131 -1.55279326 -0.12722605
v 4.58636761 -1.55483627 -0.12722605
v 6.01707077 -2.91006327 0.67109847
v 6.32423019 -2.64048982 1.36081696
v 6.24435329 -2.2396946 0.67109847
v 6.71126747 -2.77171183 0.67109847
v 6.01707077 -2.91006327 0.41785353
v 6.32423019 -2.64048982 1.10757208
v 6.24435329 -2.2396946 0.41785353
v 6.71126747 -2.77171183 0.41785353
v 6.01707077 -2.91006327 0.15737307
v 6.32423019 -2.64048982 0.84709156
v 6.24435329 -2.2396946 0.15737307
v 6.71126747 -2.77171183 0.15737307
v 6.2271347 -2.72570395 -0.127226
v 6.32423019 -2.64048982 0.56249249
v 6.29898071 -2.51379585 -0.127226
v 6.44657612 -2.68197012 -0.127226
v 2.90553331 -0.62819695 0.67109847
v 2.90553331 -1.03687406 1.36081696
v 3.25945807 -1.24121261 0.67109847
v 2.55160856 -1.24121273 0.67109847
v 2.90553331 -0.62819695 0.41785353
v 2.90553331 -1.03687406 1.10757208
v 3.25945807 -1.24121261 0.41785353
v 2.55160856 -1.24121273 0.41785353
v 2.90553331 -0.62819695 0.15737307
v 2.90553331 -1.03687406 0.84709156
v 3.25945807 -1.24121261 0.15737307
v 2.55160856 -1.24121273 0.15737307
v 2.90553331 -0.90768838 -0.127226
v 2.90553331 -1.03687406 0.56249249
v 3.01741123 -1.10146689 -0.127226
v 2.79365516 -1.10146689 -0.127226
vn -0.70063 -0.6149 -0.36196
vn -0 -0 1
vn -0.1822 0.91421 -0.36196
vn 0.88283 -0.29932 -0.36196
vn -0.70063 -0.6149 -0.36196
vn -0 -0 1
vn -0.1822 0.91421 -0.36196
vn 0.88283 -0.29932 -0.36196
vn -0.70063 -0.6149 -0.36196
vn -0 -0 1
vn -0.1822 0.91421 -0.36196
vn 0.88283 -0.29932 -0.36196
vn -0.65626 -0.57595 -0.48745
vn 2E-05 -0 1
vn -0.17066 0.85631 -0.48745
vn 0.82692 -0.28036 -0.48744
vn -0.70063 -0.6149 -0.36196
vn -0 -0 1
vn -0.1822 0.91421 -0.36196
vn 0.88283 -0.29932 -0.36196
vn -0.70063 -0.6149 -0.36196
vn -0 -0 1
vn -0.1822 0.91421 -0.36196
vn 0.88283 -0.29932 -0.36196
vn -0.70063 -0.6149 -0.36196
vn -0 -0 1
vn -0.1822 0.91421 -0.36196
vn 0.88283 -0.29932 -0.36196
vn -0.65626 -0.57596 -0.48744
vn -1E-05 -1E-05 1
vn -0.17066 0.85631 -0.48745
vn 0.82692 -0.28036 -0.48745
vn -0.70063 -0.6149 -0.36196
vn 0 -0 1
vn -0.1822 0.91421 -0.36196
vn 0.88283 -0.29932 -0.36196
vn -0.70063 -0.6149 -0.36196
vn 0 0 1
vn -0.1822 0.91421 -0.36196
vn 0.88283 -0.29932 -0.36196
vn -0.70063 -0.6149 -0.36196
vn 0 0 1
vn -0.1822 0.91421 -0.36196
vn 0.88283 -0.29932 -0.36196
vn -0.65626 -0.57596 -0.48744
vn -1E-05 -2E-05 1
vn -0.17067 0.85631 -0.48745
vn 0.82692 -0.28036 -0.48745
vn -0.70063 -0.6149 -0.36196
vn -0 0 1
vn -0.1822 0.91421 -0.36196
vn 0.88283 -0.29932 -0.36196
vn -0.70063 -0.6149 -0.36196
vn -0 0 1
vn -0.1822 0.91421 -0.36196
vn 0.88283 -0.29932 -0.36196
vn -0.70063 -0.6149 -0.36196
vn -0 0 1
vn -0.1822 0.91421 -0.36196
vn 0.88283 -0.29932 -0.36196
vn -0.65626 -0.57595 -0.48745
vn 0 -0 1
vn -0.17066 0.85631 -0.48745
vn 0.82692 -0.28036 -0.48744
vn -0.70063 -0.6149 -0.36196
vn -0 0 1
vn -0.1822 0.91421 -0.36196
vn 0.88283 -0.29932 -0.36196
vn -0.70063 -0.6149 -0.36196
vn -0 0 1
vn -0.1822 0.91421 -0.36196
vn 0.88283 -0.29932 -0.36196
vn -0.70063 -0.6149 -0.36196
vn -0 0 1
vn -0.1822 0.91421 -0.36196
vn 0.88283 -0.29932 -0.36196
vn -0.65626 -0.57595 -0.48745
vn 0 -0 1
vn -0.17066 0.85631 -0.48745
vn 0.82692 -0.28036 -0.48744
vn -0.00851 -0.93215 -0.36196
vn -0 0 1
vn -0.80301 0.47345 -0.36196
vn 0.81152 0.45871 -0.36196
vn -0.00851 -0.93215 -0.36196
vn 0 -0 1
vn -0.80301 0.47345 -0.36196
vn 0.81153 0.45871 -0.36196
vn -0.00851 -0.93215 -0.36196
vn 0 -0 1
vn -0.80301 0.47345 -0.36196
vn 0.81153 0.45871 -0.36196
vn -0.00797 -0.87312 -0.48744
vn -0 -0 1
vn -0.75215 0.44346 -0.48745
vn 0.76013 0.42965 -0.48745
vn -0.70063 -0.6149 -0.36196
vn -0 0 1
vn -0.1822 0.91421 -0.36196
vn 0.88283 -0.29932 -0.36196
vn -0.70063 -0.6149 -0.36196
vn -0 0 1
vn -0.1822 0.91421 -0.36196
vn 0.88283 -0.29932 -0.36196
vn -0.70063 -0.6149 -0.36196
vn -0 0 1
vn -0.1822 0.91421 -0.36196
vn 0.88283 -0.29932 -0.36196
vn -0.65626 -0.57595 -0.48745
vn 1E-05 0 1
vn -0.17066 0.85631 -0.48745
vn 0.82692 -0.28036 -0.48744
vn -0 0.93219 -0.36196
vn -0 0 1
vn 0.8073 -0.4661 -0.36196
vn -0.8073 -0.4661 -0.36196
vn -0 0.93219 -0.36196
vn -0 0 1
vn 0.8073 -0.4661 -0.36196
vn -0.8073 -0.4661 -0.36196
vn -0 0.93219 -0.36196
vn -0 0 1
vn 0.8073 -0.4661 -0.36196
vn -0.8073 -0.4661 -0.36196
vn -0 0.87315 -0.48744
vn -0 1E-05 1
vn 0.75617 -0.43658 -0.48745
vn -0.75617 -0.43658 -0.48745
usemtl mat0
f 117//117 118//118 119//119
f 119//119 118//118 120//120
f 120//120 118//118 117//117
f 117//117 119//119 120//120
f 133//133 134//134 135//135
f 135//135 134//134 136//136
f 136//136 134//134 133//133
f 133//133 135//135 136//136
f 149//149 150//150 151//151
f 151//151 150//150 152//152
f 152//152 150//150 149//149
f 149//149 151//151 152//152
f 165//165 166//166 167//167
f 167//167 166//166 168//168
f 168//168 166//166 165//165
f 165//165 167//167 168//168
f 181//181 182//182 183//183
f 183//183 182//182 184//184
f 184//184 182//182 181//181
f 181//181 183//183 184//184
f 197//197 198//198 199//199
f 199//199 198//198 200//200
f 200//200 198//198 197//197
f 197//197 199//199 200//200
f 213//213 214//214 215//215
f 215//215 214//214 216//216
f 216//216 214//214 213//213
f 213//213 215//215 216//216
f 229//229 230//230 231//231
f 231//231 230//230 232//232
f 232//232 230//230 229//229
f 229//229 231//231 232//232
usemtl mat1
f 105//105 106//106 107//107
f 107//107 106//106 108//108
f 108//108 106//106 105//105
f 105//105 107//107 108//108
f 109//109 110//110 111//111
f 111//111 110//110 112//112
f 112//112 110//110 109//109
f 109//109 111//111 112//112
f 113//113 114//114 115//115
f 115//115 114//114 116//116
f 116//116 114//114 113//113
f 113//113 115//115 116//116
f 121//121 122//122 123//123
f 123//123 122//122 124//124
f 124//124 122//122 121//121
f 121//121 123//123 124//124
f 125//125 126//126 127//127
f 127//127 126//126 128//128
f 128//128 126//126 125//125
f 125//125 127//127 128//128
f 129//129 130//130 131//131
f 131//131 130//130 132//132
f 132//132 130//130 129//129
f 129//129 131//131 132//132
f 137//137 138//138 139//139
f 139//139 138//138 140//140
f 140//140 138//138 137//137
f 137//137 139//139 140//140
f 141//141 142//142 143//143
f 143//143 142//142 144//144
f 144//144 142//142 141//141
f 141//141 143//143 144//144
f 145//145 146//146 147//147
f 147//147 146//146 148//148
f 148//148 146//146 145//145
f 145//145 147//147 148//148
f 153//153 154//154 155//155
f 155//155 154//154 156//156
f 156//156 154//154 153//153
f 153//153 155//155 156//156
f 157//157 158//158 159//159
f 159//159 158//158 160//160
f 160//160 158//158 157//157
f 157//157 159//159 160//160
f 161//161 162//162 163//163
f 163//163 162//162 164//164
f 164//164 162//162 161//161
f 161//161 163//163 164//164
f 169//169 170//170 171//171
f 171//171 170//170 172//172
f 172//172 170//170 169//169
f 169//169 171//171 172//172
f 173//173 174//174 175//175
f 175//175 174//174 176//176
f 176//176 174//174 173//173
f 173//173 175//175 176//176
f 177//177 178//178 179//179
f 179//179 178//178 180//180
f 180//180 178//178 177//177
f 177//177 179//179 180//180
f 185//185 186//186 187//187
f 187//187 186//186 188//188
f 188//188 186//186 185//185
f 185//185 187//187 188//188
f 189//189 190//190 191//191
f 191//191 190//190 192//192
f 192//192 190//190 189//189
f 189//189 191//191 192//192
f 193//193 194//194 195//195
f 195//195 194//194 196//196
f 196//196 194//194 193//193
f 193//193 195//195 196//196
f 201//201 202//202 203//203
f 203//203 202//202 204//204
f 204//204 202//202 201//201
f 201//201 203//203 204//204
f 205//205 206//206 207//207
f 207//207 206//206 208//208
f 208//208 206//206 205//205
f 205//205 207//207 208//208
f 209//209 210//210 211//211
f 211//211 210//210 212//212
f 212//212 210//210 209//209
f 209//209 211//211 212//212
f 217//217 218//218 219//219
f 219//219 218//218 220//220
f 220//220 218//218 217//217
f 217//217 219//219 220//220
f 221//221 222//222 223//223
f 223//223 222//222 224//224
f 224//224 222//222 221//221
f 221//221 223//223 224//224
f 225//225 226//226 227//227
f 227//227 226//226 228//228
f 228//228 226//226 225//225
f 225//225 227//227 228//228
# Vertices: 128, normals: 128, texture coordinates: 0, faces: 128

o obj7
v -0.32264566 -3.93191051 0
v -0.32264566 -4.26285076 0
v 0.00829422 -4.26285076 0
v -12.23648643 -1.28439021 0
v -11.90554619 -1.61533046 0
v -11.90554619 -1.28439021 0
v -1.64640582 -1.28439021 0
v -1.48093593 -1.44986033 0
v -1.31546581 -1.28439021 0
v -0.32264566 -2.60815096 0
v -0.32264566 -2.93909073 0
v 0.00829422 -2.93909073 0
v -1.64640582 -2.60815096 0
v -1.64640582 -2.93909073 0
v -1.31546581 -2.93909073 0
v 2.32487416 -3.93191051 0
v 2.32487416 -4.26285076 0
v 2.65581417 -4.26285076 0
v 2.32487416 -2.60815096 0
v 2.32487416 -2.93909073 0
v 2.65581417 -2.93909073 0
v 1.00111437 -2.60815096 0
v 1.33205414 -2.93909073 0
v 1.33205414 -2.60815096 0
v 2.65581417 -2.60815096 0
v 2.65581417 -3.93191051 0
v -1.31546581 -2.60815096 0
v 0.00829422 -2.60815096 0
v 0.00829422 -3.93191051 0
v 1.00111437 -2.93909073 0
v 6.29615498 -2.60815096 0
v 6.62709475 -2.93909073 0
v 6.62709475 -2.60815096 0
v 7.61991453 -2.60815096 0
v 7.95085478 -2.93909073 0
v 7.95085478 -2.60815096 0
v 7.61991453 -3.93191051 0
v 7.95085478 -4.26285076 0
v 7.95085478 -3.93191051 0
v 3.64863443 -2.60815096 0
v 3.9795742 -2.93909073 0
v 3.9795742 -2.60815096 0
v 3.64863443 -1.28439021 0
v 3.9795742 -1.61533046 0
v 3.9795742 -1.28439021 0
v 3.64863443 4.01065016 0.58716667
v 3.9795742 3.67970991 0.57582629
v 3.9795742 4.01065016 0.79397821
v -1.64640582 4.01065016 0.19351673
v -1.31546581 3.67970991 0.1616313
v -1.31546581 4.01065016 0.28755701
v -6.94144583 -1.28439021 0
v -6.61050606 -1.61533046 0
v -6.61050606 -1.28439021 0
v -6.94144583 4.01065016 2.15029311
v -6.61050606 3.67970991 1.82165122
v -6.61050606 4.01065016 2.01163459
v -12.23648643 4.01065016 0
v -11.90554619 3.67970991 0.0081351
v -11.90554619 4.01065016 0.05734224
v 4.97239447 -2.60815096 0
v 5.30333424 -2.93909073 0
v 5.30333424 -2.60815096 0
v 4.97239447 -3.93191051 0
v 5.30333424 -4.26285076 0
v 5.30333424 -3.93191051 0
v -9.58896637 -2.60815096 0
v -9.25802612 -2.93909073 0
v -9.25802612 -2.60815096 0
v -8.26520538 -2.60815096 0
v -7.93426609 -2.93909073 0
v -7.93426609 -2.60815096 0
v -8.26520538 -3.93191051 0
v -7.93426609 -4.26285076 0
v -7.93426609 -3.93191051 0
v -12.23648643 -2.60815096 0
v -11.90554619 -2.93909073 0
v -11.90554619 -2.60815096 0
v -10.91272545 -2.60815096 0
v -10.58178711 -2.93909073 0
v -10.58178711 -2.60815096 0
v -10.91272545 -3.93191051 0
v -10.58178711 -4.26285076 0
v -10.58178711 -3.93191051 0
v -4.29392624 -2.60815096 0
v -3.96298575 -2.93909073 0
v -3.96298575 -2.60815096 0
v -2.97016597 -2.60815096 0
v -2.80469584 -2.77362108 0
v -2.63922596 -2.60815096 0
v -2.97016597 -3.93191051 0
v -2.63922596 -4.26285076 0
v -2.63922596 -3.93191051 0
v -6.94144583 -2.60815096 0
v -6.61050606 -2.93909073 0
v -6.61050606 -2.60815096 0
v -5.61768627 -2.60815096 0
v -5.28674555 -2.93909073 0
v -5.28674555 -2.60815096 0
v -5.61768627 -3.93191051 0
v -5.28674555 -4.26285076 0
v -5.28674555 -3.93191051 0
v -9.58896637 5.33441067 1.24562407
v -9.25802612 5.00347042 1.80639648
v -9.25802612 5.33441067 1.47179127
v -8.26520538 5.33441067 2.15029311
v -7.93426609 5.00347042 2.15029311
v -7.93426609 5.33441067 1.92412579
v -8.26520538 4.01065016 3.48871398
v -7.93426609 3.67970991 2.92794156
v -7.93426609 4.01065016 3.15410876
v -9.58896637 7.9819293 0
v -9.25802612 7.65098906 0.05734245
v -9.25802612 7.9819293 0
v 1.00111437 -3.93191051 0
v 1.33205414 -4.26285076 0
v 1.33205414 -3.93191051 0
v -1.64640582 -3.93191051 0
v -1.31546581 -4.26285076 0
v -1.31546581 -3.93191051 0
v -1.64640582 -1.61533046 0
v 6.29615498 -3.93191051 0
v 6.62709475 -4.26285076 0
v 6.62709475 -3.93191051 0
v 3.64863443 -3.93191051 0
v 3.9795742 -4.26285076 0
v 3.9795742 -3.93191051 0
v -12.23648643 -1.61533046 0
v -9.58896637 -3.93191051 0
v -9.25802612 -4.26285076 0
v -9.25802612 -3.93191051 0
v -12.23648643 -3.93191051 0
v -11.90554619 -4.26285076 0
v -11.90554619 -3.93191051 0
v -4.29392624 -3.93191051 0
v -4.12845612 -4.09738064 0
v -3.96298575 -3.93191051 0
v -6.94144583 -3.93191051 0
v -6.61050606 -4.26285076 0
v -6.61050606 -3.93191051 0
v -9.58896637 4.01065016 2.15029311
v -9.25802612 3.67970991 2.15029311
v -9.25802612 4.01065016 2.48489833
v -9.58896637 6.65816975 0.03254068
v -9.25802612 6.32722998 0.56197876
v -9.25802612 6.65816975 0.08174796
v -12.23648643 6.65816975 0
v -11.90554619 6.32722998 0.0081351
v -11.90554619 6.65816975 0
v -4.29392624 4.01065016 2.25036073
v -3.96298575 3.67970991 1.88863993
v -3.96298575 4.01065016 2.03452706
v -4.29392624 6.65816975 0.14795274
v -3.96298575 6.32722998 0.31183398
v -3.96298575 6.65816975 0.11621208
v -6.94144583 6.65816975 0.03254068
v -6.61050606 6.32722998 0.2333369
v -6.61050606 6.65816975 0.02965303
v -4.29392624 -1.28439021 0
v -3.96298575 -1.61533046 0
v -3.96298575 -1.28439021 0
v -4.29392624 1.36313009 0.14795247
v -3.96298575 1.03219008 0.11096435
v -3.96298575 1.36313009 0.11621185
v -6.94144583 1.36313009 0.03254059
v -6.61050606 1.03219008 0.02440544
v -6.61050606 1.36313009 0.02965294
v -8.26520538 7.9819293 0
v -7.93426609 7.65098906 0.00813517
v -7.93426609 7.9819293 0
v 1.00111437 4.01065016 0.71682638
v 1.33205414 3.67970991 0.69749916
v 1.33205414 4.01065016 0.84362346
v 1.00111437 6.65816975 0.11739415
v 1.33205414 6.32722998 0.70568299
v 1.33205414 6.65816975 0.49238551
v -1.64640582 6.65816975 0.0487726
v -1.31546581 6.32722998 0.10548104
v -1.31546581 6.65816975 0.11838326
v 6.29615498 4.01065016 2.53923202
v 6.62709475 3.67970991 2.10528994
v 6.62709475 4.01065016 2.08984828
v 6.29615498 6.65816975 0.49201259
v 6.62709475 6.32722998 1.01325917
v 6.62709475 6.65816975 0.61721057
v 3.64863443 6.65816975 1.01080739
v 3.9795742 6.32722998 1.05266273
v 3.9795742 6.65816975 1.21161556
v 6.29615498 -1.28439021 0
v 6.62709475 -1.61533046 0
v 6.62709475 -1.28439021 0
v 6.29615498 1.36313009 0.40296239
v 6.62709475 1.03219008 0.3022218
v 6.62709475 1.36313009 0.38583866
v 3.64863443 1.36313009 0.11751499
v 3.9795742 1.03219008 0.08813625
v 3.9795742 1.36313009 0.17271803
v -8.26520538 6.65816975 0.2293698
v -7.93426609 6.32722998 0.48343337
v -7.93426609 6.65816975 0.18016252
v -12.23648643 7.9819293 0
v -11.90554619 7.65098906 0
v -11.90554619 7.9819293 0
v -10.91272545 7.9819293 0
v -10.58178711 7.65098906 0.00813517
v -10.58178711 7.9819293 0
v -10.91272545 6.65816975 0
v -10.58178711 6.32722998 0.31140602
v -10.58178711 6.65816975 0.00813517
v -4.29392624 5.33441067 1.38702548
v -3.96298575 5.00347042 1.38702559
v -3.96298575 5.33441067 1.24113846
v -2.97016597 5.33441067 0.80347776
v -2.63922596 5.00347042 0.65098751
v -2.63922596 5.33441067 0.65196204
v -2.97016597 4.01065016 1.38702571
v -2.63922596 3.67970991 1.04551685
v -2.63922596 4.01065016 1.08864856
v -4.29392624 7.9819293 0
v -3.96298575 7.65098906 0.00524752
v -3.96298575 7.9819293 0
v -2.97016573 7.9819293 0
v -2.63922596 7.65098906 0.01219315
v -2.63922596 7.9819293 0
v -2.97016597 6.65816975 0.0209901
v -2.63922596 6.32722998 0.06509633
v -2.63922596 6.65816975 0.02793572
v -6.94144583 7.9819293 0
v -6.61050606 7.65098906 0.00524752
v -6.61050606 7.9819293 0
v -5.61768627 7.9819293 0
v -5.28674555 7.65098906 0.03698818
v -5.28674555 7.9819293 0
v -5.61768627 6.65816975 0.0209901
v -5.28674555 6.32722998 0.36249891
v -5.28674555 6.65816975 0.05273076
v -4.29392624 0.0393703 0
v -3.96298575 -0.29156995 0
v -3.96298575 0.0393703 0
v -2.97016597 0.0393703 0
v -2.63922596 -0.29156995 0
v -2.63922596 0.0393703 0
v -2.97016597 -1.28439021 0
v -2.63922596 -1.61533046 0
v -2.63922596 -1.28439021 0
v -4.29392624 2.68688989 1.38702548
v -3.96298575 2.35594988 1.04551661
v -3.96298575 2.68688989 1.24113846
v -2.97016597 2.68688989 0.80347776
v -2.63922596 2.35594988 0.60260832
v -2.63922596 2.68688989 0.60785586
v -2.97016597 1.36313009 0.02098999
v -2.63922596 1.03219008 0.01574249
v -2.63922596 1.36313009 0.01574249
v -12.23648643 0.0393703 0
v -11.90554619 -0.29156995 0
v -11.90554619 0.0393703 0
v -10.91272545 0.0393703 0
v -10.58178711 -0.29156995 0
v -10.58178711 0.0393703 0
v -6.94144583 2.68688989 1.24562407
v -6.61050606 2.35594988 0.93946552
v -6.61050606 2.68688989 1.14314938
v -5.61768627 2.68688989 0.83572549
v -5.28674555 2.35594988 0.6637823
v -5.28674555 2.68688989 0.9735505
v -5.61768627 1.36313009 0.02098999
v -5.28674555 1.03219008 0.01574249
v -5.28674555 1.36313009 0.05273061
v 1.00111437 5.33441067 0.03375265
v 1.33205414 5.00347042 0.3313182
v 1.33205414 5.33441067 0.64295185
v 2.32487416 5.33441067 2.47054935
v 2.65581417 5.00347042 1.99970365
v 2.65581417 5.33441067 2.18543124
v 2.32487416 4.01065016 1.22401488
v 2.65581417 3.67970991 1.18383527
v 2.65581417 4.01065016 1.06480289
v 1.00111437 7.9819293 0.23276436
v 1.33205414 7.65098906 0.57891309
v 1.33205414 7.9819293 0.37941369
v 2.32487416 7.9819293 0.81936169
v 2.65581417 7.65098906 0.86722314
v 2.65581417 7.9819293 0.81734967
v 2.32487416 6.65816975 1.6173594
v 2.65581417 6.32722998 1.54553854
v 2.65581417 6.65816975 1.46572137
v -0.32264578 7.9819293 0.31702977
v -0.65358573 7.65098906 0.24996549
v -0.32264566 7.65098906 0.31957614
v 0.00829411 7.65098906 0.26712087
v 0.00829411 7.9819293 0.29596341
v -0.32264566 6.65816975 0.32721519
v 0.00829422 6.32722998 0.25384957
v 0.00829422 6.65816975 0.27475992
v 6.29615498 5.33441067 4.08662081
v 6.62709475 5.00347042 3.25038958
v 6.62709475 5.33441067 3.70921564
v -10.91272545 -1.28439021 0
v -10.58178711 -1.61533046 0
v -10.58178711 -1.28439021 0
v -1.64640582 0.0393703 0
v -1.31546581 -0.29156995 0
v -1.31546581 0.0393703 0
v 7.61991453 5.33441067 2.57699895
v 7.95085478 5.00347042 1.94387054
v 7.95085478 5.33441067 2.16152334
v -0.32264566 0.0393703 0
v -0.15717578 -0.12609959 0
v 0.00829422 0.0393703 0
v -0.32264566 -1.28439021 0
v 0.00829422 -1.61533046 0
v 0.00829422 -1.28439021 0
v 7.61991453 4.01065016 0.74169701
v 7.95085478 3.67970991 0.70103014
v 7.95085478 4.01065016 0.56739396
v 6.29615498 7.9819293 0.20450996
v 6.62709475 7.65098906 0.40158355
v 6.62709475 7.9819293 0.34430221
v 7.61991453 7.9819293 0.76367897
v 7.95085478 7.65098906 0.68171883
v 7.95085478 7.9819293 0.60950345
v 7.61991453 6.65816975 0.99280435
v 7.95085478 6.32722998 0.97337729
v 7.95085478 6.65816975 0.85356289
v 3.64863443 7.9819293 0.81131375
v 3.9795742 7.65098906 1.06199539
v 3.9795742 7.9819293 1.00256419
v 4.97239447 7.9819293 1.57631516
v 5.30333424 7.65098906 1.30523956
v 5.30333424 7.9819293 1.23336387
v 4.97239447 6.65816975 1.81404018
v 5.30333424 6.32722998 2.38218522
v 5.30333424 6.65816975 1.48353326
v 3.64863443 0.0393703 0
v 3.9795742 -0.29156995 0
v 3.9795742 0.0393703 0
v 4.97239447 0.0393703 0
v 5.30333424 -0.29156995 0
v 5.30333424 0.0393703 0
v 6.29615498 0.0393703 0
v 6.62709475 -0.29156995 0
v 6.62709475 0.0393703 0
v 7.61991453 0.0393703 0
v 7.95085478 -0.29156995 0
v 7.95085478 0.0393703 0
v 7.61991453 -1.28439021 0
v 7.95085478 -1.61533046 0
v 7.95085478 -1.28439021 0
v 6.29615498 2.68688989 0.22323258
v 6.62709475 2.35594988 0.25104129
v 6.62709475 2.68688989 0.36829039
v 7.61991453 2.68688989 0.80346394
v 7.95085478 2.35594988 0.60259795
v 7.95085478 2.68688989 0.74735534
v 7.61991453 1.36313009 0.33446741
v 7.95085478 1.03219008 0.25085056
v 7.95085478 1.36313009 0.25085056
v 3.64863443 2.68688989 1.06329691
v 3.9795742 2.35594988 0.88205445
v 3.9795742 2.68688989 0.93292397
v 4.97239447 2.68688989 0.54180539
v 5.30333424 2.35594988 0.50709468
v 5.30333424 2.68688989 0.46216223
v 4.97239447 1.36313009 0.33832714
v 5.30333424 1.03219008 0.25374538
v 5.30333424 1.36313009 0.35448596
v 1.00111437 0.0393703 0
v 1.33205414 -0.29156995 0
v 1.33205414 0.0393703 0
v 2.32487416 0.0393703 0
v 2.65581417 -0.29156995 0
v 2.65581417 0.0393703 0
v 2.32487416 -1.28439021 0
v 2.65581417 -1.61533046 0
v 2.65581417 -1.28439021 0
v 1.00111437 2.68688989 0.37902135
v 1.33205414 2.35594988 0.3128117
v 1.33205414 2.68688989 0.44414541
v 2.32487416 2.68688989 0.63951755
v 2.65581417 2.35594988 0.50901687
v 2.65581417 2.68688989 0.74546236
v 2.32487416 1.36313009 0.11418279
v 2.65581417 1.03219008 0.08563709
v 2.65581417 1.36313009 0.11501583
v -1.64640582 2.68688989 0.02098999
v -1.31546581 2.35594988 0.01574249
v -1.31546581 2.68688989 0.03223625
v -0.32264566 2.68688989 0.06597505
v 0.00829422 2.35594988 0.06180003
v 0.00829422 2.68688989 0.14423661
v -0.32264566 1.36313009 0
v 0.00829422 1.03219008 0
v 0.00829422 1.36313009 0.01231874
v -9.58896637 0.0393703 0
v -9.25802612 -0.29156995 0
v -9.25802612 0.0393703 0
v -8.26520538 0.0393703 0
v -7.93426609 -0.29156995 0
v -7.93426609 0.0393703 0
v -8.26520538 -1.28439021 0
v -7.93426609 -1.61533046 0
v -7.93426609 -1.28439021 0
v 1.00111437 -1.28439021 0
v 1.33205414 -1.61533046 0
v 1.33205414 -1.28439021 0
v 1.00111437 1.36313009 0.04927497
v 1.33205414 1.03219008 0.03695623
v 1.33205414 1.36313009 0.06550193
v -1.64640582 1.36313009 0
v -1.31546581 1.03219008 0
v -1.31546581 1.36313009 0
v 4.97239447 -1.28439021 0
v 5.30333424 -1.61533046 0
v 5.30333424 -1.28439021 0
v 3.64863443 5.33441067 1.3300761
v 3.9795742 5.00347042 1.35116029
v 3.9795742 5.33441067 1.29211414
v 4.97239447 5.33441067 1.17822838
v 5.30333424 5.00347042 1.51847935
v 5.30333424 5.33441067 1.90532649
v 4.97239447 4.01065016 1.41441286
v 5.30333424 3.67970991 1.1166178
v 5.30333424 4.01065016 1.69561779
v -1.64640582 5.33441067 0.19741499
v -1.31546581 5.00347042 0.2904807
v -1.31546581 5.33441067 0.21696284
v -0.32264566 5.33441067 0.27560636
v 0.00829422 5.00347042 0.38591138
v 0.00829422 5.33441067 0.21514294
v -0.32264566 4.01065016 0.56967777
v 0.00829422 3.67970991 0.52201372
v 0.00829422 4.01065016 0.60646492
v -6.94144583 0.0393703 0
v -6.61050606 -0.29156995 0
v -6.61050606 0.0393703 0
v -5.61768627 0.0393703 0
v -5.28674555 -0.29156995 0
v -5.28674555 0.0393703 0
v -9.58896637 -1.28439021 0
v -9.25802612 -1.61533046 0
v -9.25802612 -1.28439021 0
v -9.58896637 1.36313009 0.03254059
v -9.25802612 1.03219008 0.02440544
v -9.25802612 1.36313009 0.08174779
v -12.23648643 1.36313009 0
v -11.90554619 1.03219008 0
v -11.90554619 1.36313009 0
v -5.61768627 -1.28439021 0
v -5.28674555 -1.61533046 0
v -5.28674555 -1.28439021 0
v -6.94144583 5.33441067 1.24562407
v -6.61050606 5.00347042 1.33313262
v -6.61050606 5.33441067 1.14314938
v -5.61768627 5.33441067 0.83572549
v -5.28674555 5.00347042 1.18938422
v -5.28674555 5.33441067 0.9735505
v -5.61768627 4.01065016 1.59565878
v -5.28674555 3.67970991 1.54350042
v -5.28674555 4.01065016 1.75933421
v -12.23648643 5.33441067 0
v -11.90554619 5.00347042 0.05734224
v -11.90554619 5.33441067 0.0081351
v -10.91272545 5.33441067 0.03254042
v -10.58178711 5.00347042 0.56197858
v -10.58178711 5.33441067 0.33581132
v -10.91272545 4.01065016 0.22936895
v -10.58178711 3.67970991 0.48343274
v -10.58178711 4.01065016 0.70959997
v -9.58896637 2.68688989 1.24562407
v -9.25802612 2.35594988 0.99156034
v -9.25802612 2.68688989 1.47179127
v -8.26520538 2.68688989 2.15029311
v -7.93426609 2.35594988 1.62085497
v -7.93426609 2.68688989 1.92412579
v -8.26520538 1.36313009 0.22936939
v -7.93426609 1.03219008 0.17202704
v -7.93426609 1.36313009 0.18016218
v -12.23648643 2.68688989 0
v -11.90554619 2.35594988 0
v -11.90554619 2.68688989 0.0081351
v -10.91272545 2.68688989 0.03254042
v -10.58178711 2.35594988 0.03254046
v -10.58178711 2.68688989 0.33581132
v -10.91272545 1.36313009 0
v -10.58178711 1.03219008 0
v -10.58178711 1.36313009 0.00813515
v 6.29615498 -2.93909073 0
v 7.61991453 -2.93909073 0
v 7.61991453 -4.26285076 0
v 3.64863443 -2.93909073 0
v 3.64863443 -1.61533046 0
v 3.64863443 3.67970991 0.70619923
v -1.64640582 3.67970991 0.15038505
v -6.94144583 -1.61533046 0
v -6.94144583 3.67970991 1.92412579
v -12.23648643 3.67970991 0
v 4.97239447 -2.93909073 0
v 4.97239447 -4.26285076 0
v -9.58896637 -2.93909073 0
v -8.26520538 -2.93909073 0
v -8.26520538 -4.26285076 0
v -12.23648643 -2.93909073 0
v -10.91272545 -2.93909073 0
v -10.91272545 -4.26285076 0
v -4.29392624 -2.93909073 0
v -2.97016597 -2.93909073 0
v -2.97016597 -4.26285076 0
v -6.94144583 -2.93909073 0
v -5.61768627 -2.93909073 0
v -5.61768627 -4.26285076 0
v -9.58896637 5.00347042 1.47179127
v -8.26520538 5.00347042 2.48489833
v -8.26520538 3.67970991 3.15410876
v -9.58896637 7.65098906 0.00813517
v 1.00111437 -4.26285076 0
v -1.64640582 -4.26285076 0
v 6.29615498 -4.26285076 0
v 3.64863443 -4.26285076 0
v -9.58896637 -4.26285076 0
v -12.23648643 -4.26285076 0
v -4.29392624 -4.26285076 0
v -6.94144583 -4.26285076 0
v -9.58896637 3.67970991 1.92412579
v -9.58896637 6.32722998 0.33581153
v -12.23648643 6.32722998 0
v -4.29392624 3.67970991 2.03452706
v -4.29392624 6.32722998 0.45772091
v -6.94144583 6.32722998 0.33581153
v -4.29392624 -1.61533046 0
v -4.29392624 1.03219008 0.11096435
v -6.94144583 1.03219008 0.02440544
v -8.26520538 7.65098906 0.05734245
v 1.00111437 3.67970991 0.63237512
v 1.00111437 6.32722998 0.09648377
v -1.64640582 6.32722998 0.0859332
v 6.29615498 3.67970991 1.96023226
v 6.29615498 6.32722998 1.3906647
v 3.64863443 6.32722998 1.09062457
v 6.29615498 -1.61533046 0
v 6.29615498 1.03219008 0.3022218
v 3.64863443 1.03219008 0.08813625
v -8.26520538 6.32722998 0.70960063
v -12.23648643 7.65098906 0
v -10.91272545 7.65098906 0
v -10.91272545 6.32722998 0.0081351
v -4.29392624 5.00347042 1.60285926
v -2.97016597 5.00347042 0.94936466
v -2.97016597 3.67970991 1.2411387
v -4.29392624 7.65098906 0.03698818
v -2.97016597 7.65098906 0.00524752
v -2.97016597 6.32722998 0.21661201
v -6.94144583 7.65098906 0.00813517
v -5.61768627 7.65098906 0.00524752
v -5.61768627 6.32722998 0.22467396
v -4.29392624 -0.29156995 0
v -2.97016597 -0.29156995 0
v -2.97016597 -1.61533046 0
v -4.29392624 2.35594988 1.07725728
v -2.97016597 2.35594988 0.60785586
v -2.97016597 1.03219008 0.01574249
v -12.23648643 -0.29156995 0
v -10.91272545 -0.29156995 0
v -6.94144583 2.35594988 0.94235313
v -5.61768627 2.35594988 0.63204163
v -5.61768627 1.03219008 0.01574249
v 1.00111437 5.00347042 0.20452107
v 2.32487416 5.00347042 2.15891576
v 2.32487416 3.67970991 1.07789052
v 1.00111437 7.65098906 0.20392179
v 2.32487416 7.65098906 1.01886117
v 2.32487416 6.32722998 1.83065689
v -0.65358573 7.9819293 0.23777235
v -0.32264566 6.32722998 0.31431299
v 6.29615498 5.00347042 3.69977355
v -10.91272545 -1.61533046 0
v -1.64640582 -0.29156995 0
v 7.61991453 5.00347042 2.1181736
v -0.32264566 -0.29156995 0
v -0.32264566 -1.61533046 0
v 7.61991453 3.67970991 0.75713873
v 6.29615498 7.65098906 0.27638564
v 7.61991453 7.65098906 0.82096028
v 7.61991453 6.32722998 1.38885295
v 3.64863443 7.65098906 0.8611871
v 4.97239447 7.65098906 1.6357466
v 4.97239447 6.32722998 1.65508735
v 3.64863443 -0.29156995 0
v 4.97239447 -0.29156995 0
v 6.29615498 -0.29156995 0
v 7.61991453 -0.29156995 0
v 7.61991453 -1.61533046 0
v 6.29615498 2.35594988 0.26816502
v 7.61991453 2.35594988 0.6862148
v 7.61991453 1.03219008 0.25085056
v 3.64863443 2.35594988 0.82685143
v 4.97239447 2.35594988 0.49093586
v 4.97239447 1.03219008 0.25374538
v 1.00111437 -0.29156995 0
v 2.32487416 -0.29156995 0
v 2.32487416 -1.61533046 0
v 1.00111437 2.35594988 0.29658476
v 2.32487416 2.35594988 0.50818384
v 2.32487416 1.03219008 0.08563709
v -1.64640582 2.35594988 0.01574249
v -0.32264566 2.35594988 0.04948129
v -0.32264566 1.03219008 0
v -9.58896637 -0.29156995 0
v -8.26520538 -0.29156995 0
v -8.26520538 -1.61533046 0
v 1.00111437 -1.61533046 0
v 1.00111437 1.03219008 0.03695623
v -1.64640582 1.03219008 0
v 4.97239447 -1.61533046 0
v 3.64863443 5.00347042 1.14434862
v 4.97239447 5.00347042 1.23727441
v 4.97239447 3.67970991 1.19626105
v -1.64640582 5.00347042 0.19644043
v -0.32264566 5.00347042 0.34912422
v -0.32264566 3.67970991 0.44375208
v -6.94144583 -0.29156995 0
v -5.61768627 -0.29156995 0
v -9.58896637 -1.61533046 0
v -9.58896637 1.03219008 0.02440544
v -12.23648643 1.03219008 0
v -5.61768627 -1.61533046 0
v -6.94144583 5.00347042 1.47179127
v -5.61768627 5.00347042 1.02570891
v -5.61768627 3.67970991 1.40567553
v -12.23648643 5.00347042 0
v -10.91272545 5.00347042 0.08174755
v -10.91272545 3.67970991 0.18016182
v -9.58896637 2.35594988 0.94235313
v -8.26520538 2.35594988 1.67006218
v -8.26520538 1.03219008 0.17202704
v -12.23648643 2.35594988 0
v -10.91272545 2.35594988 0.02440532
v -10.91272545 1.03219008 0
v -10.25084686 0.7012502 0
v -10.25084686 0.37031031 0
v -9.91990662 0.37031031 0
v -10.58178711 0.7012502 0
v -10.91272545 0.7012502 0
v -10.91272545 0.37031031 0
v -10.58178711 0.37031031 0
v -10.25084686 2.02501011 0.0325405
v -10.25084686 1.6940701 0.0244054
v -9.91990662 1.6940701 0.03254055
v -10.58178711 2.02501011 0.02440536
v -10.91272545 2.02501011 0.01627021
v -10.91272545 1.6940701 0.0081351
v -10.58178711 1.6940701 0.01627025
v -11.57460594 2.02501011 0
v -11.57460594 1.6940701 0
v -11.2436657 1.6940701 0
v -11.90554619 2.02501011 0
v -12.23648643 2.02501011 0
v -12.23648643 1.6940701 0
v -11.90554619 1.6940701 0
v -7.60332584 0.7012502 0.11468469
v -7.60332584 0.37031031 0.05734235
v -7.2723856 0.37031031 0.05734235
v -7.93426609 0.7012502 0.11468469
v -8.26520538 0.7012502 0.11468469
v -8.26520538 0.37031031 0.05734235
v -7.93426609 0.37031031 0.05734235
v -7.60332584 2.02501011 1.09141684
v -7.60332584 1.6940701 0.61118597
v -7.2723856 1.6940701 0.5619787
v -7.93426609 2.02501011 1.14062405
v -8.26520538 2.02501011 1.18983126
v -8.26520538 1.6940701 0.70960033
v -7.93426609 1.6940701 0.66039312
v -8.92708588 2.02501011 0.73749673
v -8.92708588 1.6940701 0.43422586
v -8.59614563 1.6940701 0.48343304
v -9.25802612 2.02501011 0.68828952
v -9.58896637 2.02501011 0.63908231
v -9.58896637 1.6940701 0.33581144
v -9.25802612 1.6940701 0.38501865
v -10.25084686 3.34877014 0.7374965
v -10.25084686 3.0178299 0.68828934
v -9.91990662 3.0178299 0.99156034
v -10.58178711 3.34877014 0.43422562
v -10.91272545 3.34877014 0.13095468
v -10.91272545 3.0178299 0.08174755
v -10.58178711 3.0178299 0.38501844
v -10.25084686 4.67253017 1.09141672
v -10.25084686 4.34158993 1.14062381
v -9.91990662 4.34158993 1.62085497
v -10.58178711 4.67253017 0.61118573
v -10.91272545 4.67253017 0.13095468
v -10.91272545 4.34158993 0.18016182
v -10.58178711 4.34158993 0.66039288
v -11.57460594 4.67253017 0.11468448
v -11.57460594 4.34158993 0.11468448
v -11.2436657 4.34158993 0.17202672
v -11.90554619 4.67253017 0.05734224
v -12.23648643 4.67253017 0
v -12.23648643 4.34158993 0
v -11.90554619 4.34158993 0.05734224
v -4.95580578 3.34877014 1.49134207
v -4.95580578 3.0178299 1.30135882
v -4.62486601 3.0178299 1.43918383
v -5.28674555 3.34877014 1.35351706
v -5.61768627 3.34877014 1.21569216
v -5.61768627 3.0178299 1.02570891
v -5.28674555 3.0178299 1.16353381
v -4.95580578 4.67253017 1.54304302
v -4.95580578 4.34158993 1.73302639
v -4.62486601 4.34158993 1.89670193
v -5.28674555 4.67253017 1.37936771
v -5.61768627 4.67253017 1.21569216
v -5.61768627 4.34158993 1.40567553
v -5.28674555 4.34158993 1.56935096
v -6.27956581 4.67253017 1.42064142
v -6.27956581 4.34158993 1.64680862
v -5.94862604 4.34158993 1.5081501
v -6.61050606 4.67253017 1.55929995
v -6.94144583 4.67253017 1.69795859
v -6.94144583 4.34158993 1.92412579
v -6.61050606 4.34158993 1.78546727
v -4.95580578 -1.94627047 0
v -4.95580578 -2.27721071 0
v -4.62486601 -2.27721071 0
v -5.28674555 -1.94627047 0
v -5.61768627 -1.94627047 0
v -5.61768627 -2.27721071 0
v -5.28674555 -2.27721071 0
v -11.57460594 0.7012502 0
v -11.57460594 0.37031031 0
v -11.2436657 0.37031031 0
v -11.90554619 0.7012502 0
v -12.23648643 0.7012502 0
v -12.23648643 0.37031031 0
v -11.90554619 0.37031031 0
v -8.92708588 0.7012502 0.01627029
v -8.92708588 0.37031031 0.00813515
v -8.59614563 0.37031031 0.00813515
v -9.25802612 0.7012502 0.01627029
v -9.58896637 0.7012502 0.01627029
v -9.58896637 0.37031031 0.00813515
v -9.25802612 0.37031031 0.00813515
v -8.92708588 -1.94627047 0
v -8.92708588 -2.27721071 0
v -8.59614563 -2.27721071 0
v -9.25802612 -1.94627047 0
v -9.58896637 -1.94627047 0
v -9.58896637 -2.27721071 0
v -9.25802612 -2.27721071 0
v -4.95580578 -0.62250996 0
v -4.95580578 -0.95344996 0
v -4.62486601 -0.95344996 0
v -5.28674555 -0.62250996 0
v -5.61768627 -0.62250996 0
v -5.61768627 -0.95344996 0
v -5.28674555 -0.95344996 0
v -6.27956581 -0.62250996 0
v -6.27956581 -0.95344996 0
v -5.94862604 -0.95344996 0
v -6.61050606 -0.62250996 0
v -6.94144583 -0.62250996 0
v -6.94144583 -0.95344996 0
v -6.61050606 -0.95344996 0
v 0.33923423 3.34877014 0.47434956
v 0.33923423 3.0178299 0.34842387
v 0.67017436 3.0178299 0.42668545
v 0.00829422 3.34877014 0.39608797
v -0.32264566 3.34877014 0.31782639
v -0.32264566 3.0178299 0.19190073
v 0.00829422 3.0178299 0.27016228
v 0.33923423 4.67253017 0.49621636
v 0.33923423 4.34158993 0.56973422
v 0.67017436 4.34158993 0.60652131
v 0.00829422 4.67253017 0.4594292
v -0.32264566 4.67253017 0.42264208
v -0.32264566 4.34158993 0.49615994
v 0.00829422 4.34158993 0.53294706
v -0.98452574 4.67253017 0.38354638
v -0.98452574 4.34158993 0.38257182
v -0.65358573 4.34158993 0.47661209
v -1.31546581 4.67253017 0.28950614
v -1.64640582 4.67253017 0.19546588
v -1.64640582 4.34158993 0.1944913
v -1.31546581 4.34158993 0.28853157
v 5.63427401 3.34877014 0.81882274
v 5.63427401 3.0178299 0.60067081
v 5.96521473 3.0178299 0.52102762
v 5.30333424 3.34877014 0.89846593
v 4.97239447 3.34877014 0.97810912
v 4.97239447 3.0178299 0.75995725
v 5.30333424 3.0178299 0.680314
v 5.63427401 4.67253017 1.8587302
v 5.63427401 4.34158993 1.91777635
v 5.96521473 4.34158993 2.19898105
v 5.30333424 4.67253017 1.57752538
v 4.97239447 4.67253017 1.29632068
v 4.97239447 4.34158993 1.35536683
v 5.30333424 4.34158993 1.63657165
v 4.31051445 4.67253017 1.37224448
v 4.31051445 4.34158993 1.18651712
v 4.6414547 4.34158993 1.39332867
v 3.9795742 4.67253017 1.16543293
v 3.64863443 4.67253017 0.95862132
v 3.64863443 4.34158993 0.77289397
v 3.9795742 4.34158993 0.97970557
v 5.63427401 -1.94627047 0
v 5.63427401 -2.27721071 0
v 5.96521473 -2.27721071 0
v 5.30333424 -1.94627047 0
v 4.97239447 -1.94627047 0
v 4.97239447 -2.27721071 0
v 5.30333424 -2.27721071 0
v -0.98452574 0.7012502 0
v -0.98452574 0.37031031 0
v -0.65358573 0.37031031 0
v -1.31546581 0.7012502 0
v -1.64640582 0.7012502 0
v -1.64640582 0.37031031 0
v -1.31546581 0.37031031 0
v 1.66299415 0.7012502 0.02463748
v 1.66299415 0.37031031 0.01231874
v 1.99393415 0.37031031 0.01231874
v 1.33205414 0.7012502 0.02463748
v 1.00111437 0.7012502 0.02463748
v 1.00111437 0.37031031 0.01231874
v 1.33205414 0.37031031 0.01231874
v 1.66299415 -1.94627047 0
v 1.66299415 -2.27721071 0
v 1.99393415 -2.27721071 0
v 1.33205414 -1.94627047 0
v 1.00111437 -1.94627047 0
v 1.00111437 -2.27721071 0
v 1.33205414 -2.27721071 0
v -7.60332584 -1.94627047 0
v -7.60332584 -2.27721071 0
v -7.2723856 -2.27721071 0
v -7.93426609 -1.94627047 0
v -8.26520538 -1.94627047 0
v -8.26520538 -2.27721071 0
v -7.93426609 -2.27721071 0
v -7.60332584 -0.62250996 0
v -7.60332584 -0.95344996 0
v -7.2723856 -0.95344996 0
v -7.93426609 -0.62250996 0
v -8.26520538 -0.62250996 0
v -8.26520538 -0.95344996 0
v -7.93426609 -0.95344996 0
v -8.92708588 -0.62250996 0
v -8.92708588 -0.95344996 0
v -8.59614563 -0.95344996 0
v -9.25802612 -0.62250996 0
v -9.58896637 -0.62250996 0
v -9.58896637 -0.95344996 0
v -9.25802612 -0.95344996 0
v 0.33923423 0.7012502 0
v 0.33923423 0.37031031 0
v 0.67017436 0.37031031 0
v 0.00829422 0.7012502 0
v -0.32264566 0.7012502 0
v -0.32264566 0.37031031 0
v 0.00829422 0.37031031 0
v 0.33923423 2.02501011 0.05762501
v 0.33923423 1.6940701 0.04113125
v 0.67017436 1.6940701 0.05344999
v 0.00829422 2.02501011 0.04530627
v -0.32264566 2.02501011 0.03298752
v -0.32264566 1.6940701 0.01649376
v 0.00829422 1.6940701 0.02881251
v -0.98452574 2.02501011 0.01049499
v -0.98452574 1.6940701 0.0052475
v -0.65358573 1.6940701 0.0052475
v -1.31546581 2.02501011 0.01049499
v -1.64640582 2.02501011 0.01049499
v -1.64640582 1.6940701 0.0052475
v -1.31546581 1.6940701 0.0052475
v 2.98675442 0.7012502 0.0570914
v 2.98675442 0.37031031 0.0285457
v 3.31769466 0.37031031 0.0285457
v 2.65581417 0.7012502 0.0570914
v 2.32487416 0.7012502 0.0570914
v 2.32487416 0.37031031 0.0285457
v 2.65581417 0.37031031 0.0285457
v 2.98675442 2.02501011 0.37851629
v 2.98675442 1.6940701 0.24718261
v 3.31769466 1.6940701 0.24801563
v 2.65581417 2.02501011 0.37768322
v 2.32487416 2.02501011 0.37685019
v 2.32487416 1.6940701 0.24551649
v 2.65581417 1.6940701 0.24634953
v 1.66299415 2.02501011 0.24660204
v 1.66299415 1.6940701 0.16416545
v 1.99393415 1.6940701 0.18039243
v 1.33205414 2.02501011 0.23037511
v 1.00111437 2.02501011 0.21414815
v 1.00111437 1.6940701 0.13171156
v 1.33205414 1.6940701 0.14793852
v 2.98675442 -1.94627047 0
v 2.98675442 -2.27721071 0
v 3.31769466 -2.27721071 0
v 2.65581417 -1.94627047 0
v 2.32487416 -1.94627047 0
v 2.32487416 -2.27721071 0
v 2.65581417 -2.27721071 0
v 2.98675442 -0.62250996 0
v 2.98675442 -0.95344996 0
v 3.31769466 -0.95344996 0
v 2.65581417 -0.62250996 0
v 2.32487416 -0.62250996 0
v 2.32487416 -0.95344996 0
v 2.65581417 -0.95344996 0
v 1.66299415 -0.62250996 0
v 1.66299415 -0.95344996 0
v 1.99393415 -0.95344996 0
v 1.33205414 -0.62250996 0
v 1.00111437 -0.62250996 0
v 1.00111437 -0.95344996 0
v 1.33205414 -0.95344996 0
v 5.63427401 0.7012502 0.16916357
v 5.63427401 0.37031031 0.08458178
v 5.96521473 0.37031031 0.08458178
v 5.30333424 0.7012502 0.16916357
v 4.97239447 0.7012502 0.16916357
v 4.97239447 0.37031031 0.08458178
v 5.30333424 0.37031031 0.08458178
v 5.63427401 2.02501011 0.47238389
v 5.63427401 1.6940701 0.42151433
v 5.96521473 1.6940701 0.43767315
v 5.30333424 2.02501011 0.45622507
v 4.97239447 2.02501011 0.44006625
v 4.97239447 1.6940701 0.38919672
v 5.30333424 1.6940701 0.40535551
v 4.31051445 2.02501011 0.70081198
v 4.31051445 1.6940701 0.46436656
v 4.6414547 1.6940701 0.51956958
v 3.9795742 2.02501011 0.64560896
v 3.64863443 2.02501011 0.59040594
v 3.64863443 1.6940701 0.35396045
v 3.9795742 1.6940701 0.40916348
v 8.2817955 0.7012502 0.16723371
v 8.2817955 0.37031031 0.08361685
v 8.61273384 0.37031031 0.08361685
v 7.95085478 0.7012502 0.16723371
v 7.61991453 0.7012502 0.16723371
v 7.61991453 0.37031031 0.08361685
v 7.95085478 0.37031031 0.08361685
v 8.2817955 2.02501011 0.40173197
v 8.2817955 1.6940701 0.28448284
v 8.61273384 1.6940701 0.20086598
v 7.95085478 2.02501011 0.48534879
v 7.61991453 2.02501011 0.56896567
v 7.61991453 1.6940701 0.45171654
v 7.95085478 1.6940701 0.36809966
v 6.95803499 2.02501011 0.27884999
v 6.95803499 1.6940701 0.32378244
v 7.28897524 1.6940701 0.30665869
v 6.62709475 2.02501011 0.29597375
v 6.29615498 2.02501011 0.31309748
v 6.29615498 1.6940701 0.35802993
v 6.62709475 1.6940701 0.3409062
v 8.2817955 -1.94627047 0
v 8.2817955 -2.27721071 0
v 8.61273384 -2.27721071 0
v 7.95085478 -1.94627047 0
v 7.61991453 -1.94627047 0
v 7.61991453 -2.27721071 0
v 7.95085478 -2.27721071 0
v 8.2817955 -0.62250996 0
v 8.2817955 -0.95344996 0
v 8.61273384 -0.95344996 0
v 7.95085478 -0.62250996 0
v 7.61991453 -0.62250996 0
v 7.61991453 -0.95344996 0
v 7.95085478 -0.95344996 0
v 6.95803499 -0.62250996 0
v 6.95803499 -0.95344996 0
v 7.28897524 -0.95344996 0
v 6.62709475 -0.62250996 0
v 6.29615498 -0.62250996 0
v 6.29615498 -0.95344996 0
v 6.62709475 -0.95344996 0
v 5.63427401 -0.62250996 0
v 5.63427401 -0.95344996 0
v 5.96521473 -0.95344996 0
v 5.30333424 -0.62250996 0
v 4.97239447 -0.62250996 0
v 4.97239447 -0.95344996 0
v 5.30333424 -0.95344996 0
v 4.31051445 -0.62250996 0
v 4.31051445 -0.95344996 0
v 4.6414547 -0.95344996 0
v 3.9795742 -0.62250996 0
v 3.64863443 -0.62250996 0
v 3.64863443 -0.95344996 0
v 3.9795742 -0.95344996 0
v 5.63427401 5.99629021 2.9503305
v 5.63427401 5.66534996 2.79137731
v 5.96521473 5.66534996 3.51847577
v 5.30333424 5.99629021 2.22323227
v 4.97239447 5.99629021 1.49613428
v 4.97239447 5.66534996 1.33718133
v 5.30333424 5.66534996 2.06427932
v 5.63427401 7.32004929 1.03416395
v 5.63427401 6.98910952 1.09359515
v 5.96521473 6.98910952 0.76308829
v 5.30333424 7.32004929 1.36467087
v 4.97239447 7.32004929 1.69517779
v 4.97239447 6.98910952 1.75460899
v 5.30333424 6.98910952 1.42410207
v 4.31051445 7.32004929 1.31267703
v 4.31051445 6.98910952 1.36255038
v 4.6414547 6.98910952 1.56335855
v 3.9795742 7.32004929 1.11186874
v 3.64863443 7.32004929 0.91106051
v 3.64863443 6.98910952 0.96093386
v 3.9795742 6.98910952 1.16174209
v 8.2817955 5.99629021 0.95395029
v 8.2817955 5.66534996 1.34999907
v 8.61273384 5.66534996 0.93452328
v 7.95085478 5.99629021 1.36942589
v 7.61991453 5.99629021 1.78490162
v 7.61991453 5.66534996 2.1809504
v 7.95085478 5.66534996 1.76547468
v 8.2817955 7.32004929 0.59975874
v 8.2817955 6.98910952 0.65704012
v 8.61273384 6.98910952 0.51779866
v 7.95085478 7.32004929 0.7390002
v 7.61991453 7.32004929 0.87824166
v 7.61991453 6.98910952 0.93552303
v 7.95085478 6.98910952 0.79628158
v 6.95803499 7.32004929 0.59865719
v 6.95803499 6.98910952 0.67053282
v 7.28897524 6.98910952 0.79573077
v 6.62709475 7.32004929 0.47345921
v 6.29615498 7.32004929 0.3482613
v 6.29615498 6.98910952 0.42013696
v 6.62709475 6.98910952 0.54533488
v 8.2817955 3.34877014 0.66036326
v 8.2817955 3.0178299 0.67580503
v 8.61273384 3.0178299 0.6196965
v 7.95085478 3.34877014 0.71647185
v 7.61991453 3.34877014 0.77258044
v 7.61991453 3.0178299 0.78802222
v 7.95085478 3.0178299 0.73191363
v 0.33923423 -1.94627047 0
v 0.33923423 -2.27721071 0
v 0.67017436 -2.27721071 0
v 0.00829422 -1.94627047 0
v -0.32264566 -1.94627047 0
v -0.32264566 -2.27721071 0
v 0.00829422 -2.27721071 0
v 0.33923423 -0.62250996 0
v 0.33923423 -0.95344996 0
v 0.67017436 -0.95344996 0
v 0.00829422 -0.62250996 0
v -0.32264566 -0.62250996 0
v -0.32264566 -0.95344996 0
v 0.00829422 -0.95344996 0
v 8.2817955 4.67253017 1.3107419
v 8.2817955 4.34158993 0.85191631
v 8.61273384 4.34158993 0.67761326
v 7.95085478 4.67253017 1.48504496
v 7.61991453 4.67253017 1.65934801
v 7.61991453 4.34158993 1.20052242
v 7.95085478 4.34158993 1.02621937
v -0.98452574 -0.62250996 0
v -0.98452574 -0.95344996 0
v -0.8190558 -0.78798008 0
v -1.31546581 -0.62250996 0
v -1.64640582 -0.62250996 0
v -1.64640582 -0.95344996 0
v -1.31546581 -0.95344996 0
v -10.25084686 -1.94627047 0
v -10.25084686 -2.27721071 0
v -9.91990662 -2.27721071 0
v -10.58178711 -1.94627047 0
v -10.91272545 -1.94627047 0
v -10.91272545 -2.27721071 0
v -10.58178711 -2.27721071 0
v 6.95803499 4.67253017 2.41415882
v 6.95803499 4.34158993 2.02731156
v 7.28897524 4.34158993 1.57792795
v 6.62709475 4.67253017 2.86354256
v 6.29615498 4.67253017 3.31292629
v 6.29615498 4.34158993 2.92607903
v 6.62709475 4.34158993 2.47669554
v 0.33923423 5.99629021 0.18048392
v 0.33923423 5.66534996 0.16758171
v 0.67017436 5.66534996 0.10711829
v 0.00829422 5.99629021 0.24094735
v -0.32264566 5.99629021 0.30141079
v -0.32264566 5.66534996 0.28850859
v 0.00829422 5.66534996 0.22804515
v 0.33923423 7.32004929 0.21721196
v 0.33923423 6.98910952 0.21975832
v 0.67017436 6.98910952 0.16730306
v 0.00829422 7.32004929 0.26966724
v -0.32264566 7.32004929 0.32212248
v -0.32264566 6.98910952 0.32466882
v 0.00829422 6.98910952 0.27221358
v -0.9845258 7.32004929 0.18290119
v -1.31546581 7.32004929 0.10364375
v -1.31546581 6.98910952 0.1158369
v -0.9845258 7.65098906 0.17070805
v -0.9845258 7.9819293 0.15851489
v -1.31546581 7.9819293 0.07925744
v -1.31546581 7.65098906 0.09145059
v 2.98675442 5.99629021 1.47371781
v 2.98675442 5.66534996 1.6870153
v 3.31769466 5.66534996 1.40189695
v 2.65581417 5.99629021 1.75883603
v 2.32487416 5.99629021 2.04395437
v 2.32487416 5.66534996 2.25725198
v 2.65581417 5.66534996 1.9721334
v 2.98675442 7.32004929 0.91508454
v 2.98675442 6.98910952 1.11458397
v 3.31769466 6.98910952 0.96294594
v 2.65581417 7.32004929 1.06672251
v 2.32487416 7.32004929 1.21836054
v 2.32487416 6.98910952 1.41786003
v 2.65581417 6.98910952 1.266222
v 1.66299415 7.32004929 0.92506182
v 1.66299415 6.98910952 0.89621931
v 1.99393415 6.98910952 1.27121055
v 1.33205414 7.32004929 0.55007052
v 1.00111437 7.32004929 0.17507926
v 1.00111437 6.98910952 0.1462367
v 1.33205414 6.98910952 0.52122802
v 2.98675442 3.34877014 1.14365578
v 2.98675442 3.0178299 0.99753147
v 3.31769466 3.0178299 1.10347629
v 2.65581417 3.34877014 1.03771091
v 2.32487416 3.34877014 0.93176621
v 2.32487416 3.0178299 0.78564191
v 2.65581417 3.0178299 0.89158666
v 2.98675442 4.67253017 1.52885807
v 2.98675442 4.34158993 1.21722436
v 3.31769466 4.34158993 1.05801237
v 2.65581417 4.67253017 1.68807006
v 2.32487416 4.67253017 1.84728205
v 2.32487416 4.34158993 1.53564847
v 2.65581417 4.34158993 1.37643635
v 1.66299415 4.67253017 0.62888372
v 1.66299415 4.34158993 0.79965216
v 1.99393415 4.34158993 0.92644924
v 1.33205414 4.67253017 0.50208664
v 1.00111437 4.67253017 0.3752895
v 1.00111437 4.34158993 0.54605794
v 1.33205414 4.34158993 0.67285508
v -4.95580578 0.7012502 0.01049499
v -4.95580578 0.37031031 0.0052475
v -4.62486601 0.37031031 0.0052475
v -5.28674555 0.7012502 0.01049499
v -5.61768627 0.7012502 0.01049499
v -5.61768627 0.37031031 0.0052475
v -5.28674555 0.37031031 0.0052475
v -4.95580578 2.02501011 0.49183902
v -4.95580578 1.6940701 0.28815514
v -4.62486601 1.6940701 0.31989574
v -5.28674555 2.02501011 0.46009836
v -5.61768627 2.02501011 0.42835775
v -5.61768627 1.6940701 0.22467388
v -5.28674555 1.6940701 0.25641447
v -6.27956581 2.02501011 0.63330704
v -6.27956581 1.6940701 0.33003619
v -5.94862604 1.6940701 0.32714853
v -6.61050606 2.02501011 0.63619465
v -6.94144583 2.02501011 0.63908231
v -6.94144583 1.6940701 0.33581144
v -6.61050606 1.6940701 0.3329238
v -10.25084686 -0.62250996 0
v -10.25084686 -0.95344996 0
v -9.91990662 -0.95344996 0
v -10.58178711 -0.62250996 0
v -10.91272545 -0.62250996 0
v -10.91272545 -0.95344996 0
v -10.58178711 -0.95344996 0
v -11.57460594 -0.62250996 0
v -11.57460594 -0.95344996 0
v -11.2436657 -0.95344996 0
v -11.90554619 -0.62250996 0
v -12.23648643 -0.62250996 0
v -12.23648643 -0.95344996 0
v -11.90554619 -0.95344996 0
v -2.30828571 0.7012502 0.01049499
v -2.30828571 0.37031031 0.0052475
v -1.97734582 0.37031031 0.0052475
v -2.63922596 0.7012502 0.01049499
v -2.97016597 0.7012502 0.01049499
v -2.97016597 0.37031031 0.0052475
v -2.63922596 0.37031031 0.0052475
v -2.30828571 2.02501011 0.40173888
v -2.30828571 1.6940701 0.20611694
v -1.97734582 1.6940701 0.20086944
v -2.63922596 2.02501011 0.40698636
v -2.97016597 2.02501011 0.41223389
v -2.97016597 1.6940701 0.21661194
v -2.63922596 1.6940701 0.21136443
v -3.63204598 2.02501011 0.70400774
v -3.63204598 1.6940701 0.39423949
v -3.30110598 1.6940701 0.36249888
v -3.96298575 2.02501011 0.73574835
v -4.29392624 2.02501011 0.76748896
v -4.29392624 1.6940701 0.4577207
v -3.96298575 1.6940701 0.42598009
v -2.30828571 -1.94627047 0
v -2.30828571 -2.27721071 0
v -2.14281607 -2.11174035 0
v -2.63922596 -1.94627047 0
v -2.97016597 -1.94627047 0
v -2.97016597 -2.27721071 0
v -2.63922596 -2.27721071 0
v -2.30828571 -0.62250996 0
v -2.30828571 -0.95344996 0
v -1.97734582 -0.95344996 0
v -2.63922596 -0.62250996 0
v -2.97016597 -0.62250996 0
v -2.97016597 -0.95344996 0
v -2.63922596 -0.95344996 0
v -3.63204598 -0.62250996 0
v -3.63204598 -0.95344996 0
v -3.30110598 -0.95344996 0
v -3.96298575 -0.62250996 0
v -4.29392624 -0.62250996 0
v -4.29392624 -0.95344996 0
v -3.96298575 -0.95344996 0
v -4.95580578 5.99629021 0.70400774
v -4.95580578 5.66534996 0.90769166
v -4.62486601 5.66534996 1.04551661
v -5.28674555 5.99629021 0.56618279
v -5.61768627 5.99629021 0.42835781
v -5.61768627 5.66534996 0.63204163
v -5.28674555 5.66534996 0.76986665
v -4.95580578 7.32004929 0.07397637
v -4.95580578 6.98910952 0.07922389
v -4.62486601 6.98910952 0.11096456
v -5.28674555 7.32004929 0.04223571
v -5.61768627 7.32004929 0.01049505
v -5.61768627 6.98910952 0.01574257
v -5.28674555 6.98910952 0.04748323
v -6.27956581 7.32004929 0.01049505
v -6.27956581 6.98910952 0.01863022
v -5.94862604 6.98910952 0.01574257
v -6.61050606 7.32004929 0.01338269
v -6.94144583 7.32004929 0.01627034
v -6.94144583 6.98910952 0.0244055
v -6.61050606 6.98910952 0.02151786
v -2.30828571 5.99629021 0.10920255
v -2.30828571 5.66534996 0.30482444
v -1.97734582 5.66534996 0.15330876
v -2.63922596 5.99629021 0.26071823
v -2.97016597 5.99629021 0.41223392
v -2.97016597 5.66534996 0.60785586
v -2.63922596 5.66534996 0.45634013
v -2.30828571 7.32004929 0.0243863
v -2.30828571 6.98910952 0.02963383
v -1.97734582 6.98910952 0.03657945
v -2.63922596 7.32004929 0.01744067
v -2.97016597 7.32004929 0.01049505
v -2.97016597 6.98910952 0.01574257
v -2.63922596 6.98910952 0.0226882
v -3.63204598 7.32004929 0.01049505
v -3.63204598 6.98910952 0.04748323
v -3.30110598 6.98910952 0.01574257
v -3.96298575 7.32004929 0.04223571
v -4.29392624 7.32004929 0.07397637
v -4.29392624 6.98910952 0.11096456
v -3.96298575 6.98910952 0.07922389
v -2.30828571 3.34877014 0.70400792
v -2.30828571 3.0178299 0.55812085
v -1.97734582 3.0178299 0.36249894
v -2.63922596 3.34877014 0.89962977
v -2.97016597 3.34877014 1.09525168
v -2.97016597 3.0178299 0.94936466
v -2.63922596 3.0178299 0.75374275
v -2.30828571 4.67253017 0.49849725
v -2.30828571 4.34158993 0.64438426
v -1.97734582 4.34158993 0.34600699
v -2.63922596 4.67253017 0.79687446
v -2.97016597 4.67253017 1.09525168
v -2.97016597 4.34158993 1.2411387
v -2.63922596 4.34158993 0.94276148
v -3.63204598 4.67253017 1.38702559
v -3.63204598 4.34158993 1.60285938
v -3.30110598 4.34158993 1.38702559
v -3.96298575 4.67253017 1.60285938
v -4.29392624 4.67253017 1.81869316
v -4.29392624 4.34158993 2.03452706
v -3.96298575 4.34158993 1.81869316
v -10.25084686 5.99629021 0.62281203
v -10.25084686 5.66534996 0.63094711
v -9.91990662 5.66534996 0.93421805
v -10.58178711 5.99629021 0.31954113
v -10.91272545 5.99629021 0.01627021
v -10.91272545 5.66534996 0.02440532
v -10.58178711 5.66534996 0.32767621
v -10.25084686 7.32004929 0.01627034
v -10.25084686 6.98910952 0.01627034
v -9.91990662 6.98910952 0.0244055
v -10.58178711 7.32004929 0.00813517
v -10.91272545 7.32004929 0
v -10.91272545 6.98910952 0
v -10.58178711 6.98910952 0.00813517
v -11.57460594 7.32004929 0
v -11.57460594 6.98910952 0
v -11.2436657 6.98910952 0
v -11.90554619 7.32004929 0
v -12.23648643 7.32004929 0
v -12.23648643 6.98910952 0
v -11.90554619 6.98910952 0
v -7.60332584 5.99629021 0.73749691
v -7.60332584 5.66534996 1.21772778
v -7.2723856 5.66534996 0.99156052
v -7.93426609 5.99629021 0.96366423
v -8.26520538 5.99629021 1.18983138
v -8.26520538 5.66534996 1.67006218
v -7.93426609 5.66534996 1.44389498
v 4.31051445 0.7012502 0.0587575
v 4.31051445 0.37031031 0.02937875
v 4.6414547 0.37031031 0.02937875
v 3.9795742 0.7012502 0.0587575
v 3.64863443 0.7012502 0.0587575
v 3.64863443 0.37031031 0.02937875
v 3.9795742 0.37031031 0.02937875
v 6.95803499 0.7012502 0.20148119
v 6.95803499 0.37031031 0.1007406
v 7.28897524 0.37031031 0.1007406
v 6.62709475 0.7012502 0.20148119
v 6.29615498 0.7012502 0.20148119
v 6.29615498 0.37031031 0.1007406
v 6.62709475 0.37031031 0.1007406
v 6.95803499 -1.94627047 0
v 6.95803499 -2.27721071 0
v 7.28897524 -2.27721071 0
v 6.62709475 -1.94627047 0
v 6.29615498 -1.94627047 0
v 6.29615498 -2.27721071 0
v 6.62709475 -2.27721071 0
v 4.31051445 5.99629021 1.09451795
v 4.31051445 5.66534996 1.17433512
v 4.6414547 5.66534996 1.13637316
v 3.9795742 5.99629021 1.13247979
v 3.64863443 5.99629021 1.17044175
v 3.64863443 5.66534996 1.25025892
v 3.9795742 5.66534996 1.21229708
v 6.95803499 5.99629021 1.53450584
v 6.95803499 5.66534996 2.43315792
v 7.28897524 5.66534996 2.05575228
v 6.62709475 5.99629021 1.91191125
v 6.29615498 5.99629021 2.28931665
v 6.29615498 5.66534996 3.18796873
v 6.62709475 5.66534996 2.81056333
v 6.95803499 3.34877014 1.67134798
v 6.95803499 3.0178299 1.09234822
v 7.28897524 3.0178299 1.23740602
v 6.62709475 3.34877014 1.52629006
v 6.29615498 3.34877014 1.38123226
v 6.29615498 3.0178299 0.80223244
v 6.62709475 3.0178299 0.9472903
v -0.98452574 5.99629021 0.16218948
v -0.98452574 5.66534996 0.19935007
v -0.65358573 5.66534996 0.21889791
v -1.31546581 5.99629021 0.14264163
v -1.64640582 5.99629021 0.12309379
v -1.64640582 5.66534996 0.16025439
v -1.31546581 5.66534996 0.17980224
v 1.66299415 5.99629021 1.29397178
v 1.66299415 5.66534996 1.27306139
v 1.99393415 5.66534996 1.88226068
v 1.33205414 5.99629021 0.68477261
v 1.00111437 5.99629021 0.0755734
v 1.00111437 5.66534996 0.05466302
v 1.33205414 5.66534996 0.66386217
v 1.66299415 3.34877014 0.67817193
v 1.66299415 3.0178299 0.59372067
v 1.99393415 3.0178299 0.65884477
v 1.33205414 3.34877014 0.61304796
v 1.00111437 3.34877014 0.54792386
v 1.00111437 3.0178299 0.4634726
v 1.33205414 3.0178299 0.5285967
v -7.60332584 7.32004929 0.01627034
v -7.60332584 6.98910952 0.07361279
v -7.2723856 6.98910952 0.0244055
v -7.93426609 7.32004929 0.06547762
v -8.26520538 7.32004929 0.1146849
v -8.26520538 6.98910952 0.17202735
v -7.93426609 6.98910952 0.12282007
v -6.27956581 0.7012502 0.01627029
v -6.27956581 0.37031031 0.00813515
v -5.94862604 0.37031031 0.00813515
v -6.61050606 0.7012502 0.01627029
v -6.94144583 0.7012502 0.01627029
v -6.94144583 0.37031031 0.00813515
v -6.61050606 0.37031031 0.00813515
v -3.63204598 0.7012502 0.07397623
v -3.63204598 0.37031031 0.03698812
v -3.30110598 0.37031031 0.03698812
v -3.96298575 0.7012502 0.07397623
v -4.29392624 0.7012502 0.07397623
v -4.29392624 0.37031031 0.03698812
v -3.96298575 0.37031031 0.03698812
v -3.63204598 -1.94627047 0
v -3.63204598 -2.27721071 0
v -3.30110598 -2.27721071 0
v -3.96298575 -1.94627047 0
v -4.29392624 -1.94627047 0
v -4.29392624 -2.27721071 0
v -3.96298575 -2.27721071 0
v -6.27956581 5.99629021 0.43413308
v -6.27956581 5.66534996 0.73740393
v -5.94862604 5.66534996 0.6349293
v -6.61050606 5.99629021 0.53660774
v -6.94144583 5.99629021 0.63908237
v -6.94144583 5.66534996 0.94235325
v -6.61050606 5.66534996 0.83987856
v -3.63204598 5.99629021 0.47571522
v -3.63204598 5.66534996 0.78548342
v -3.30110598 5.66534996 0.63959646
v -3.96298575 5.99629021 0.62160212
v -4.29392624 5.99629021 0.76748908
v -4.29392624 5.66534996 1.07725728
v -3.96298575 5.66534996 0.93137032
v -3.63204598 3.34877014 1.52691925
v -3.63204598 3.0178299 1.31108534
v -3.30110598 3.0178299 1.16519856
v -3.96298575 3.34877014 1.67280614
v -4.29392624 3.34877014 1.81869316
v -4.29392624 3.0178299 1.60285926
v -3.96298575 3.0178299 1.45697236
v -11.57460594 5.99629021 0.01627021
v -11.57460594 5.66534996 0.01627021
v -11.2436657 5.66534996 0.02440532
v -11.90554619 5.99629021 0.0081351
v -12.23648643 5.99629021 0
v -12.23648643 5.66534996 0
v -11.90554619 5.66534996 0.0081351
v -8.92708588 5.99629021 1.09141684
v -8.92708588 5.66534996 1.39468765
v -8.59614563 5.66534996 1.62085497
v -9.25802612 5.99629021 0.86524963
v -9.58896637 5.99629021 0.63908237
v -9.58896637 5.66534996 0.94235325
v -9.25802612 5.66534996 1.16852045
v -8.92708588 3.34877014 2.15029311
v -8.92708588 3.0178299 1.92412579
v -8.59614563 3.0178299 2.15029311
v -9.25802612 3.34877014 1.92412579
v -9.58896637 3.34877014 1.69795859
v -9.58896637 3.0178299 1.47179127
v -9.25802612 3.0178299 1.69795859
v -8.92708588 7.32004929 0.1146849
v -8.92708588 6.98910952 0.12282007
v -8.59614563 6.98910952 0.17202735
v -9.25802612 7.32004929 0.06547762
v -9.58896637 7.32004929 0.01627034
v -9.58896637 6.98910952 0.0244055
v -9.25802612 6.98910952 0.07361279
v -7.60332584 3.34877014 2.3671689
v -7.60332584 3.0178299 2.03256369
v -7.2723856 3.0178299 1.80639648
v -7.93426609 3.34877014 2.59333634
v -8.26520538 3.34877014 2.81950355
v -8.26520538 3.0178299 2.48489833
v -7.93426609 3.0178299 2.25873113
v -7.60332584 4.67253017 2.15029311
v -7.60332584 4.34158993 2.48489833
v -7.2723856 4.34158993 2.15029311
v -7.93426609 4.67253017 2.48489833
v -8.26520538 4.67253017 2.81950355
v -8.26520538 4.34158993 3.15410876
v -7.93426609 4.34158993 2.81950355
v -8.92708588 4.67253017 2.3671689
v -8.92708588 4.34158993 2.59333634
v -8.59614563 4.34158993 2.92794156
v -9.25802612 4.67253017 2.03256369
v -9.58896637 4.67253017 1.69795859
v -9.58896637 4.34158993 1.92412579
v -9.25802612 4.34158993 2.25873113
v -4.95580578 -3.2700305 0
v -4.95580578 -3.60097027 0
v -4.62486601 -3.60097027 0
v -5.28674555 -3.2700305 0
v -5.61768627 -3.2700305 0
v -5.61768627 -3.60097027 0
v -5.28674555 -3.60097027 0
v -6.27956581 -3.2700305 0
v -6.27956581 -3.60097027 0
v -5.94862604 -3.60097027 0
v -6.61050606 -3.2700305 0
v -6.94144583 -3.2700305 0
v -6.94144583 -3.60097027 0
v -6.61050606 -3.60097027 0
v -2.30828571 -3.2700305 0
v -2.30828571 -3.60097027 0
v -1.97734582 -3.60097027 0
v -2.63922596 -3.2700305 0
v -2.97016597 -3.2700305 0
v -2.97016597 -3.60097027 0
v -2.63922596 -3.60097027 0
v -3.63204598 -3.2700305 0
v -3.63204598 -3.60097027 0
v -3.4665761 -3.43550062 0
v -3.96298575 -3.2700305 0
v -4.29392624 -3.2700305 0
v -4.29392624 -3.60097027 0
v -3.96298575 -3.60097027 0
v -10.25084686 -3.2700305 0
v -10.25084686 -3.60097027 0
v -9.91990662 -3.60097027 0
v -10.58178711 -3.2700305 0
v -10.91272545 -3.2700305 0
v -10.91272545 -3.60097027 0
v -10.58178711 -3.60097027 0
v -11.57460594 -3.2700305 0
v -11.57460594 -3.60097027 0
v -11.2436657 -3.60097027 0
v -11.90554619 -3.2700305 0
v -12.23648643 -3.2700305 0
v -12.23648643 -3.60097027 0
v -11.90554619 -3.60097027 0
v -7.60332584 -3.2700305 0
v -7.60332584 -3.60097027 0
v -7.2723856 -3.60097027 0
v -7.93426609 -3.2700305 0
v -8.26520538 -3.2700305 0
v -8.26520538 -3.60097027 0
v -7.93426609 -3.60097027 0
v -8.92708588 -3.2700305 0
v -8.92708588 -3.60097027 0
v -8.59614563 -3.60097027 0
v -9.25802612 -3.2700305 0
v -9.58896637 -3.2700305 0
v -9.58896637 -3.60097027 0
v -9.25802612 -3.60097027 0
v 5.63427401 -3.2700305 0
v 5.63427401 -3.60097027 0
v 5.96521473 -3.60097027 0
v 5.30333424 -3.2700305 0
v 4.97239447 -3.2700305 0
v 4.97239447 -3.60097027 0
v 5.30333424 -3.60097027 0
v -11.57460594 3.34877014 0.01627021
v -11.57460594 3.0178299 0.01627021
v -11.2436657 3.0178299 0.02440532
v -11.90554619 3.34877014 0.0081351
v -12.23648643 3.34877014 0
v -12.23648643 3.0178299 0
v -11.90554619 3.0178299 0.0081351
v -6.27956581 3.34877014 1.49300945
v -6.27956581 3.0178299 1.26684213
v -5.94862604 3.0178299 1.16436744
v -6.61050606 3.34877014 1.59548402
v -6.94144583 3.34877014 1.69795859
v -6.94144583 3.0178299 1.47179127
v -6.61050606 3.0178299 1.3693167
v -6.27956581 -1.94627047 0
v -6.27956581 -2.27721071 0
v -5.94862604 -2.27721071 0
v -6.61050606 -1.94627047 0
v -6.94144583 -1.94627047 0
v -6.94144583 -2.27721071 0
v -6.61050606 -2.27721071 0
v -0.98452574 3.34877014 0.12974589
v -0.98452574 3.0178299 0.08661421
v -0.65358573 3.0178299 0.09786047
v -1.31546581 3.34877014 0.11849962
v -1.64640582 3.34877014 0.10725336
v -1.64640582 3.0178299 0.06412167
v -1.31546581 3.0178299 0.07536794
v 4.31051445 3.34877014 0.56448603
v 4.31051445 3.0178299 0.68351859
v 4.6414547 3.0178299 0.55314577
v 3.9795742 3.34877014 0.69485885
v 3.64863443 3.34877014 0.82523173
v 3.64863443 3.0178299 0.94426429
v 3.9795742 3.0178299 0.81389141
v 4.31051445 -1.94627047 0
v 4.31051445 -2.27721071 0
v 4.6414547 -2.27721071 0
v 3.9795742 -1.94627047 0
v 3.64863443 -1.94627047 0
v 3.64863443 -2.27721071 0
v 3.9795742 -2.27721071 0
v 4.31051445 -3.2700305 0
v 4.31051445 -3.60097027 0
v 4.6414547 -3.60097027 0
v 3.9795742 -3.2700305 0
v 3.64863443 -3.2700305 0
v 3.64863443 -3.60097027 0
v 3.9795742 -3.60097027 0
v 8.2817955 -3.2700305 0
v 8.2817955 -3.60097027 0
v 8.61273384 -3.60097027 0
v 7.95085478 -3.2700305 0
v 7.61991453 -3.2700305 0
v 7.61991453 -3.60097027 0
v 7.95085478 -3.60097027 0
v 6.95803499 -3.2700305 0
v 6.95803499 -3.60097027 0
v 7.28897524 -3.60097027 0
v 6.62709475 -3.2700305 0
v 6.29615498 -3.2700305 0
v 6.29615498 -3.60097027 0
v 6.62709475 -3.60097027 0
v -10.25084686 1.36313009 0.01627029
v -9.91990662 1.03219008 0.01627029
v -9.91990662 1.36313009 0.02440544
v -10.25084686 1.03219008 0.00813515
v -9.91990662 0.7012502 0.00813515
v -10.25084686 2.68688989 0.63908219
v -9.91990662 2.35594988 0.63908225
v -9.91990662 2.68688989 0.94235313
v -10.25084686 2.35594988 0.33581138
v -9.91990662 2.02501011 0.33581141
v -11.57460594 2.68688989 0.01627021
v -11.2436657 2.35594988 0.01627021
v -11.2436657 2.68688989 0.02440532
v -11.57460594 2.35594988 0.0081351
v -11.2436657 2.02501011 0.0081351
v -7.60332584 1.36313009 0.130955
v -7.2723856 1.03219008 0.07361265
v -7.2723856 1.36313009 0.08174779
v -7.60332584 1.03219008 0.12281983
v -7.2723856 0.7012502 0.06547749
v -7.60332584 2.68688989 1.69795859
v -7.2723856 2.35594988 1.16852045
v -7.2723856 2.68688989 1.47179127
v -7.60332584 2.35594988 1.39468765
v -7.2723856 2.02501011 0.86524957
v -8.92708588 2.68688989 1.69795859
v -8.59614563 2.35594988 1.44389498
v -8.59614563 2.68688989 1.92412579
v -8.92708588 2.35594988 1.21772766
v -8.59614563 2.02501011 0.963664
v -10.25084686 4.01065016 1.18983102
v -9.91990662 3.67970991 1.44389474
v -9.91990662 4.01065016 1.67006207
v -10.25084686 3.67970991 0.96366382
v -9.91990662 3.34877014 1.21772754
v -10.25084686 5.33441067 0.63908219
v -9.91990662 5.00347042 1.16852033
v -9.91990662 5.33441067 0.94235313
v -10.25084686 5.00347042 0.86524945
v -9.91990662 4.67253017 1.39468765
v -11.57460594 5.33441067 0.01627021
v -11.2436657 5.00347042 0.07361244
v -11.2436657 5.33441067 0.02440532
v -11.57460594 5.00347042 0.06547734
v -11.2436657 4.67253017 0.12281959
v -4.95580578 4.01065016 1.92300963
v -4.62486601 3.67970991 1.8708514
v -4.62486601 4.01065016 2.08668494
v -4.95580578 3.67970991 1.70717585
v -4.62486601 3.34877014 1.65501761
v -4.95580578 5.33441067 1.11137545
v -4.62486601 5.00347042 1.46503437
v -4.62486601 5.33441067 1.24920058
v -4.95580578 5.00347042 1.32720923
v -4.62486601 4.67253017 1.68086815
v -6.27956581 5.33441067 1.04067481
v -5.94862604 5.00347042 1.12818348
v -5.94862604 5.33441067 0.93820012
v -6.27956581 5.00347042 1.23065805
v -5.94862604 4.67253017 1.31816685
v -4.95580578 -1.28439021 0
v -4.62486601 -1.61533046 0
v -4.62486601 -1.28439021 0
v -4.95580578 -1.61533046 0
v -4.62486601 -1.94627047 0
v -11.57460594 1.36313009 0
v -11.2436657 1.03219008 0
v -11.2436657 1.36313009 0
v -11.57460594 1.03219008 0
v -11.2436657 0.7012502 0
v -8.92708588 1.36313009 0.13095498
v -8.59614563 1.03219008 0.12281983
v -8.59614563 1.36313009 0.18016218
v -8.92708588 1.03219008 0.07361264
v -8.59614563 0.7012502 0.0654775
v -8.92708588 -1.28439021 0
v -8.59614563 -1.61533046 0
v -8.59614563 -1.28439021 0
v -8.92708588 -1.61533046 0
v -8.59614563 -1.94627047 0
v -4.95580578 0.0393703 0
v -4.62486601 -0.29156995 0
v -4.62486601 0.0393703 0
v -4.95580578 -0.29156995 0
v -4.62486601 -0.62250996 0
v -6.27956581 0.0393703 0
v -5.94862604 -0.29156995 0
v -5.94862604 0.0393703 0
v -6.27956581 -0.29156995 0
v -5.94862604 -0.62250996 0
v 0.33923423 4.01065016 0.64325207
v 0.67017436 3.67970991 0.59558797
v 0.67017436 4.01065016 0.68003917
v 0.33923423 3.67970991 0.55880082
v 0.67017436 3.34877014 0.51113677
v 0.33923423 5.33441067 0.15467951
v 0.67017436 5.00347042 0.26498449
v 0.67017436 5.33441067 0.09421608
v 0.33923423 5.00347042 0.32544792
v 0.67017436 4.67253017 0.43575293
v -0.98452574 5.33441067 0.23651066
v -0.65358573 5.00347042 0.32957637
v -0.65358573 5.33441067 0.25605848
v -0.98452574 5.00347042 0.31002852
v -0.65358573 4.67253017 0.40309426
v 5.63427401 4.01065016 1.97682261
v 5.96521473 3.67970991 1.67902744
v 5.96521473 4.01065016 2.25802732
v 5.63427401 3.67970991 1.39782262
v 5.96521473 3.34877014 1.10002756
v 5.63427401 5.33441067 2.63242435
v 5.96521473 5.00347042 2.97267532
v 5.96521473 5.33441067 3.35952258
v 5.63427401 5.00347042 2.24557734
v 5.96521473 4.67253017 2.5858283
v 4.31051445 5.33441067 1.2541523
v 4.6414547 5.00347042 1.27523649
v 4.6414547 5.33441067 1.21619034
v 4.31051445 5.00347042 1.31319833
v 4.6414547 4.67253017 1.33428264
v 5.63427401 -1.28439021 0
v 5.96521473 -1.61533046 0
v 5.96521473 -1.28439021 0
v 5.63427401 -1.61533046 0
v 5.96521473 -1.94627047 0
v -0.98452574 1.36313009 0
v -0.65358573 1.03219008 0
v -0.65358573 1.36313009 0
v -0.98452574 1.03219008 0
v -0.65358573 0.7012502 0
v 1.66299415 1.36313009 0.08172888
v 1.99393415 1.03219008 0.06941014
v 1.99393415 1.36313009 0.09795584
v 1.66299415 1.03219008 0.05318319
v 1.99393415 0.7012502 0.04086444
v 1.66299415 -1.28439021 0
v 1.99393415 -1.61533046 0
v 1.99393415 -1.28439021 0
v 1.66299415 -1.61533046 0
v 1.99393415 -1.94627047 0
v -7.60332584 -1.28439021 0
v -7.2723856 -1.61533046 0
v -7.2723856 -1.28439021 0
v -7.60332584 -1.61533046 0
v -7.2723856 -1.94627047 0
v -7.60332584 0.0393703 0
v -7.2723856 -0.29156995 0
v -7.2723856 0.0393703 0
v -7.60332584 -0.29156995 0
v -7.2723856 -0.62250996 0
v -8.92708588 0.0393703 0
v -8.59614563 -0.29156995 0
v -8.59614563 0.0393703 0
v -8.92708588 -0.29156995 0
v -8.59614563 -0.62250996 0
v 0.33923423 1.36313009 0.02463748
v 0.67017436 1.03219008 0.02463748
v 0.67017436 1.36313009 0.03695623
v 0.33923423 1.03219008 0.01231874
v 0.67017436 0.7012502 0.01231874
v 0.33923423 2.68688989 0.22249818
v 0.67017436 2.35594988 0.21832317
v 0.67017436 2.68688989 0.30075976
v 0.33923423 2.35594988 0.14006159
v 0.67017436 2.02501011 0.13588658
v -0.98452574 2.68688989 0.04348252
v -0.65358573 2.35594988 0.03823502
v -0.65358573 2.68688989 0.05472878
v -0.98452574 2.35594988 0.02698876
v -0.65358573 2.02501011 0.02174126
v 2.98675442 1.36313009 0.11584889
v 3.31769466 1.03219008 0.08730319
v 3.31769466 1.36313009 0.11668195
v 2.98675442 1.03219008 0.08647015
v 3.31769466 0.7012502 0.05792445
v 2.98675442 2.68688989 0.85140717
v 3.31769466 2.35594988 0.72090656
v 3.31769466 2.68688989 0.95735204
v 2.98675442 2.35594988 0.61496174
v 3.31769466 2.02501011 0.48446113
v 1.66299415 2.68688989 0.50926948
v 1.99393415 2.35594988 0.4430598
v 1.99393415 2.68688989 0.57439351
v 1.66299415 2.35594988 0.37793577
v 1.99393415 2.02501011 0.31172612
v 2.98675442 -1.28439021 0
v 3.31769466 -1.61533046 0
v 3.31769466 -1.28439021 0
v 2.98675442 -1.61533046 0
v 3.31769466 -1.94627047 0
v 2.98675442 0.0393703 0
v 3.31769466 -0.29156995 0
v 3.31769466 0.0393703 0
v 2.98675442 -0.29156995 0
v 3.31769466 -0.62250996 0
v 1.66299415 0.0393703 0
v 1.99393415 -0.29156995 0
v 1.99393415 0.0393703 0
v 1.66299415 -0.29156995 0
v 1.99393415 -0.62250996 0
v 5.63427401 1.36313009 0.37064478
v 5.96521473 1.03219008 0.28606299
v 5.96521473 1.36313009 0.3868036
v 5.63427401 1.03219008 0.26990417
v 5.96521473 0.7012502 0.18532239
v 5.63427401 2.68688989 0.38251898
v 5.96521473 2.35594988 0.34780824
v 5.96521473 2.68688989 0.30287579
v 5.63427401 2.35594988 0.42745143
v 5.96521473 2.02501011 0.3927407
v 4.31051445 2.68688989 0.80255115
v 4.6414547 2.35594988 0.62130868
v 4.6414547 2.68688989 0.67217827
v 4.31051445 2.35594988 0.75168151
v 4.6414547 2.02501011 0.5704391
v 8.2817955 1.36313009 0.16723371
v 8.61273384 1.03219008 0.08361685
v 8.61273384 1.36313009 0.08361685
v 8.2817955 1.03219008 0.16723371
v 8.61273384 0.7012502 0.08361685
v 8.2817955 2.68688989 0.69124675
v 8.61273384 2.35594988 0.49038076
v 8.61273384 2.68688989 0.63513815
v 8.2817955 2.35594988 0.54648936
v 8.61273384 2.02501011 0.34562337
v 6.95803499 2.68688989 0.51334822
v 7.28897524 2.35594988 0.54115695
v 7.28897524 2.68688989 0.65840608
v 6.95803499 2.35594988 0.39609912
v 7.28897524 2.02501011 0.42390782
v 8.2817955 -1.28439021 0
v 8.61273384 -1.61533046 0
v 8.61273384 -1.28439021 0
v 8.2817955 -1.61533046 0
v 8.61273384 -1.94627047 0
v 8.2817955 0.0393703 0
v 8.61273384 -0.29156995 0
v 8.61273384 0.0393703 0
v 8.2817955 -0.29156995 0
v 8.61273384 -0.62250996 0
v 6.95803499 0.0393703 0
v 7.28897524 -0.29156995 0
v 7.28897524 0.0393703 0
v 6.95803499 -0.29156995 0
v 7.28897524 -0.62250996 0
v 5.63427401 0.0393703 0
v 5.96521473 -0.29156995 0
v 5.96521473 0.0393703 0
v 5.63427401 -0.29156995 0
v 5.96521473 -0.62250996 0
v 4.31051445 0.0393703 0
v 4.6414547 -0.29156995 0
v 4.6414547 0.0393703 0
v 4.31051445 -0.29156995 0
v 4.6414547 -0.62250996 0
v 5.63427401 6.65816975 1.15302634
v 5.96521473 6.32722998 1.7211715
v 5.96521473 6.65816975 0.82251948
v 5.63427401 6.32722998 2.05167842
v 5.96521473 5.99629021 2.61982369
v 5.63427401 7.9819293 0.89041257
v 5.96521473 7.65098906 0.61933696
v 5.96521473 7.9819293 0.54746127
v 5.63427401 7.65098906 0.9622882
v 5.96521473 7.32004929 0.69121259
v 4.31051445 7.9819293 1.19381452
v 4.6414547 7.65098906 1.44449615
v 4.6414547 7.9819293 1.38506484
v 4.31051445 7.65098906 1.25324571
v 4.6414547 7.32004929 1.50392735
v 8.2817955 6.65816975 0.71432143
v 8.61273384 6.32722998 0.69489443
v 8.61273384 6.65816975 0.57507998
v 8.2817955 6.32722998 0.83413589
v 8.61273384 5.99629021 0.81470889
v 8.2817955 7.9819293 0.45532793
v 8.61273384 7.65098906 0.37336782
v 8.61273384 7.9819293 0.30115241
v 8.2817955 7.65098906 0.52754337
v 8.61273384 7.32004929 0.44558325
v 6.95803499 7.9819293 0.48409444
v 7.28897524 7.65098906 0.68116802
v 7.28897524 7.9819293 0.6238867
v 6.95803499 7.65098906 0.54137582
v 7.28897524 7.32004929 0.73844945
v 8.2817955 4.01065016 0.39309081
v 8.61273384 3.67970991 0.35242397
v 8.61273384 4.01065016 0.21878774
v 8.2817955 3.67970991 0.52672702
v 8.61273384 3.34877014 0.48606023
v 0.33923423 -1.28439021 0
v 0.67017436 -1.61533046 0
v 0.67017436 -1.28439021 0
v 0.33923423 -1.61533046 0
v 0.67017436 -1.94627047 0
v 0.33923423 0.0393703 0
v 0.67017436 -0.29156995 0
v 0.67017436 0.0393703 0
v 0.33923423 -0.29156995 0
v 0.67017436 -0.62250996 0
v 8.2817955 5.33441067 1.74604774
v 8.61273384 5.00347042 1.11291909
v 8.61273384 5.33441067 1.33057213
v 8.2817955 5.00347042 1.52839482
v 8.61273384 4.67253017 0.89526618
v -0.98452574 0.0393703 0
v -0.65358573 -0.29156995 0
v -0.65358573 0.0393703 0
v -0.98452574 -0.29156995 0
v -0.65358573 -0.62250996 0
v -10.25084686 -1.28439021 0
v -9.91990662 -1.61533046 0
v -9.91990662 -1.28439021 0
v -10.25084686 -1.61533046 0
v -9.91990662 -1.94627047 0
v 6.95803499 5.33441067 3.33181
v 7.28897524 5.00347042 2.495579
v 7.28897524 5.33441067 2.95440435
v 6.95803499 5.00347042 2.87298441
v 7.28897524 4.67253017 2.03675342
v 0.33923423 6.65816975 0.22230466
v 0.67017436 6.32722998 0.14893903
v 0.67017436 6.65816975 0.16984941
v 0.33923423 6.32722998 0.20139429
v 0.67017436 5.99629021 0.12802868
v 0.33923423 7.9819293 0.27489707
v 0.67017436 7.65098906 0.22498815
v 0.67017436 7.9819293 0.2538307
v 0.33923423 7.65098906 0.2460545
v 0.67017436 7.32004929 0.19614561
v -0.65358573 6.98910952 0.25505817
v -0.65358573 7.32004929 0.25251183
v -0.9845258 6.98910952 0.18544756
v 2.98675442 6.65816975 1.31408346
v 3.31769466 6.32722998 1.24226248
v 3.31769466 6.65816975 1.16244543
v 2.98675442 6.32722998 1.39390063
v 3.31769466 5.99629021 1.32207978
v 2.98675442 7.9819293 0.81533772
v 3.31769466 7.65098906 0.86319911
v 3.31769466 7.9819293 0.8133257
v 2.98675442 7.65098906 0.86521113
v 3.31769466 7.32004929 0.91307247
v 1.66299415 7.9819293 0.52606302
v 1.99393415 7.65098906 0.87221175
v 1.99393415 7.9819293 0.67271233
v 1.66299415 7.65098906 0.72556245
v 1.99393415 7.32004929 1.07171106
v 2.98675442 4.01065016 0.90559071
v 3.31769466 3.67970991 0.86541122
v 3.31769466 4.01065016 0.74637866
v 2.98675442 3.67970991 1.02462327
v 3.31769466 3.34877014 0.98444378
v 2.98675442 5.33441067 1.90031278
v 3.31769466 5.00347042 1.42946708
v 3.31769466 5.33441067 1.61519444
v 2.98675442 5.00347042 1.71458542
v 3.31769466 4.67253017 1.24373972
v 1.66299415 5.33441067 1.25215101
v 1.99393415 5.00347042 1.54971659
v 1.99393415 5.33441067 1.8613503
v 1.66299415 5.00347042 0.94051743
v 1.99393415 4.67253017 1.23808289
v -4.95580578 1.36313009 0.08447123
v -4.62486601 1.03219008 0.07922373
v -4.62486601 1.36313009 0.11621185
v -4.95580578 1.03219008 0.04748311
v -4.62486601 0.7012502 0.04223561
v -4.95580578 2.68688989 1.11137545
v -4.62486601 2.35594988 0.9394322
v -4.62486601 2.68688989 1.24920058
v -4.95580578 2.35594988 0.80160725
v -4.62486601 2.02501011 0.629664
v -6.27956581 2.68688989 1.04067481
v -5.94862604 2.35594988 0.73451632
v -5.94862604 2.68688989 0.93820012
v -6.27956581 2.35594988 0.83699095
v -5.94862604 2.02501011 0.53083235
v -10.25084686 0.0393703 0
v -9.91990662 -0.29156995 0
v -9.91990662 0.0393703 0
v -10.25084686 -0.29156995 0
v -9.91990662 -0.62250996 0
v -11.57460594 0.0393703 0
v -11.2436657 -0.29156995 0
v -11.2436657 0.0393703 0
v -11.57460594 -0.29156995 0
v -11.2436657 -0.62250996 0
v -2.30828571 1.36313009 0.01049499
v -1.97734582 1.03219008 0.0052475
v -1.97734582 1.36313009 0.0052475
v -2.30828571 1.03219008 0.01049499
v -1.97734582 0.7012502 0.0052475
v -2.30828571 2.68688989 0.41223389
v -1.97734582 2.35594988 0.21136443
v -1.97734582 2.68688989 0.21661194
v -2.30828571 2.35594988 0.40698636
v -1.97734582 2.02501011 0.20611694
v -3.63204598 2.68688989 1.09525156
v -3.30110598 2.35594988 0.75374275
v -3.30110598 2.68688989 0.94936466
v -3.63204598 2.35594988 0.89962965
v -3.30110598 2.02501011 0.55812085
v -2.30828571 -1.28439021 0
v -1.97734582 -1.61533046 0
v -1.97734582 -1.28439021 0
v -2.30828571 -1.61533046 0
v -1.97734582 -1.94627047 0
v -2.30828571 0.0393703 0
v -1.97734582 -0.29156995 0
v -1.97734582 0.0393703 0
v -2.30828571 -0.29156995 0
v -1.97734582 -0.62250996 0
v -3.63204598 0.0393703 0
v -3.30110598 -0.29156995 0
v -3.30110598 0.0393703 0
v -3.63204598 -0.29156995 0
v -3.30110598 -0.62250996 0
v -4.95580578 6.65816975 0.08447141
v -4.62486601 6.32722998 0.42598024
v -4.62486601 6.65816975 0.11621207
v -4.95580578 6.32722998 0.39423957
v -4.62486601 5.99629021 0.73574841
v -4.95580578 7.9819293 0
v -4.62486601 7.65098906 0.03698818
v -4.62486601 7.9819293 0
v -4.95580578 7.65098906 0.03698818
v -4.62486601 7.32004929 0.07397637
v -6.27956581 7.9819293 0
v -5.94862604 7.65098906 0.00524752
v -5.94862604 7.9819293 0
v -6.27956581 7.65098906 0.00524752
v -5.94862604 7.32004929 0.01049505
v -2.30828571 6.65816975 0.03488135
v -1.97734582 6.32722998 0.07898758
v -1.97734582 6.65816975 0.04182698
v -2.30828571 6.32722998 0.07204195
v -1.97734582 5.99629021 0.11614817
v -2.30828571 7.9819293 0
v -1.97734582 7.65098906 0.01219315
v -1.97734582 7.9819293 0
v -2.30828571 7.65098906 0.01219315
v -1.97734582 7.32004929 0.0243863
v -3.63204575 7.9819293 0
v -3.30110598 7.65098906 0.00524752
v -3.30110574 7.9819293 0
v -3.63204598 7.65098906 0.00524752
v -3.30110598 7.32004929 0.01049505
v -2.30828571 4.01065016 0.79027122
v -1.97734582 3.67970991 0.4487623
v -1.97734582 4.01065016 0.49189395
v -2.30828571 3.67970991 0.74713957
v -1.97734582 3.34877014 0.40563065
v -2.30828571 5.33441067 0.50044638
v -1.97734582 5.00347042 0.34795609
v -1.97734582 5.33441067 0.34893069
v -2.30828571 5.00347042 0.49947181
v -1.97734582 4.67253017 0.34698156
v -3.63204598 5.33441067 1.09525156
v -3.30110598 5.00347042 1.09525168
v -3.30110598 5.33441067 0.94936466
v -3.63204598 5.00347042 1.24113846
v -3.30110598 4.67253017 1.24113858
v -10.25084686 6.65816975 0.01627034
v -9.91990662 6.32722998 0.32767636
v -9.91990662 6.65816975 0.0244055
v -10.25084686 6.32722998 0.31954119
v -9.91990662 5.99629021 0.63094717
v -10.25084686 7.9819293 0
v -9.91990662 7.65098906 0.00813517
v -9.91990662 7.9819293 0
v -10.25084686 7.65098906 0.00813517
v -9.91990662 7.32004929 0.01627034
v -11.57460594 7.9819293 0
v -11.2436657 7.65098906 0
v -11.2436657 7.9819293 0
v -11.57460594 7.65098906 0
v -11.2436657 7.32004929 0
v -7.60332584 6.65816975 0.13095523
v -7.2723856 6.32722998 0.3850188
v -7.2723856 6.65816975 0.08174796
v -7.60332584 6.32722998 0.4342261
v -7.2723856 5.99629021 0.68828964
v 4.31051445 1.36313009 0.22792107
v 4.6414547 1.03219008 0.19854233
v 4.6414547 1.36313009 0.28312412
v 4.31051445 1.03219008 0.14333928
v 4.6414547 0.7012502 0.11396053
v 6.95803499 1.36313009 0.3687149
v 7.28897524 1.03219008 0.26797432
v 7.28897524 1.36313009 0.35159114
v 6.95803499 1.03219008 0.28509805
v 7.28897524 0.7012502 0.18435745
v 6.95803499 -1.28439021 0
v 7.28897524 -1.61533046 0
v 7.28897524 -1.28439021 0
v 6.95803499 -1.61533046 0
v 7.28897524 -1.94627047 0
v 4.31051445 6.65816975 1.41242373
v 4.6414547 6.32722998 1.45427895
v 4.6414547 6.65816975 1.61323202
v 4.31051445 6.32722998 1.25347078
v 4.6414547 5.99629021 1.29532599
v 6.95803499 6.65816975 0.74240845
v 7.28897524 6.32722998 1.26365507
v 7.28897524 6.65816975 0.8676064
v 6.95803499 6.32722998 1.13845718
v 7.28897524 5.99629021 1.65970373
v 6.95803499 4.01065016 1.64046454
v 7.28897524 3.67970991 1.20652246
v 7.28897524 4.01065016 1.19108081
v 6.95803499 3.67970991 1.65590632
v 7.28897524 3.34877014 1.22196412
v -0.98452574 6.65816975 0.1879939
v -0.65358573 6.32722998 0.24470234
v -0.65358573 6.65816975 0.25760454
v -0.98452574 6.32722998 0.17509168
v -0.65358573 5.99629021 0.23180014
v 1.66299415 6.65816975 0.8673768
v 1.99393415 6.32722998 1.45566559
v 1.99393415 6.65816975 1.2423681
v 1.66299415 6.32722998 1.08067441
v 1.99393415 5.99629021 1.66896307
v 1.66299415 4.01065016 0.97042066
v 1.99393415 3.67970991 0.95109338
v 1.99393415 4.01065016 1.09721768
v 1.66299415 3.67970991 0.8242963
v 1.99393415 3.34877014 0.80496907
v -7.60332584 7.9819293 0
v -7.2723856 7.65098906 0.00813517
v -7.2723856 7.9819293 0
v -7.60332584 7.65098906 0.00813517
v -7.2723856 7.32004929 0.01627034
v -6.27956581 1.36313009 0.02676529
v -5.94862604 1.03219008 0.01863014
v -5.94862604 1.36313009 0.02387764
v -6.27956581 1.03219008 0.02151779
v -5.94862604 0.7012502 0.01338265
v -3.63204598 1.36313009 0.08447123
v -3.30110598 1.03219008 0.04748311
v -3.30110598 1.36313009 0.05273061
v -3.63204598 1.03219008 0.07922373
v -3.30110598 0.7012502 0.04223562
v -3.63204598 -1.28439021 0
v -3.30110598 -1.61533046 0
v -3.30110598 -1.28439021 0
v -3.63204598 -1.61533046 0
v -3.30110598 -1.94627047 0
v -6.27956581 6.65816975 0.02676539
v -5.94862604 6.32722998 0.22756158
v -5.94862604 6.65816975 0.02387774
v -6.27956581 6.32722998 0.23044924
v -5.94862604 5.99629021 0.43124548
v -3.63204598 6.65816975 0.08447142
v -3.30110598 6.32722998 0.24835269
v -3.30110598 6.65816975 0.05273076
v -3.63204598 6.32722998 0.28009331
v -3.30110598 5.99629021 0.44397455
v -3.63204598 4.01065016 1.81869316
v -3.30110598 3.67970991 1.45697236
v -3.30110598 4.01065016 1.60285938
v -3.63204598 3.67970991 1.67280614
v -3.30110598 3.34877014 1.31108546
v -11.57460594 6.65816975 0
v -11.2436657 6.32722998 0.0081351
v -11.2436657 6.65816975 0
v -11.57460594 6.32722998 0.0081351
v -11.2436657 5.99629021 0.01627021
v -8.92708588 6.65816975 0.13095523
v -8.59614563 6.32722998 0.66039336
v -8.59614563 6.65816975 0.18016252
v -8.92708588 6.32722998 0.61118603
v -8.59614563 5.99629021 1.14062417
v -8.92708588 4.01065016 2.81950355
v -8.59614563 3.67970991 2.81950355
v -8.59614563 4.01065016 3.15410876
v -8.92708588 3.67970991 2.48489833
v -8.59614563 3.34877014 2.48489833
v -6.27956581 -3.93191051 0
v -5.94862604 -4.26285076 0
v -5.94862604 -3.93191051 0
v -6.27956581 -4.26285076 0
v -3.63204598 -3.93191051 0
v -3.30110598 -4.26285076 0
v -3.30110598 -3.93191051 0
v -3.63204598 -4.26285076 0
v -11.57460594 -3.93191051 0
v -11.2436657 -4.26285076 0
v -11.2436657 -3.93191051 0
v -11.57460594 -4.26285076 0
v -8.92708588 -3.93191051 0
v -8.59614563 -4.26285076 0
v -8.59614563 -3.93191051 0
v -8.92708588 -4.26285076 0
v -11.57460594 -1.94627047 0
v -11.57460594 -2.27721071 0
v -11.2436657 -2.27721071 0
v -11.90554619 -1.94627047 0
v -12.23648643 -1.94627047 0
v -12.23648643 -2.27721071 0
v -11.90554619 -2.27721071 0
v 4.31051445 -3.93191051 0
v 4.6414547 -4.26285076 0
v 4.6414547 -3.93191051 0
v 4.31051445 -4.26285076 0
v 6.95803499 -3.93191051 0
v 7.28897524 -4.26285076 0
v 7.28897524 -3.93191051 0
v 6.95803499 -4.26285076 0
v -0.98452574 -1.94627047 0
v -0.98452574 -2.27721071 0
v -0.65358573 -2.27721071 0
v -1.31546581 -1.94627047 0
v -1.64640582 -1.94627047 0
v -1.64640582 -2.27721071 0
v -1.31546581 -2.27721071 0
v -0.98452574 -3.93191051 0
v -0.65358573 -4.26285076 0
v -0.65358573 -3.93191051 0
v -0.98452574 -4.26285076 0
v 1.66299415 -3.93191051 0
v 1.99393415 -4.26285076 0
v 1.99393415 -3.93191051 0
v 1.66299415 -4.26285076 0
v -8.92708588 7.9819293 0
v -8.59614563 7.65098906 0.05734245
v -8.59614563 7.9819293 0
v -8.92708588 7.65098906 0.05734245
v -8.59614563 7.32004929 0.1146849
v -7.60332584 4.01065016 2.81950355
v -7.2723856 3.67970991 2.25873113
v -7.2723856 4.01065016 2.48489833
v -7.60332584 3.67970991 2.59333634
v -7.2723856 3.34877014 2.03256369
v -7.60332584 5.33441067 1.69795859
v -7.2723856 5.00347042 1.69795859
v -7.2723856 5.33441067 1.47179127
v -7.60332584 5.00347042 1.92412579
v -7.2723856 4.67253017 1.92412579
v -8.92708588 5.33441067 1.69795859
v -8.59614563 5.00347042 2.25873113
v -8.59614563 5.33441067 1.92412579
v -8.92708588 5.00347042 2.03256369
v -8.59614563 4.67253017 2.59333634
v -4.95580578 -3.93191051 0
v -4.62486601 -4.26285076 0
v -4.62486601 -3.93191051 0
v -4.95580578 -4.26285076 0
v -4.95580578 -2.60815096 0
v -4.62486601 -2.93909073 0
v -4.62486601 -2.60815096 0
v -4.95580578 -2.93909073 0
v -4.62486601 -3.2700305 0
v -6.27956581 -2.60815096 0
v -5.94862604 -2.93909073 0
v -5.94862604 -2.60815096 0
v -6.27956581 -2.93909073 0
v -5.94862604 -3.2700305 0
v -2.30828571 -3.93191051 0
v -1.97734582 -4.26285076 0
v -1.97734582 -3.93191051 0
v -2.30828571 -4.26285076 0
v -2.30828571 -2.60815096 0
v -1.97734582 -2.93909073 0
v -1.97734582 -2.60815096 0
v -2.30828571 -2.93909073 0
v -1.97734582 -3.2700305 0
v -3.63204598 -2.60815096 0
v -3.30110598 -2.93909073 0
v -3.30110598 -2.60815096 0
v -3.63204598 -2.93909073 0
v -3.30110598 -3.2700305 0
v -10.25084686 -3.93191051 0
v -9.91990662 -4.26285076 0
v -9.91990662 -3.93191051 0
v -10.25084686 -4.26285076 0
v -10.25084686 -2.60815096 0
v -9.91990662 -2.93909073 0
v -9.91990662 -2.60815096 0
v -10.25084686 -2.93909073 0
v -9.91990662 -3.2700305 0
v -11.57460594 -2.60815096 0
v -11.2436657 -2.93909073 0
v -11.2436657 -2.60815096 0
v -11.57460594 -2.93909073 0
v -11.2436657 -3.2700305 0
v -7.60332584 -3.93191051 0
v -7.2723856 -4.26285076 0
v -7.2723856 -3.93191051 0
v -7.60332584 -4.26285076 0
v -7.60332584 -2.60815096 0
v -7.2723856 -2.93909073 0
v -7.2723856 -2.60815096 0
v -7.60332584 -2.93909073 0
v -7.2723856 -3.2700305 0
v -8.92708588 -2.60815096 0
v -8.59614563 -2.93909073 0
v -8.59614563 -2.60815096 0
v -8.92708588 -2.93909073 0
v -8.59614563 -3.2700305 0
v 5.63427401 -3.93191051 0
v 5.96521473 -4.26285076 0
v 5.96521473 -3.93191051 0
v 5.63427401 -4.26285076 0
v 5.63427401 -2.60815096 0
v 5.96521473 -2.93909073 0
v 5.96521473 -2.60815096 0
v 5.63427401 -2.93909073 0
v 5.96521473 -3.2700305 0
v -11.57460594 4.01065016 0.11468448
v -11.2436657 3.67970991 0.12281959
v -11.2436657 4.01065016 0.17202672
v -11.57460594 3.67970991 0.06547734
v -11.2436657 3.34877014 0.07361244
v -6.27956581 4.01065016 1.87297595
v -5.94862604 3.67970991 1.54433417
v -5.94862604 4.01065016 1.73431742
v -6.27956581 3.67970991 1.6829927
v -5.94862604 3.34877014 1.35435081
v -6.27956581 -1.28439021 0
v -5.94862604 -1.61533046 0
v -5.94862604 -1.28439021 0
v -6.27956581 -1.61533046 0
v -5.94862604 -1.94627047 0
v -0.98452574 4.01065016 0.38159725
v -0.65358573 3.67970991 0.34971184
v -0.65358573 4.01065016 0.4756375
v -0.98452574 3.67970991 0.25567156
v -0.65358573 3.34877014 0.22378615
v 4.31051445 4.01065016 1.00078976
v 4.6414547 3.67970991 0.98944944
v 4.6414547 4.01065016 1.20760131
v 4.31051445 3.67970991 0.78263789
v 4.6414547 3.34877014 0.77129751
v 4.31051445 -1.28439021 0
v 4.6414547 -1.61533046 0
v 4.6414547 -1.28439021 0
v 4.31051445 -1.61533046 0
v 4.6414547 -1.94627047 0
v 4.31051445 -2.60815096 0
v 4.6414547 -2.93909073 0
v 4.6414547 -2.60815096 0
v 4.31051445 -2.93909073 0
v 4.6414547 -3.2700305 0
v 8.2817955 -3.93191051 0
v 8.61273384 -4.26285076 0
v 8.61273384 -3.93191051 0
v 8.2817955 -4.26285076 0
v 8.2817955 -2.60815096 0
v 8.61273384 -2.93909073 0
v 8.61273384 -2.60815096 0
v 8.2817955 -2.93909073 0
v 8.61273384 -3.2700305 0
v 6.95803499 -2.60815096 0
v 7.28897524 -2.93909073 0
v 7.28897524 -2.60815096 0
v 6.95803499 -2.93909073 0
v 7.28897524 -3.2700305 0
v 1.66299415 -3.2700305 0
v 1.66299415 -3.60097027 0
v 1.99393415 -3.60097027 0
v 1.33205414 -3.2700305 0
v 1.00111437 -3.2700305 0
v 1.00111437 -3.60097027 0
v 1.33205414 -3.60097027 0
v 0.33923423 -3.93191051 0
v 0.67017436 -4.26285076 0
v 0.67017436 -3.93191051 0
v 0.33923423 -4.26285076 0
v 0.33923423 -2.60815096 0
v 0.67017436 -2.93909073 0
v 0.67017436 -2.60815096 0
v 0.33923423 -2.93909073 0
v 0.33923423 -3.2700305 0
v 0.67017436 -3.60097027 0
v 0.67017436 -3.2700305 0
v -0.98452574 -2.60815096 0
v -0.65358573 -2.93909073 0
v -0.65358573 -2.60815096 0
v -0.98452574 -2.93909073 0
v -0.98452574 -3.2700305 0
v -0.65358573 -3.60097027 0
v -0.65358573 -3.2700305 0
v 2.98675442 -3.93191051 0
v 3.31769466 -4.26285076 0
v 3.31769466 -3.93191051 0
v 2.98675442 -4.26285076 0
v 2.98675442 -2.60815096 0
v 3.31769466 -2.93909073 0
v 3.31769466 -2.60815096 0
v 2.98675442 -2.93909073 0
v 2.98675442 -3.2700305 0
v 3.31769466 -3.60097027 0
v 3.31769466 -3.2700305 0
v 1.66299415 -2.60815096 0
v 1.99393415 -2.93909073 0
v 1.99393415 -2.60815096 0
v 1.66299415 -2.93909073 0
v 1.99393415 -3.2700305 0
v 2.98675442 -3.60097027 0
v 2.65581417 -3.2700305 0
v 2.32487416 -3.2700305 0
v 2.32487416 -3.60097027 0
v 2.65581417 -3.60097027 0
v -0.98452574 -3.60097027 0
v -1.31546581 -3.2700305 0
v -1.64640582 -3.2700305 0
v -1.64640582 -3.60097027 0
v -1.31546581 -3.60097027 0
v 0.33923423 -3.60097027 0
v 0.00829422 -3.2700305 0
v -0.32264566 -3.2700305 0
v -0.32264566 -3.60097027 0
v 0.00829422 -3.60097027 0
v -0.98452574 -1.28439021 0
v -0.65358573 -1.61533046 0
v -0.65358573 -1.28439021 0
v -0.98452574 -1.61533046 0
v -0.65358573 -1.94627047 0
v -11.57460594 -1.28439021 0
v -11.2436657 -1.61533046 0
v -11.2436657 -1.28439021 0
v -11.57460594 -1.61533046 0
v -11.2436657 -1.94627047 0
v -0.65358585 -0.95344996 0
v -0.8190558 -1.11892009 0
v -0.48811579 -1.11892009 0
v -1.81187606 -2.11174035 0
v -3.13563585 -3.43550062 0
v -3.30110598 -3.60097027 0
v -3.4665761 -3.76644087 0
v -3.13563585 -3.76644087 0
v 0.00829411 -0.29156971 0
v -0.15717578 -0.45703983 0
v 0.17376423 -0.45703983 0
v 0.17376423 -0.12609959 0
v -0.48811579 -0.78798008 0
v -1.31546593 -1.61533022 0
v -1.48093593 -1.7808001 0
v -1.1499958 -1.7808001 0
v -2.63922596 -2.93909073 0
v -2.80469584 -3.10456085 0
v -2.47375584 -3.10456085 0
v -3.96298671 -4.26285028 0
v -4.12845612 -4.42832041 0
v -3.79751635 -4.42832041 0
v -3.79751635 -4.09738064 0
v -2.47375584 -2.77362108 0
v -1.1499958 -1.44986033 0
v -1.97734618 -2.27721024 0
v -2.14281607 -2.44268084 0
v -1.81187606 -2.44268084 0
v -3.63204598 -4.59379101 0
v -3.96298575 -4.59379101 0
v -4.29392624 -4.59379101 0
v 3.31769466 -4.59379101 0
v 3.64863443 -4.59379101 0
v 2.98675442 -4.59379101 0
v 0.67017436 -4.59379101 0
v 1.00111437 -4.59379101 0
v 0.33923423 -4.59379101 0
v 8.94367409 -3.60097027 0
v 8.94367409 -3.2700305 0
v 8.94367409 -3.93191051 0
v 8.94367409 -2.93909073 0
v 8.94367409 -2.60815096 0
v 8.61273384 -4.59379101 0
v 8.94367409 -4.59379101 0
v 8.2817955 -4.59379101 0
v 8.94367409 -4.26285076 0
v 5.96521473 -4.59379101 0
v 6.29615498 -4.59379101 0
v 5.63427401 -4.59379101 0
v -7.2723856 -4.59379101 0
v -6.94144583 -4.59379101 0
v -7.60332584 -4.59379101 0
v -9.91990662 -4.59379101 0
v -9.58896637 -4.59379101 0
v -10.25084686 -4.59379101 0
v -1.97734582 -4.59379101 0
v -1.64640582 -4.59379101 0
v -2.30828571 -4.59379101 0
v -4.62486601 -4.59379101 0
v -4.95580578 -4.59379101 0
v 1.99393415 -4.59379101 0
v 2.32487416 -4.59379101 0
v 1.66299415 -4.59379101 0
v -0.65358573 -4.59379101 0
v -0.32264566 -4.59379101 0
v -0.98452574 -4.59379101 0
v 7.28897524 -4.59379101 0
v 7.61991453 -4.59379101 0
v 6.95803499 -4.59379101 0
v 4.6414547 -4.59379101 0
v 4.97239447 -4.59379101 0
v 4.31051445 -4.59379101 0
v -8.59614563 -4.59379101 0
v -8.26520538 -4.59379101 0
v -8.92708588 -4.59379101 0
v -11.2436657 -4.59379101 0
v -10.91272545 -4.59379101 0
v -11.57460594 -4.59379101 0
v -3.30110598 -4.59379101 0
v -2.97016597 -4.59379101 0
v -5.94862604 -4.59379101 0
v -5.61768627 -4.59379101 0
v -6.27956581 -4.59379101 0
v -1.64640582 6.98910952 0.03657945
v -1.64640582 7.32004929 0.0243863
v -1.64640582 7.65098906 0.01219315
v -1.64640582 7.9819293 0
v 8.94367409 4.34158993 0.26213759
v 8.94367409 4.67253017 0.47979051
v 8.94367409 4.01065016 0.04448467
v 8.94367409 5.00347042 0.69744343
v 8.94367409 5.33441067 0.91509634
v 8.94367409 3.0178299 0.44539335
v 8.94367409 3.34877014 0.31175715
v 8.94367409 2.68688989 0.57902962
v 8.94367409 3.67970991 0.17812091
v 8.94367409 6.98910952 0.36362314
v 8.94367409 7.32004929 0.29140773
v 8.94367409 6.65816975 0.43583855
v 8.94367409 7.65098906 0.21919233
v 8.94367409 7.9819293 0.14697689
v 8.94367409 5.66534996 0.79528195
v 8.94367409 5.99629021 0.67546749
v 8.94367409 6.32722998 0.55565298
v 8.94367409 -0.95344996 0
v 8.94367409 -0.62250996 0
v 8.94367409 -1.28439021 0
v 8.94367409 -0.29156995 0
v 8.94367409 0.0393703 0
v 8.94367409 -2.27721071 0
v 8.94367409 -1.94627047 0
v 8.94367409 -1.61533046 0
v 8.94367409 1.6940701 0.1447574
v 8.94367409 2.02501011 0.28951481
v 8.94367409 1.36313009 0
v 8.94367409 2.35594988 0.43427223
v 8.94367409 0.37031031 0
v 8.94367409 0.7012502 0
v 8.94367409 1.03219008 0
v -6.61050606 -4.59379101 0
v -11.90554619 -4.59379101 0
v -12.23648643 -4.59379101 0
v -9.25802612 -4.59379101 0
v 3.9795742 -4.59379101 0
v 6.62709475 -4.59379101 0
v -1.31546581 -4.59379101 0
v 1.33205414 -4.59379101 0
v -5.28674555 -4.59379101 0
v -2.63922596 -4.59379101 0
v -10.58178711 -4.59379101 0
v -7.93426609 -4.59379101 0
v 5.30333424 -4.59379101 0
v 7.95085478 -4.59379101 0
v 2.65581417 -4.59379101 0
v 0.00829422 -4.59379101 0
vn 0 0 1
vn 0 0 1
vn 0 0 1
vn 0 0 1
vn 0 0 1
vn 0 0 1
vn 0 0 1
vn 0 0 1
vn 0 0 1
vn 0 0 1
vn 0 0 1
vn 0 0 1
vn 0 0 1
vn 0 0 1
vn 0 0 1
vn 0 0 1
vn 0 0 1
vn 0 0 1
vn 0 0 1
vn 0 0 1
vn 0 0 1
vn 0 0 1
vn 0 0 1
vn 0 0 1
vn 0 0 1
vn 0 0 1
vn 0 0 1
vn 0 0 1
vn 0 0 1
vn 0 0 1
vn 0 0 1
vn 0 0 1
vn 0 0 1
vn 0 0 1
vn 0 0 1
vn 0 0 1
vn 0 0 1
vn 0 0 1
vn 0 0 1
vn 0 0 1
vn 0 0 1
vn 0 0 1
vn 0 0 1
vn 0 0 1
vn 0 0 1
vn 0.09667 -0.21746 0.97127
vn -0.0703 -0.1043 0.99206
vn -0.4708 -0.45909 0.75338
vn 0.22241 -0.05487 0.97341
vn -0.1471 -0.23956 0.95967
vn -0.26908 -0.17593 0.94691
vn 0 0 1
vn 0 0 1
vn 0 0 1
vn 0.5619 0.04428 0.82602
vn 0.29516 -0.50826 0.80904
vn 0.38616 0.03772 0.92166
vn -0.13439 -0.03675 0.99025
vn -0.09727 -0.07287 0.99259
vn -0.17028 -0.07267 0.98271
vn 0 0 1
vn 0 0 1
vn 0 0 1
vn 0 0 1
vn 0 0 1
vn 0 0 1
vn 0 0 1
vn 0 0 1
vn 0 0 1
vn 0 0 1
vn 0 0 1
vn 0 0 1
vn 0 0 1
vn 0 0 1
vn 0 0 1
vn 0 0 1
vn 0 0 1
vn 0 0 1
vn 0 0 1
vn 0 0 1
vn 0 0 1
vn 0 0 1
vn 0 0 1
vn 0 0 1
vn 0 0 1
vn 0 0 1
vn 0 0 1
vn 0 0 1
vn 0 0 1
vn 0 0 1
vn 0 0 1
vn 0 0 1
vn 0 0 1
vn 0 0 1
vn 0 0 1
vn 0 0 1
vn 0 0 1
vn 0 0 1
vn 0 0 1
vn 0 0 1
vn 0 0 1
vn 0 0 1
vn -0.5105 0.5105 0.69194
vn -0.54288 0.54288 0.64076
vn -0.44168 0.62227 0.64629
vn 0.05175 0.72008 0.69195
vn 0.53791 0.53791 0.64908
vn 0.43355 0.63999 0.63439
vn 0 0 1
vn 0.54288 -0.54288 0.64076
vn 0.70842 0.08493 0.70066
vn -0.03694 0.06151 0.99742
vn -0.07391 0.09805 0.99243
vn 0 0.17073 0.98532
vn 0 0 1
vn 0 0 1
vn 0 0 1
vn 0 0 1
vn 0 0 1
vn 0 0 1
vn 0 0 1
vn 0 0 1
vn 0 0 1
vn 0 0 1
vn 0 0 1
vn 0 0 1
vn 0 0 1
vn 0 0 1
vn 0 0 1
vn 0 0 1
vn 0 0 1
vn 0 0 1
vn 0 0 1
vn 0 0 1
vn 0 0 1
vn 0 0 1
vn 0 0 1
vn 0 0 1
vn 0 0 1
vn 0 0 1
vn -0.72009 -0.05175 0.69195
vn -0.53791 -0.53791 0.64908
vn -0.70842 -0.08492 0.70066
vn -0.10675 0.39473 0.91257
vn -0.27358 0.72943 0.62696
vn -0.12954 0.47352 0.8712
vn -0.00615 0.00615 0.99996
vn -0.01229 0.01229 0.99985
vn 0 0.01229 0.99992
vn 0.04158 0.00857 0.9991
vn 0.43241 -0.43241 0.79123
vn 0.54481 0.07306 0.83537
vn 0.04449 0.38592 0.92146
vn 0.19673 0.58599 0.78607
vn 0.09059 0.31583 0.94448
vn 0.0779 0.35939 0.92993
vn 0.11619 0.59756 0.79336
vn 0.00837 0.28417 0.95874
vn 0 0 1
vn 0 0 1
vn 0 0 1
vn -0.042 -0.38816 0.92063
vn 0.04784 -0.06357 0.99683
vn 0.08856 -0.37364 0.92334
vn 0.10144 -0.39623 0.91253
vn 0.00436 -0.02021 0.99979
vn 0.00811 -0.36982 0.92907
vn 0.03675 0.13439 0.99025
vn 0.07287 0.09727 0.99259
vn 0 0.02457 0.9997
vn -0.18678 0.06073 0.98052
vn -0.26059 -0.31391 0.91299
vn -0.35763 0.02897 0.93341
vn -0.38659 -0.01607 0.92211
vn -0.8077 0.18655 0.55931
vn -0.73861 0.1719 0.65184
vn -0.09638 0.04943 0.99412
vn -0.13288 0.03684 0.99045
vn -0.20581 -0.0153 0.97847
vn -0.07246 -0.69837 0.71206
vn 0.40068 -0.55511 0.72891
vn 0.77177 -0.28521 0.56835
vn 0.2099 0.53386 0.8191
vn 0.06968 0.8616 0.50279
vn -0.30689 0.49777 0.8112
vn -0.04034 0.16434 0.98558
vn -0.20487 -0.08151 0.97539
vn -0.51432 -0.13038 0.84763
vn 0 0 1
vn 0 0 1
vn 0 0 1
vn 0.03209 -0.1097 0.99345
vn 0.02507 -0.2681 0.96307
vn 0.05159 -0.05617 0.99709
vn -0.08768 -0.33014 0.93985
vn -0.08029 -0.16752 0.98259
vn -0.14953 -0.41725 0.8964
vn 0.05703 0.50877 0.85901
vn 0.23871 0.73019 0.64019
vn 0.13224 0.4377 0.88934
vn 0 0 1
vn 0 0 1
vn 0 0 1
vn -0.00615 0.00615 0.99996
vn -0.01229 0.01229 0.99985
vn 0 0.02457 0.9997
vn -0.11056 0.11056 0.9877
vn -0.3917 0.3917 0.83255
vn -0.0229 0.36238 0.93175
vn 0.05177 0.57002 0.82
vn 0.42863 0.42863 0.79533
vn 0.34476 0.51913 0.78208
vn 0.388 0.416 0.82244
vn 0.53917 0.158 0.82724
vn 0.40382 0.24279 0.88203
vn 0.56394 0.04262 0.82471
vn 0.57896 -0.22867 0.78263
vn 0.66558 0.10973 0.73822
vn 0.02386 0.08732 0.99589
vn 0.04755 0.06336 0.99686
vn 0 0.01585 0.99987
vn -0.00524 0.0211 0.99976
vn -0.01049 0.02634 0.9996
vn 0 0.03682 0.99932
vn 0.07642 0.22827 0.97059
vn 0.18023 0.30487 0.93519
vn -0.02094 0.06378 0.99774
vn 0.00218 0.02239 0.99975
vn 0.00436 0.02021 0.99979
vn 0 0.01585 0.99987
vn -0.02392 0.03977 0.99892
vn -0.04784 0.06357 0.99683
vn 0 0.11108 0.99381
vn -0.06931 0.3046 0.94996
vn -0.20492 0.59615 0.77628
vn -0.08856 0.37364 0.92334
vn -0.01194 -0.0437 0.99897
vn 0 0 1
vn 0 -0.05562 0.99845
vn 0.01196 -0.01989 0.99973
vn 0 0 1
vn 0 -0.00793 0.99997
vn 0 0 1
vn 0 0 1
vn 0 0 1
vn -0.01856 -0.58072 0.81389
vn 0.21585 -0.58832 0.77928
vn 0.35067 -0.49421 0.79548
vn 0.39298 -0.39298 0.83134
vn 0.27888 -0.27888 0.91894
vn 0.49987 -0.18706 0.84565
vn 0.08047 -0.29582 0.95185
vn 0.00793 -0.00793 0.99994
vn 0.01529 -0.26374 0.96447
vn 0 0 1
vn 0 0 1
vn 0 0 1
vn 0 0 1
vn 0 0 1
vn 0 0 1
vn 0.35121 -0.58151 0.73383
vn 0.13234 -0.59857 0.79007
vn 0.2514 -0.52688 0.81191
vn 0.0028 -0.54931 0.83562
vn -0.18813 -0.59437 0.78188
vn -0.31731 -0.56461 0.76192
vn -0.00189 -0.31566 0.94887
vn -0.04755 -0.06336 0.99686
vn -0.09031 -0.32427 0.94164
vn -0.34028 0.11601 0.93314
vn -0.66068 0.01417 0.75053
vn -0.85631 -0.22437 0.46518
vn -0.13379 -0.07151 0.98843
vn 0.47389 -0.52837 0.70445
vn 0.65249 0.0261 0.75735
vn -0.20487 -0.36828 0.90686
vn 0.07541 -0.04553 0.99611
vn 0.4253 -0.19388 0.88404
vn -0.31104 0.04896 0.94914
vn -0.58696 0.22615 0.77739
vn -0.35481 0.48268 0.8007
vn -0.09752 0.43101 0.89706
vn 0.1924 0.32625 0.9255
vn 0.00601 0.14902 0.98882
vn -0.12009 0.44764 0.88611
vn 0.5047 0.33173 0.79702
vn 0.39006 0.35095 0.85128
vn -0.05518 -0.00906 0.99844
vn -0.21934 0.02167 0.97541
vn -0.02506 0.00769 0.99966
vn 0.11016 -0.03961 0.99312
vn 0.06329 -0.08665 0.99423
vn -0.02205 -0.01858 0.99958
vn 0.16794 -0.05031 0.98451
vn 0.15649 -0.02736 0.9873
vn -0.03525 0.05886 0.99764
vn 0.61008 -0.62394 0.48837
vn 0.74222 0.15977 0.65084
vn 0 0 1
vn 0 0 1
vn 0 0 1
vn 0.00198 -0.00198 1
vn 0 0 1
vn 0 0 1
vn 0.68575 0.11802 0.7182
vn 0.53234 -0.60345 0.59368
vn 0.776 0.12556 0.61811
vn 0 0 1
vn 0 0 1
vn 0 0 1
vn 0 0 1
vn 0 0 1
vn 0 0 1
vn 0.55448 -0.33014 0.76391
vn 0.31002 0.19569 0.93037
vn 0.44889 -0.26852 0.85229
vn 0.19175 0.19691 0.96149
vn -0.36566 0.17833 0.91351
vn -0.38426 0.15746 0.9097
vn 0.00831 0.18073 0.9835
vn 0.39876 0.17586 0.90004
vn 0.41427 0.19404 0.88923
vn 0.10235 0.47498 0.87402
vn 0.51632 0.47447 0.71295
vn 0.37669 0.23785 0.89529
vn -0.25257 0.14976 0.95592
vn -0.50453 0.14073 0.85185
vn -0.49442 0.15364 0.85554
vn 0.14117 0.18123 0.97326
vn 0.70636 0.13761 0.69435
vn 0.71155 0.14913 0.68663
vn -0.23398 0.24585 0.94064
vn -0.48989 0.59844 0.63394
vn 0.57974 0.57176 0.5805
vn -0.00031 -0.04394 0.99903
vn 0 0 1
vn 0 -0.04426 0.99902
vn -0.02035 -0.10461 0.99431
vn 0 0 1
vn 0 -0.12479 0.99218
vn -0.00578 -0.14149 0.98992
vn 0 0 1
vn 0 -0.14721 0.98911
vn 0.00615 -0.12954 0.99156
vn 0 0 1
vn 0 -0.12343 0.99235
vn 0 0 1
vn 0 0 1
vn 0 0 1
vn -0.0602 -0.397 0.91584
vn -0.17421 -0.09183 0.98042
vn -0.31633 -0.61573 0.72168
vn 0.09676 -0.34967 0.93186
vn 0.19286 -0.36095 0.91243
vn 0.16444 -0.17961 0.9699
vn 0.05775 -0.20473 0.97711
vn 0.12436 -0.12436 0.98441
vn 0.24162 -0.16468 0.95629
vn 0.08349 -0.17361 0.98127
vn 0.12118 -0.38084 0.91667
vn 0.36503 0.09032 0.9266
vn 0.15407 -0.22153 0.9629
vn 0.09376 -0.01066 0.99554
vn 0.22837 -0.21759 0.94895
vn -0.03176 -0.2706 0.96217
vn -0.02334 -0.2694 0.96275
vn -0.04755 -0.22189 0.97391
vn -0.00465 -0.01395 0.99989
vn 0 0 1
vn 0 -0.0186 0.99983
vn -0.00611 -0.0369 0.9993
vn 0 0 1
vn 0 -0.04301 0.99907
vn 0 0 1
vn 0 0 1
vn 0 0 1
vn -0.1722 -0.27244 0.94664
vn -0.11423 -0.30348 0.94596
vn -0.18398 -0.30347 0.93491
vn -0.21624 -0.39048 0.89486
vn -0.12916 -0.47287 0.87162
vn -0.26789 -0.47747 0.83681
vn -0.04214 -0.2136 0.97601
vn -0.00125 -0.08718 0.99619
vn -0.00245 -0.23106 0.97294
vn 0.27371 -0.10025 0.95657
vn -0.01697 -0.03281 0.99932
vn -0.03383 -0.08953 0.99541
vn -0.13313 -0.19575 0.97157
vn -0.1316 -0.14397 0.98079
vn -0.22011 -0.29192 0.93077
vn -0.01818 -0.02529 0.99951
vn -0.01859 -0.01859 0.99965
vn -0.03716 -0.04346 0.99836
vn -0.00307 -0.00922 0.99995
vn 0 0 1
vn 0 -0.01229 0.99992
vn -0.01841 -0.06734 0.99756
vn 0 0 1
vn 0 -0.08568 0.99632
vn 0 0 1
vn 0 0 1
vn 0 0 1
vn 0 0 1
vn 0 0 1
vn 0 0 1
vn -0.06098 -0.12175 0.99069
vn -0.02441 -0.06155 0.99781
vn -0.04831 -0.16415 0.98525
vn 0.07585 -0.07585 0.99423
vn 0 0 1
vn 0 -0.00793 0.99997
vn 0 0 1
vn 0 0 1
vn 0 0 1
vn 0.30597 -0.01112 0.95198
vn -0.20348 -0.14176 0.96876
vn 0.11157 0.20387 0.97262
vn -0.46658 -0.06189 0.88231
vn -0.78118 -0.16102 0.60318
vn -0.86289 -0.31806 0.39275
vn -0.41715 -0.36872 0.83069
vn -0.10299 -0.72028 0.68599
vn -0.59739 -0.3858 0.70305
vn 0.10076 0.1408 0.9849
vn -0.16745 0.10812 0.97993
vn -0.05816 0.16418 0.98471
vn 0.0065 0.14484 0.98943
vn 0.02665 0.33998 0.94006
vn 0.17556 0.21402 0.96092
vn -0.17756 -0.07965 0.98088
vn -0.16195 -0.29747 0.9409
vn -0.11047 -0.01554 0.99376
vn 0.01848 -0.03077 0.99936
vn 0 0 1
vn 0 -0.01229 0.99992
vn 0.00109 -0.00902 0.99996
vn 0 0 1
vn 0 -0.00793 0.99997
vn 0 0 1
vn 0 0 1
vn 0 0 1
vn -0.15199 -0.29722 0.94263
vn -0.07287 -0.09727 0.99259
vn -0.13224 -0.4377 0.88934
vn 0 0 1
vn 0 0 1
vn 0 0 1
vn 0 0 1
vn 0 0 1
vn 0 0 1
vn 0.31666 0.61906 0.71867
vn 0.29352 0.5077 0.80999
vn 0.24239 0.57313 0.78279
vn -0.07988 0.54329 0.83574
vn -0.36213 0.48714 0.79471
vn -0.33185 0.50494 0.79682
vn -0.04044 0.00354 0.99918
vn -0.36143 -0.48677 0.79525
vn -0.44316 -0.02688 0.89604
vn -0.06151 0.03694 0.99742
vn -0.09805 0.07391 0.99243
vn -0.02451 0.07371 0.99698
vn -0.39473 0.10675 0.91257
vn -0.72943 0.27359 0.62696
vn -0.65586 0.24005 0.7157
vn -0.50878 -0.05702 0.85901
vn -0.73019 -0.23871 0.64019
vn -0.81503 -0.1424 0.56165
vn -0.53579 -0.53579 0.65258
vn -0.23871 -0.73019 0.64019
vn -0.43355 -0.63999 0.63439
vn -0.05175 -0.72009 0.69195
vn 0.27358 -0.72943 0.62696
vn 0.44168 -0.62227 0.64629
vn -0.05703 -0.50877 0.85901
vn 0.07391 -0.09805 0.99243
vn 0.12954 -0.47352 0.8712
vn -0.01843 -0.00614 0.99981
vn -0.01229 -0.01229 0.99985
vn -0.02457 -0.01228 0.99962
vn -0.29723 -0.15199 0.94263
vn -0.32286 -0.32286 0.88967
vn -0.63427 -0.34447 0.69213
vn -0.01229 -0.01229 0.99985
vn -0.01229 -0.01229 0.99985
vn -0.02457 -0.02457 0.9994
vn 0 0 1
vn 0 0 1
vn 0 0 1
vn 0 0 1
vn 0 0 1
vn 0.38023 0.31303 0.87031
vn 0.34093 -0.12149 0.9322
vn 0 0 1
vn 0.4555 -0.5023 0.73499
vn -0.02457 0 0.9997
vn 0 0 1
vn 0 0 1
vn 0 0 1
vn 0 0 1
vn 0 0 1
vn 0 0 1
vn 0 0 1
vn 0 0 1
vn 0 0 1
vn 0 0 1
vn 0 0 1
vn 0 0 1
vn 0 0 1
vn 0 0 1
vn -0.62227 0.44168 0.64629
vn 0.08492 0.70842 0.70066
vn -0.08492 -0.70842 0.70066
vn -0.07371 0.02451 0.99698
vn 0 0 1
vn 0 0 1
vn 0 0 1
vn 0 0 1
vn 0 0 1
vn 0 0 1
vn 0 0 1
vn 0 0 1
vn -0.63999 -0.43355 0.63439
vn -0.24005 0.65586 0.7157
vn -0.02457 0 0.9997
vn -0.01951 -0.54617 0.83745
vn 0.12044 0.67839 0.72476
vn 0.16604 0.66624 0.72702
vn 0 0 1
vn -0.0475 -0.11095 0.99269
vn 0.07371 -0.02451 0.99698
vn 0.07267 0.17028 0.98271
vn -0.14732 -0.24456 0.95838
vn -0.44189 -0.05657 0.89528
vn -0.03973 0.1115 0.99297
vn -0.30182 -0.8277 0.47309
vn 0.34652 0.88025 0.32416
vn 0.26196 0.22627 0.93818
vn 0 0 1
vn -0.02334 -0.29113 0.9564
vn -0.00125 -0.08843 0.99608
vn 0.1424 0.81502 0.56166
vn 0 0 1
vn -0.01229 0 0.99992
vn -0.36238 0.0229 0.93175
vn 0.08207 0.54443 0.83478
vn 0.51122 0.34668 0.78643
vn 0.49421 -0.35067 0.79548
vn 0.0475 0.11095 0.99269
vn -0.01049 0.01585 0.99982
vn 0.22691 0.49558 0.8384
vn 0.00436 0.02457 0.99969
vn -0.04778 0.01584 0.99873
vn -0.16593 0.51688 0.83982
vn 0 0 1
vn 0 0 1
vn 0 0 1
vn -0.11239 -0.67904 0.72545
vn 0.18706 -0.49987 0.84565
vn 0.04778 -0.01584 0.99873
vn 0 0 1
vn 0 0 1
vn 0.23438 -0.6568 0.71672
vn 0.08805 -0.52211 0.84832
vn 0.00436 -0.01585 0.99986
vn -0.08351 0.45696 0.88556
vn -0.29211 -0.65565 0.69627
vn -0.30601 -0.38454 0.87091
vn -0.38135 -0.08026 0.92094
vn 0.00562 0.51627 0.85641
vn -0.0671 0.54053 0.83865
vn -0.23276 0.03581 0.97188
vn -0.0133 -0.03895 0.99915
vn -0.11813 -0.75456 0.64551
vn 0 0 1
vn 0 0 1
vn 0.42919 -0.73255 0.52837
vn 0 0 1
vn 0 0 1
vn 0.52408 0.0397 0.85074
vn 0.21705 0.20718 0.95392
vn -0.00069 0.17055 0.98535
vn 0.21812 0.74889 0.62577
vn -0.26404 0.14373 0.95374
vn 0.12946 0.17527 0.97597
vn -0.71865 -0.30107 0.62682
vn 0 0 1
vn 0 0 1
vn 0 0 1
vn 0 0 1
vn 0 0 1
vn 0.14218 0.13317 0.98084
vn -0.07892 -0.33291 0.93965
vn 0.02506 -0.24489 0.96923
vn -0.19363 -0.57033 0.79827
vn 0.16084 -0.14995 0.97552
vn -0.08003 -0.24683 0.96575
vn 0 0 1
vn 0 0 1
vn 0 0 1
vn -0.13613 -0.23946 0.96131
vn -0.0915 -0.36732 0.92558
vn -0.0244 -0.08591 0.996
vn 0.26374 -0.01529 0.96447
vn -0.03554 -0.04975 0.99813
vn 0 0 1
vn 0 0 1
vn 0 0 1
vn 0 0 1
vn 0 0 1
vn -0.01859 -0.03719 0.99914
vn 0.00793 0 0.99997
vn 0 0 1
vn 0.07263 -0.48811 0.86975
vn -0.28794 0.16821 0.94276
vn -0.14084 -0.54488 0.8266
vn 0.07617 -0.00294 0.99709
vn -0.08275 0.21612 0.97285
vn -0.2363 -0.34556 0.90816
vn 0 0 1
vn 0 0 1
vn 0 0 1
vn -0.01228 -0.02457 0.99962
vn 0 0 1
vn 0 0 1
vn 0.41083 0.51442 0.75272
vn -0.07136 0.4966 0.86504
vn 0.00097 -0.49787 0.86725
vn -0.17073 0 0.98532
vn -0.47353 0.12954 0.8712
vn -0.43771 -0.13223 0.88934
vn -0.34447 -0.63427 0.69213
vn -0.1424 -0.81503 0.56166
vn -0.07267 -0.17028 0.98271
vn 0 0 1
vn -0.02457 -0.02457 0.9994
vn 0 0 1
vn -0.01229 -0.01229 0.99985
vn 0 0 1
vn -0.01229 -0.01229 0.99985
vn 0 0 1
vn 0 0 1
vn 0 0 1
vn 0 0 1
vn -0.32286 -0.32286 0.88967
vn -0.02457 -0.02457 0.9994
vn -0.32286 -0.32286 0.88967
vn -0.02457 -0.02457 0.9994
vn -0.02457 -0.02457 0.9994
vn -0.02457 -0.02457 0.9994
vn -0.02457 -0.02457 0.9994
vn -0.01229 -0.01229 0.99985
vn 0 0 1
vn -0.01229 -0.01229 0.99985
vn 0 0 1
vn 0 0 1
vn 0 0 1
vn 0 0 1
vn 0.07391 -0.09805 0.99243
vn 0 -0.17073 0.98532
vn 0.07391 -0.09805 0.99243
vn 0 -0.17073 0.98532
vn -0.07267 -0.17028 0.98271
vn -0.07267 -0.17028 0.98271
vn 0 -0.17073 0.98532
vn 0.27358 -0.72943 0.62696
vn 0.08407 -0.8205 0.56543
vn 0.27358 -0.72943 0.62696
vn 0.08407 -0.8205 0.56543
vn -0.1424 -0.81503 0.56165
vn -0.1424 -0.81503 0.56165
vn 0.08407 -0.8205 0.56543
vn -0.23871 -0.73019 0.64019
vn -0.10897 -0.67159 0.73286
vn -0.23871 -0.73019 0.64019
vn -0.10897 -0.67159 0.73287
vn -0.34447 -0.63427 0.69213
vn -0.34447 -0.63427 0.69213
vn -0.10897 -0.67159 0.73287
vn -0.73018 -0.23871 0.6402
vn -0.67159 -0.10897 0.73286
vn -0.73019 -0.2387 0.6402
vn -0.67159 -0.10897 0.73286
vn -0.43771 -0.13223 0.88934
vn -0.43771 -0.13224 0.88934
vn -0.67159 -0.10897 0.73286
vn -0.72943 0.27358 0.62696
vn -0.8205 0.08407 0.56543
vn -0.72943 0.27359 0.62696
vn -0.8205 0.08407 0.56543
vn -0.47353 0.12954 0.8712
vn -0.47353 0.12954 0.8712
vn -0.8205 0.08407 0.56543
vn -0.09805 0.07391 0.99243
vn -0.17073 0 0.98532
vn -0.09805 0.07391 0.99243
vn -0.17073 0 0.98532
vn -0.17073 0 0.98532
vn -0.17073 0 0.98532
vn -0.17073 0 0.98532
vn -0.36143 -0.48677 0.79525
vn -0.3397 -0.46826 0.81568
vn -0.36143 -0.48677 0.79525
vn -0.3397 -0.46826 0.81568
vn 0.00097 -0.49787 0.86725
vn 0.00097 -0.49787 0.86725
vn -0.3397 -0.46826 0.81568
vn -0.36213 0.48714 0.79471
vn -0.39419 0.45755 0.79703
vn -0.36213 0.48714 0.79471
vn -0.39419 0.45755 0.79703
vn -0.07136 0.4966 0.86504
vn -0.07136 0.4966 0.86504
vn -0.39419 0.45755 0.79703
vn 0.29352 0.5077 0.80999
vn 0.32691 0.53323 0.78025
vn 0.29352 0.5077 0.80999
vn 0.32691 0.53323 0.78025
vn 0.41083 0.51442 0.75272
vn 0.41083 0.51442 0.75272
vn 0.32691 0.53323 0.78025
vn 0 0 1
vn 0 0 1
vn 0 0 1
vn 0 0 1
vn 0 0 1
vn 0 0 1
vn 0 0 1
vn 0 0 1
vn 0 0 1
vn 0 0 1
vn 0 0 1
vn 0 0 1
vn 0 0 1
vn 0 0 1
vn -0.07287 -0.09727 0.99259
vn 0 -0.02457 0.9997
vn -0.07287 -0.09727 0.99259
vn 0 -0.02457 0.9997
vn -0.01228 -0.02457 0.99962
vn -0.01228 -0.02457 0.99962
vn 0 -0.02457 0.9997
vn 0 0 1
vn 0 0 1
vn 0 0 1
vn 0 0 1
vn 0 0 1
vn 0 0 1
vn 0 0 1
vn 0 0 1
vn 0 0 1
vn 0 0 1
vn 0 0 1
vn 0 0 1
vn 0 0 1
vn 0 0 1
vn 0 0 1
vn 0 0 1
vn 0 0 1
vn 0 0 1
vn 0 0 1
vn 0 0 1
vn 0 0 1
vn -0.16195 -0.29747 0.9409
vn -0.21581 -0.34725 0.9126
vn -0.16195 -0.29747 0.9409
vn -0.21581 -0.34725 0.9126
vn -0.2363 -0.34556 0.90816
vn -0.2363 -0.34556 0.90816
vn -0.21581 -0.34725 0.9126
vn 0.02665 0.33998 0.94006
vn -0.10788 0.2156 0.97051
vn 0.02665 0.33998 0.94006
vn -0.10788 0.2156 0.9705
vn -0.08275 0.21612 0.97285
vn -0.08275 0.21612 0.97285
vn -0.10788 0.2156 0.9705
vn -0.16745 0.10812 0.97993
vn -0.27334 -0.00283 0.96191
vn -0.16745 0.10812 0.97993
vn -0.27334 -0.00283 0.96191
vn 0.07617 -0.00294 0.99709
vn 0.07617 -0.00294 0.99709
vn -0.27334 -0.00283 0.96191
vn -0.10299 -0.72028 0.68599
vn 0.19699 -0.53959 0.81856
vn -0.10299 -0.72028 0.68599
vn 0.19699 -0.53959 0.81856
vn -0.14084 -0.54488 0.8266
vn -0.14083 -0.54488 0.8266
vn 0.19699 -0.53959 0.81856
vn -0.78118 -0.16102 0.60318
vn -0.64162 0.13472 0.7551
vn -0.78118 -0.16102 0.60319
vn -0.64162 0.13472 0.7551
vn -0.28794 0.16821 0.94276
vn -0.28794 0.16821 0.94276
vn -0.64162 0.13472 0.7551
vn -0.20348 -0.14176 0.96876
vn -0.47852 -0.42974 0.76573
vn -0.20348 -0.14176 0.96876
vn -0.47852 -0.42974 0.76573
vn 0.07263 -0.48811 0.86975
vn 0.07263 -0.48811 0.86975
vn -0.47852 -0.42974 0.76573
vn 0 0 1
vn 0 0 1
vn 0 0 1
vn 0 0 1
vn 0 0 1
vn 0 0 1
vn 0 0 1
vn 0 0 1
vn 0 0 1
vn 0 0 1
vn 0 0 1
vn 0.00793 0 0.99997
vn 0.00793 0 0.99997
vn 0 0 1
vn -0.02441 -0.06155 0.99781
vn 0 -0.0372 0.99931
vn -0.02441 -0.06155 0.99781
vn 0 -0.0372 0.99931
vn -0.01859 -0.03719 0.99914
vn -0.01859 -0.03719 0.99914
vn 0 -0.0372 0.99931
vn 0 0 1
vn 0 0 1
vn 0 0 1
vn 0 0 1
vn 0 0 1
vn 0 0 1
vn 0 0 1
vn 0 0 1
vn 0 0 1
vn 0 0 1
vn 0 0 1
vn 0 0 1
vn 0 0 1
vn 0 0 1
vn 0 0 1
vn 0 0 1
vn 0 0 1
vn 0 0 1
vn 0 0 1
vn 0 0 1
vn 0 0 1
vn 0 0 1
vn 0 0 1
vn 0 0 1
vn 0 0 1
vn 0 0 1
vn 0 0 1
vn 0 0 1
vn -0.01859 -0.01859 0.99965
vn 0 0 1
vn -0.01859 -0.01859 0.99965
vn 0 0 1
vn 0 0 1
vn 0 0 1
vn 0 0 1
vn -0.1316 -0.14397 0.98079
vn -0.03715 -0.04974 0.99807
vn -0.1316 -0.14397 0.98079
vn -0.03715 -0.04974 0.99807
vn -0.03554 -0.04975 0.99813
vn -0.03554 -0.04975 0.99813
vn -0.03715 -0.04974 0.99807
vn -0.01697 -0.03281 0.99932
vn 0 -0.01585 0.99987
vn -0.01697 -0.03281 0.99932
vn 0 -0.01585 0.99987
vn 0.26374 -0.01529 0.96447
vn 0.26374 -0.01529 0.96447
vn 0 -0.01585 0.99987
vn -0.00125 -0.08718 0.99619
vn 0 -0.08594 0.9963
vn -0.00125 -0.08718 0.99619
vn 0 -0.08594 0.9963
vn -0.0244 -0.08591 0.996
vn -0.0244 -0.08591 0.996
vn 0 -0.08594 0.9963
vn -0.12916 -0.47287 0.87162
vn -0.00234 -0.36886 0.92948
vn -0.12916 -0.47287 0.87162
vn -0.00234 -0.36886 0.92948
vn -0.0915 -0.36732 0.92558
vn -0.0915 -0.36732 0.92558
vn -0.00234 -0.36886 0.92948
vn -0.11423 -0.30348 0.94596
vn -0.04753 -0.24144 0.96925
vn -0.11423 -0.30348 0.94596
vn -0.04753 -0.24144 0.96925
vn -0.13613 -0.23946 0.96131
vn -0.13613 -0.23946 0.96131
vn -0.04753 -0.24144 0.96925
vn 0 0 1
vn 0 0 1
vn 0 0 1
vn 0 0 1
vn 0 0 1
vn 0 0 1
vn 0 0 1
vn 0 0 1
vn 0 0 1
vn 0 0 1
vn 0 0 1
vn 0 0 1
vn 0 0 1
vn 0 0 1
vn 0 0 1
vn 0 0 1
vn 0 0 1
vn 0 0 1
vn 0 0 1
vn 0 0 1
vn 0 0 1
vn -0.02334 -0.2694 0.96275
vn 0 -0.24762 0.96886
vn -0.02334 -0.2694 0.96275
vn 0 -0.24762 0.96886
vn -0.08003 -0.24683 0.96575
vn -0.08003 -0.24683 0.96575
vn 0 -0.24762 0.96886
vn 0.09376 -0.01065 0.99554
vn -0.0482 -0.15175 0.98724
vn 0.09376 -0.01065 0.99554
vn -0.0482 -0.15175 0.98724
vn 0.16084 -0.14995 0.97552
vn 0.16084 -0.14995 0.97552
vn -0.0482 -0.15175 0.98724
vn 0.12118 -0.38084 0.91667
vn -0.13449 -0.57605 0.80627
vn 0.12118 -0.38084 0.91667
vn -0.13449 -0.57605 0.80627
vn -0.19363 -0.57033 0.79827
vn -0.19363 -0.57033 0.79827
vn -0.13449 -0.57605 0.80627
vn 0.12436 -0.12436 0.98441
vn 0 -0.24497 0.96953
vn 0.12436 -0.12436 0.98441
vn 0 -0.24497 0.96953
vn 0.02506 -0.24489 0.96923
vn 0.02506 -0.24489 0.96923
vn 0 -0.24497 0.96953
vn 0.19286 -0.36094 0.91243
vn 0.23168 -0.32487 0.91694
vn 0.19286 -0.36094 0.91243
vn 0.23168 -0.32487 0.91694
vn -0.07892 -0.33291 0.93965
vn -0.07892 -0.33291 0.93965
vn 0.23168 -0.32487 0.91694
vn -0.17421 -0.09183 0.98042
vn 0.0512 0.13436 0.98961
vn -0.17421 -0.09183 0.98042
vn 0.05121 0.13436 0.98961
vn 0.14218 0.13317 0.98084
vn 0.14218 0.13317 0.98084
vn 0.0512 0.13436 0.98961
vn 0 0 1
vn 0 0 1
vn 0 0 1
vn 0 0 1
vn 0 0 1
vn 0 0 1
vn 0 0 1
vn 0 0 1
vn 0 0 1
vn 0 0 1
vn 0 0 1
vn 0 0 1
vn 0 0 1
vn 0 0 1
vn 0 0 1
vn 0 0 1
vn 0 0 1
vn 0 0 1
vn 0 0 1
vn 0 0 1
vn 0 0 1
vn 0 0 1
vn 0 0 1
vn 0 0 1
vn 0 0 1
vn 0 0 1
vn 0 0 1
vn 0 0 1
vn 0 0 1
vn 0 0 1
vn 0 0 1
vn 0 0 1
vn 0 0 1
vn 0 0 1
vn 0 0 1
vn -0.48989 0.59844 0.63394
vn -0.89266 -0.19515 0.4063
vn -0.48989 0.59844 0.63394
vn -0.89266 -0.19515 0.4063
vn -0.71865 -0.30107 0.62682
vn -0.71865 -0.30107 0.62682
vn -0.89266 -0.19515 0.4063
vn 0.70636 0.13761 0.69435
vn 0.70101 0.12605 0.70193
vn 0.70635 0.13761 0.69435
vn 0.70101 0.12605 0.70193
vn 0.12946 0.17527 0.97597
vn 0.12946 0.17527 0.97597
vn 0.70101 0.12605 0.70193
vn -0.50453 0.14073 0.85185
vn -0.5145 0.12778 0.84792
vn -0.50453 0.14073 0.85185
vn -0.5145 0.12778 0.84792
vn -0.26404 0.14373 0.95374
vn -0.26404 0.14373 0.95374
vn -0.5145 0.12778 0.84792
vn 0.51632 0.47447 0.71295
vn 0.62707 0.59775 0.49948
vn 0.51632 0.47447 0.71295
vn 0.62707 0.59775 0.49948
vn 0.21812 0.74889 0.62577
vn 0.21812 0.74889 0.62577
vn 0.62707 0.59775 0.49948
vn 0.39876 0.17586 0.90004
vn 0.38297 0.15755 0.91023
vn 0.39876 0.17586 0.90004
vn 0.38297 0.15755 0.91023
vn -0.00069 0.17055 0.98535
vn -0.00069 0.17055 0.98535
vn 0.38297 0.15755 0.91023
vn -0.36565 0.17833 0.91351
vn -0.34675 0.19907 0.91659
vn -0.36566 0.17833 0.91351
vn -0.34675 0.19907 0.91659
vn 0.21705 0.20718 0.95392
vn 0.21705 0.20718 0.95392
vn -0.34675 0.19907 0.91659
vn 0.31002 0.19569 0.93037
vn 0.16698 0.04596 0.98489
vn 0.31002 0.19569 0.93037
vn 0.16698 0.04596 0.98489
vn 0.52408 0.0397 0.85074
vn 0.52408 0.0397 0.85074
vn 0.16698 0.04596 0.98489
vn 0 0 1
vn 0 0 1
vn 0 0 1
vn 0 0 1
vn 0 0 1
vn 0 0 1
vn 0 0 1
vn 0 0 1
vn 0 0 1
vn 0 0 1
vn 0 0 1
vn 0 0 1
vn 0 0 1
vn 0 0 1
vn 0.53234 -0.60345 0.59369
vn 0.29445 -0.77509 0.55905
vn 0.53234 -0.60345 0.59368
vn 0.29445 -0.77509 0.55905
vn 0.42919 -0.73255 0.52837
vn 0.42919 -0.73255 0.52837
vn 0.29445 -0.77509 0.55905
vn 0 0 1
vn 0 0 1
vn 0 0 1
vn 0 0 1
vn 0 0 1
vn 0 0 1
vn 0 0 1
vn 0 0 1
vn 0 0 1
vn 0 0 1
vn 0 0 1
vn 0 0 1
vn 0 0 1
vn 0 0 1
vn 0.61008 -0.62394 0.48837
vn 0.66178 -0.56968 0.48735
vn 0.61008 -0.62394 0.48837
vn 0.66178 -0.56968 0.48735
vn -0.11813 -0.75456 0.64551
vn -0.11813 -0.75456 0.64551
vn 0.66178 -0.56968 0.48735
vn 0.16794 -0.05031 0.98451
vn 0.1796 -0.03832 0.98299
vn 0.16794 -0.05031 0.98451
vn 0.17959 -0.03832 0.98299
vn -0.0133 -0.03895 0.99915
vn -0.0133 -0.03895 0.99915
vn 0.1796 -0.03832 0.98299
vn 0.11016 -0.03961 0.99312
vn 0.15655 0.0076 0.98764
vn 0.11016 -0.03961 0.99312
vn 0.15654 0.0076 0.98764
vn -0.02506 0.00769 0.99966
vn -0.02506 0.00769 0.99966
vn 0.15655 0.0076 0.98764
vn -0.21934 0.02167 0.97541
vn -0.23276 0.03581 0.97188
vn -0.21934 0.02167 0.97541
vn -0.23276 0.03581 0.97188
vn -0.23276 0.03581 0.97188
vn -0.23276 0.03581 0.97188
vn -0.23276 0.03581 0.97188
vn 0.50469 0.33173 0.79702
vn 0.58652 0.43878 0.68078
vn 0.5047 0.33173 0.79702
vn 0.58652 0.43878 0.68078
vn -0.0671 0.54053 0.83865
vn -0.0671 0.54053 0.83865
vn 0.58652 0.43878 0.68078
vn 0.1924 0.32625 0.9255
vn 0.3653 0.4806 0.79724
vn 0.1924 0.32625 0.9255
vn 0.3653 0.4806 0.79724
vn 0.00562 0.51627 0.85641
vn 0.00562 0.51627 0.85641
vn 0.3653 0.4806 0.79724
vn -0.58696 0.22615 0.77739
vn -0.74853 -0.05757 0.6606
vn -0.58696 0.22615 0.77739
vn -0.74853 -0.05757 0.6606
vn -0.38135 -0.08026 0.92094
vn -0.38135 -0.08026 0.92094
vn -0.74853 -0.05757 0.6606
vn 0.07541 -0.04553 0.99611
vn -0.28105 -0.38764 0.87792
vn 0.07541 -0.04553 0.99611
vn -0.28105 -0.38764 0.87792
vn -0.30601 -0.38454 0.87091
vn -0.30601 -0.38454 0.87091
vn -0.28105 -0.38764 0.87792
vn 0.47389 -0.52837 0.70445
vn 0.33056 -0.64701 0.6871
vn 0.47389 -0.52837 0.70445
vn 0.33056 -0.64701 0.6871
vn -0.29211 -0.65565 0.69627
vn -0.29211 -0.65565 0.69627
vn 0.33056 -0.64701 0.6871
vn -0.66068 0.01417 0.75053
vn -0.32231 0.43409 0.84124
vn -0.66068 0.01417 0.75053
vn -0.32231 0.43409 0.84124
vn -0.08351 0.45696 0.88556
vn -0.08351 0.45696 0.88556
vn -0.32231 0.43409 0.84124
vn -0.04755 -0.06336 0.99686
vn 0 -0.01585 0.99987
vn -0.04755 -0.06336 0.99686
vn 0 -0.01585 0.99987
vn 0.00436 -0.01585 0.99986
vn 0.00436 -0.01585 0.99986
vn 0 -0.01585 0.99987
vn -0.18813 -0.59437 0.78188
vn -0.08141 -0.52241 0.8488
vn -0.18813 -0.59437 0.78188
vn -0.08141 -0.52241 0.8488
vn 0.08805 -0.52212 0.84832
vn 0.08805 -0.52211 0.84832
vn -0.08141 -0.52241 0.8488
vn 0.13234 -0.59857 0.79007
vn 0.00643 -0.6756 0.73724
vn 0.13234 -0.59857 0.79007
vn 0.00643 -0.6756 0.73724
vn 0.23438 -0.6568 0.71672
vn 0.23438 -0.6568 0.71672
vn 0.00643 -0.6756 0.73724
vn 0 0 1
vn 0 0 1
vn 0 0 1
vn 0 0 1
vn 0 0 1
vn 0 0 1
vn 0 0 1
vn 0 0 1
vn 0 0 1
vn 0 0 1
vn 0 0 1
vn 0 0 1
vn 0 0 1
vn 0 0 1
vn 0.00793 -0.00793 0.99994
vn 0 -0.01585 0.99987
vn 0.00793 -0.00793 0.99994
vn 0 -0.01585 0.99987
vn 0.04778 -0.01584 0.99873
vn 0.04778 -0.01584 0.99873
vn 0 -0.01585 0.99987
vn 0.27888 -0.27888 0.91894
vn 0.01365 -0.50881 0.86077
vn 0.27888 -0.27888 0.91894
vn 0.01365 -0.50881 0.86077
vn 0.18706 -0.49988 0.84565
vn 0.18706 -0.49987 0.84565
vn 0.01365 -0.50881 0.86077
vn 0.21585 -0.58832 0.77928
vn 0.06985 -0.6817 0.72829
vn 0.21585 -0.58832 0.77928
vn 0.06985 -0.6817 0.72829
vn -0.11239 -0.67904 0.72545
vn -0.11239 -0.67904 0.72545
vn 0.06985 -0.6817 0.72829
vn 0 0 1
vn 0 0 1
vn 0 0 1
vn 0 0 1
vn 0 0 1
vn 0 0 1
vn 0 0 1
vn 0 0 1
vn 0 0 1
vn 0 0 1
vn 0 0 1
vn 0 0 1
vn 0 0 1
vn 0 0 1
vn 0 0 1
vn 0 0 1
vn 0 0 1
vn 0 0 1
vn 0 0 1
vn 0 0 1
vn 0 0 1
vn -0.20492 0.59615 0.77628
vn -0.33427 0.494 0.80264
vn -0.20492 0.59615 0.77628
vn -0.33427 0.494 0.80264
vn -0.16593 0.51688 0.83982
vn -0.16593 0.51688 0.83982
vn -0.33427 0.494 0.80264
vn -0.04784 0.06357 0.99683
vn -0.09546 0.01578 0.99531
vn -0.04784 0.06357 0.99683
vn -0.09546 0.01578 0.99531
vn -0.04778 0.01584 0.99873
vn -0.04778 0.01584 0.99873
vn -0.09546 0.01578 0.99531
vn 0.00436 0.02021 0.99979
vn 0.00872 0.02457 0.99966
vn 0.00436 0.02021 0.99979
vn 0.00872 0.02457 0.99966
vn 0.00436 0.02457 0.99969
vn 0.00436 0.02457 0.99969
vn 0.00872 0.02457 0.99966
vn 0.18023 0.30487 0.93519
vn 0.36668 0.47342 0.80089
vn 0.18023 0.30487 0.93519
vn 0.36668 0.47341 0.80089
vn 0.22691 0.49558 0.8384
vn 0.22691 0.49558 0.8384
vn 0.36668 0.47342 0.80089
vn -0.01049 0.02634 0.9996
vn -0.02098 0.01585 0.99965
vn -0.01049 0.02634 0.9996
vn -0.02098 0.01585 0.99965
vn -0.01049 0.01585 0.99982
vn -0.01049 0.01585 0.99982
vn -0.02098 0.01585 0.99965
vn 0.04755 0.06336 0.99686
vn 0.09489 0.11057 0.98933
vn 0.04755 0.06336 0.99686
vn 0.09489 0.11057 0.98933
vn 0.0475 0.11095 0.99269
vn 0.0475 0.11095 0.99269
vn 0.09489 0.11057 0.98933
vn 0.57896 -0.22867 0.78263
vn 0.47575 -0.3548 0.80485
vn 0.57896 -0.22867 0.78263
vn 0.47575 -0.3548 0.80485
vn 0.49421 -0.35067 0.79548
vn 0.49421 -0.35067 0.79548
vn 0.47575 -0.3548 0.80485
vn 0.53917 0.158 0.82724
vn 0.63638 0.31115 0.70583
vn 0.53917 0.158 0.82724
vn 0.63638 0.31115 0.70583
vn 0.51122 0.34668 0.78643
vn 0.51122 0.34668 0.78643
vn 0.63638 0.31115 0.70583
vn 0.42863 0.42863 0.79533
vn 0.47941 0.47941 0.73508
vn 0.42863 0.42863 0.79533
vn 0.47941 0.47941 0.73508
vn 0.08207 0.54443 0.83478
vn 0.08207 0.54443 0.83478
vn 0.47941 0.47941 0.73508
vn -0.3917 0.3917 0.83255
vn -0.6755 0.01812 0.73713
vn -0.3917 0.3917 0.83255
vn -0.6755 0.01812 0.73713
vn -0.36238 0.0229 0.93175
vn -0.36238 0.0229 0.93175
vn -0.6755 0.01812 0.73713
vn -0.01229 0.01229 0.99985
vn -0.02457 0 0.9997
vn -0.01229 0.01229 0.99985
vn -0.02457 0 0.9997
vn -0.01229 0 0.99992
vn -0.01229 0 0.99992
vn -0.02457 0 0.9997
vn 0 0 1
vn 0 0 1
vn 0 0 1
vn 0 0 1
vn 0 0 1
vn 0 0 1
vn 0 0 1
vn 0.23871 0.73019 0.64019
vn 0.36156 0.76771 0.52905
vn 0.23871 0.73019 0.64019
vn 0.36156 0.76771 0.52905
vn 0.1424 0.81502 0.56166
vn 0.1424 0.81502 0.56166
vn 0.36156 0.76771 0.52905
vn -0.08029 -0.16752 0.98259
vn 0 -0.08843 0.99608
vn -0.08029 -0.16752 0.98259
vn 0 -0.08843 0.99608
vn -0.00125 -0.08843 0.99608
vn -0.00125 -0.08843 0.99608
vn 0 -0.08843 0.99608
vn 0.02507 -0.2681 0.96307
vn 0 -0.29121 0.95666
vn 0.02507 -0.2681 0.96307
vn 0 -0.29121 0.95666
vn -0.02334 -0.29113 0.9564
vn -0.02334 -0.29113 0.9564
vn 0 -0.29121 0.95666
vn 0 0 1
vn 0 0 1
vn 0 0 1
vn 0 0 1
vn 0 0 1
vn 0 0 1
vn 0 0 1
vn -0.20487 -0.08151 0.97539
vn 0.11082 0.23302 0.96614
vn -0.20487 -0.08151 0.97539
vn 0.11083 0.23302 0.96614
vn 0.26196 0.22627 0.93818
vn 0.26196 0.22627 0.93818
vn 0.11083 0.23302 0.96614
vn 0.06968 0.8616 0.50279
vn 0.36665 0.87304 0.32151
vn 0.06968 0.8616 0.50279
vn 0.36665 0.87304 0.32151
vn 0.34653 0.88025 0.32416
vn 0.34653 0.88025 0.32416
vn 0.36665 0.87304 0.32151
vn 0.40068 -0.55511 0.72891
vn -0.21254 -0.84835 0.48489
vn 0.40068 -0.55511 0.72891
vn -0.21254 -0.84835 0.4849
vn -0.30182 -0.8277 0.47309
vn -0.30182 -0.8277 0.47309
vn -0.21254 -0.84835 0.48489
vn -0.13288 0.03684 0.99045
vn -0.0586 0.1114 0.99205
vn -0.13288 0.03684 0.99045
vn -0.0586 0.11139 0.99205
vn -0.03973 0.1115 0.99297
vn -0.03973 0.1115 0.99297
vn -0.0586 0.1114 0.99205
vn -0.8077 0.18655 0.55931
vn -0.87831 -0.03015 0.47713
vn -0.8077 0.18655 0.55931
vn -0.87831 -0.03015 0.47713
vn -0.44189 -0.05657 0.89528
vn -0.44189 -0.05657 0.89528
vn -0.87831 -0.03015 0.47713
vn -0.26059 -0.31391 0.91299
vn -0.1873 -0.24289 0.9518
vn -0.26059 -0.31391 0.91299
vn -0.1873 -0.24289 0.9518
vn -0.14732 -0.24456 0.95838
vn -0.14732 -0.24456 0.95838
vn -0.1873 -0.24289 0.9518
vn 0.07287 0.09727 0.99259
vn 0.14496 0.16892 0.97491
vn 0.07287 0.09727 0.99259
vn 0.14496 0.16892 0.97491
vn 0.07267 0.17028 0.98271
vn 0.07267 0.17028 0.98271
vn 0.14496 0.16892 0.97491
vn 0.00436 -0.02021 0.99979
vn 0 -0.02457 0.9997
vn 0.00436 -0.02021 0.99979
vn 0 -0.02457 0.9997
vn 0.07371 -0.02451 0.99698
vn 0.07371 -0.02451 0.99698
vn 0 -0.02457 0.9997
vn 0.04784 -0.06357 0.99683
vn 0 -0.11108 0.99381
vn 0.04784 -0.06357 0.99683
vn 0 -0.11108 0.99381
vn -0.0475 -0.11095 0.99269
vn -0.0475 -0.11095 0.99269
vn 0 -0.11108 0.99381
vn 0 0 1
vn 0 0 1
vn 0 0 1
vn 0 0 1
vn 0 0 1
vn 0 0 1
vn 0 0 1
vn 0.11619 0.59756 0.79336
vn 0.22256 0.65867 0.71876
vn 0.11619 0.59756 0.79336
vn 0.22256 0.65867 0.71876
vn 0.16604 0.66624 0.72702
vn 0.16604 0.66624 0.72702
vn 0.22256 0.65867 0.71876
vn 0.19673 0.58599 0.78607
vn 0.30636 0.65051 0.69497
vn 0.19673 0.58599 0.78607
vn 0.30636 0.65051 0.69497
vn 0.12044 0.67839 0.72476
vn 0.12044 0.67839 0.72476
vn 0.30636 0.65051 0.69497
vn 0.43241 -0.43241 0.79123
vn 0.34638 -0.51246 0.78575
vn 0.43241 -0.43241 0.79123
vn 0.34638 -0.51246 0.78575
vn -0.01951 -0.54617 0.83745
vn -0.01951 -0.54617 0.83745
vn 0.34638 -0.51246 0.78575
vn -0.01229 0.01229 0.99985
vn -0.02457 0 0.9997
vn -0.01229 0.01229 0.99985
vn -0.02457 0 0.9997
vn -0.02457 0 0.9997
vn -0.02457 0 0.9997
vn -0.02457 0 0.9997
vn -0.27358 0.72943 0.62696
vn -0.44996 0.60336 0.6584
vn -0.27358 0.72943 0.62696
vn -0.44996 0.60336 0.6584
vn -0.24005 0.65586 0.7157
vn -0.24005 0.65586 0.7157
vn -0.44996 0.60336 0.6584
vn -0.53791 -0.53791 0.64908
vn -0.49141 -0.49141 0.71905
vn -0.53791 -0.53791 0.64908
vn -0.49141 -0.49141 0.71905
vn -0.63999 -0.43355 0.63439
vn -0.63999 -0.43355 0.63439
vn -0.49141 -0.49141 0.71905
vn -0.07391 0.09805 0.99243
vn -0.14703 0.02431 0.98883
vn -0.07391 0.09805 0.99243
vn -0.14703 0.02431 0.98883
vn -0.07371 0.02451 0.99698
vn -0.07372 0.02451 0.99698
vn -0.14703 0.02431 0.98883
vn 0.54288 -0.54288 0.64076
vn 0.43315 -0.64083 0.63381
vn 0.54288 -0.54288 0.64076
vn 0.43315 -0.64083 0.63381
vn -0.08492 -0.70842 0.70066
vn -0.08492 -0.70842 0.70066
vn 0.43315 -0.64083 0.63381
vn 0.53791 0.53791 0.64908
vn 0.57946 0.57946 0.57311
vn 0.53791 0.53791 0.64908
vn 0.57946 0.57946 0.57311
vn 0.08492 0.70842 0.70066
vn 0.08492 0.70842 0.70066
vn 0.57946 0.57946 0.57311
vn -0.54288 0.54288 0.64076
vn -0.64083 0.43315 0.63381
vn -0.54288 0.54288 0.64076
vn -0.64083 0.43315 0.63381
vn -0.62227 0.44168 0.64629
vn -0.62227 0.44168 0.64629
vn -0.64083 0.43315 0.63381
vn 0 0 1
vn 0 0 1
vn 0 0 1
vn 0 0 1
vn 0 0 1
vn 0 0 1
vn 0 0 1
vn 0 0 1
vn 0 0 1
vn 0 0 1
vn 0 0 1
vn 0 0 1
vn 0 0 1
vn 0 0 1
vn 0 0 1
vn 0 0 1
vn 0 0 1
vn 0 0 1
vn 0 0 1
vn 0 0 1
vn 0 0 1
vn 0 0 1
vn 0 0 1
vn 0 0 1
vn 0 0 1
vn 0 0 1
vn 0 0 1
vn 0 0 1
vn 0 0 1
vn 0 0 1
vn 0 0 1
vn 0 0 1
vn 0 0 1
vn 0 0 1
vn 0 0 1
vn 0 0 1
vn 0 0 1
vn 0 0 1
vn 0 0 1
vn 0 0 1
vn 0 0 1
vn 0 0 1
vn 0 0 1
vn 0 0 1
vn 0 0 1
vn 0 0 1
vn 0 0 1
vn 0 0 1
vn 0 0 1
vn 0 0 1
vn 0 0 1
vn 0 0 1
vn 0 0 1
vn 0 0 1
vn 0 0 1
vn 0 0 1
vn 0 0 1
vn 0 0 1
vn 0 0 1
vn 0 0 1
vn 0 0 1
vn 0 0 1
vn 0 0 1
vn -0.09727 -0.07287 0.99259
vn -0.02457 0 0.9997
vn -0.09727 -0.07287 0.99259
vn -0.02457 0 0.9997
vn -0.02457 0 0.9997
vn -0.02457 0 0.9997
vn -0.02457 0 0.9997
vn 0.29516 -0.50826 0.80904
vn 0.24768 -0.54665 0.79989
vn 0.29516 -0.50826 0.80904
vn 0.24768 -0.54665 0.79989
vn 0.4555 -0.5023 0.73499
vn 0.4555 -0.5023 0.73499
vn 0.24768 -0.54665 0.79989
vn 0 0 1
vn 0 0 1
vn 0 0 1
vn 0 0 1
vn 0 0 1
vn 0 0 1
vn 0 0 1
vn -0.1471 -0.23956 0.95967
vn -0.03368 -0.12916 0.99105
vn -0.1471 -0.23956 0.95967
vn -0.03368 -0.12916 0.99105
vn 0.34093 -0.12149 0.9322
vn 0.34093 -0.12149 0.9322
vn -0.03368 -0.12916 0.99105
vn -0.0703 -0.1043 0.99206
vn 0.34758 0.31735 0.88231
vn -0.0703 -0.1043 0.99206
vn 0.34758 0.31735 0.88231
vn 0.38023 0.31303 0.87031
vn 0.38023 0.31303 0.87031
vn 0.34758 0.31735 0.88231
vn 0 0 1
vn 0 0 1
vn 0 0 1
vn 0 0 1
vn 0 0 1
vn 0 0 1
vn 0 0 1
vn 0 0 1
vn 0 0 1
vn 0 0 1
vn 0 0 1
vn 0 0 1
vn 0 0 1
vn 0 0 1
vn 0 0 1
vn 0 0 1
vn 0 0 1
vn 0 0 1
vn 0 0 1
vn 0 0 1
vn 0 0 1
vn 0 0 1
vn 0 0 1
vn 0 0 1
vn 0 0 1
vn 0 0 1
vn 0 0 1
vn 0 0 1
vn -0.02457 -0.02457 0.9994
vn -0.02457 -0.02457 0.9994
vn -0.02457 -0.02457 0.9994
vn -0.02457 -0.02457 0.9994
vn -0.02457 -0.02457 0.9994
vn -0.63427 -0.34447 0.69213
vn -0.55982 -0.55982 0.6109
vn -0.63427 -0.34447 0.69213
vn -0.55982 -0.55982 0.6109
vn -0.55982 -0.55982 0.6109
vn -0.02457 -0.01228 0.99962
vn -0.02457 -0.02457 0.9994
vn -0.02457 -0.01228 0.99962
vn -0.02457 -0.02457 0.9994
vn -0.02457 -0.02457 0.9994
vn 0.12954 -0.47352 0.8712
vn 0.14703 -0.02431 0.98883
vn 0.12954 -0.47352 0.8712
vn 0.14703 -0.02431 0.98883
vn 0.14703 -0.02431 0.98883
vn 0.44168 -0.62227 0.64629
vn 0.44996 -0.60336 0.6584
vn 0.44168 -0.62227 0.64629
vn 0.44996 -0.60336 0.65841
vn 0.44996 -0.60336 0.6584
vn -0.43355 -0.63999 0.63439
vn -0.36156 -0.76771 0.52905
vn -0.43355 -0.63999 0.63439
vn -0.36156 -0.76771 0.52905
vn -0.36156 -0.76771 0.52905
vn -0.81502 -0.1424 0.56166
vn -0.76771 -0.36156 0.52905
vn -0.81503 -0.1424 0.56166
vn -0.76771 -0.36156 0.52905
vn -0.76771 -0.36156 0.52905
vn -0.65586 0.24005 0.7157
vn -0.60336 0.44996 0.6584
vn -0.65586 0.24005 0.7157
vn -0.60336 0.44996 0.6584
vn -0.60336 0.44996 0.6584
vn -0.02451 0.07371 0.99698
vn -0.02431 0.14703 0.98883
vn -0.02451 0.07371 0.99698
vn -0.02431 0.14703 0.98883
vn -0.02431 0.14703 0.98883
vn -0.44316 -0.02688 0.89604
vn -0.38272 -0.50468 0.77383
vn -0.44316 -0.02688 0.89604
vn -0.38272 -0.50468 0.77383
vn -0.38272 -0.50468 0.77383
vn -0.33185 0.50494 0.79682
vn -0.32937 0.51579 0.79087
vn -0.33185 0.50494 0.79682
vn -0.32937 0.51579 0.79087
vn -0.32937 0.51579 0.79087
vn 0.24239 0.57313 0.78279
vn 0.25935 0.48083 0.83758
vn 0.24239 0.57313 0.78279
vn 0.25935 0.48083 0.83758
vn 0.25935 0.48083 0.83758
vn 0 0 1
vn 0 0 1
vn 0 0 1
vn 0 0 1
vn 0 0 1
vn 0 0 1
vn 0 0 1
vn 0 0 1
vn 0 0 1
vn 0 0 1
vn -0.13224 -0.43771 0.88934
vn -0.14496 -0.16892 0.97491
vn -0.13224 -0.4377 0.88934
vn -0.14496 -0.16892 0.97491
vn -0.14496 -0.16892 0.97491
vn 0 0 1
vn 0 0 1
vn 0 0 1
vn 0 0 1
vn 0 0 1
vn 0 -0.00793 0.99997
vn 0 0 1
vn 0 -0.00793 0.99997
vn 0 0 1
vn 0 0 1
vn 0 -0.01229 0.99992
vn 0 0 1
vn 0 -0.01229 0.99992
vn 0 0 1
vn 0 0 1
vn -0.11047 -0.01554 0.99376
vn -0.10709 -0.24584 0.96338
vn -0.11047 -0.01554 0.99376
vn -0.10709 -0.24584 0.96338
vn -0.10709 -0.24584 0.96338
vn 0.17556 0.21402 0.96092
vn 0.16026 0.45263 0.87718
vn 0.17556 0.21402 0.96092
vn 0.16026 0.45263 0.87718
vn 0.16026 0.45263 0.87718
vn -0.05816 0.16418 0.98471
vn -0.05757 0.2165 0.97458
vn -0.05816 0.16418 0.98471
vn -0.05757 0.2165 0.97458
vn -0.05757 0.2165 0.97458
vn -0.59739 -0.3858 0.70305
vn -0.38853 -0.79998 0.45725
vn -0.59739 -0.3858 0.70305
vn -0.38853 -0.79998 0.45725
vn -0.38853 -0.79998 0.45725
vn -0.86289 -0.31806 0.39275
vn -0.81917 -0.43583 0.37285
vn -0.86289 -0.31806 0.39275
vn -0.81917 -0.43583 0.37285
vn -0.81917 -0.43583 0.37285
vn 0.11157 0.20387 0.97262
vn 0.11221 0.17454 0.97824
vn 0.11157 0.20387 0.97262
vn 0.11221 0.17454 0.97824
vn 0.11221 0.17454 0.97824
vn 0 0 1
vn 0 0 1
vn 0 0 1
vn 0 0 1
vn 0 0 1
vn 0 -0.00793 0.99997
vn 0 0 1
vn 0 -0.00793 0.99997
vn 0 0 1
vn 0 0 1
vn -0.04831 -0.16415 0.98525
vn -0.04879 -0.08583 0.99511
vn -0.04831 -0.16415 0.98525
vn -0.04879 -0.08583 0.99511
vn -0.04879 -0.08583 0.99511
vn 0 0 1
vn 0 0 1
vn 0 0 1
vn 0 0 1
vn 0 0 1
vn 0 0 1
vn 0 0 1
vn 0 0 1
vn 0 0 1
vn 0 0 1
vn 0 -0.08568 0.99632
vn 0 0 1
vn 0 -0.08568 0.99632
vn 0 0 1
vn 0 0 1
vn 0 -0.01229 0.99992
vn 0 0 1
vn 0 -0.01229 0.99992
vn 0 0 1
vn 0 0 1
vn -0.03716 -0.04346 0.99836
vn -0.03717 -0.03717 0.99862
vn -0.03716 -0.04346 0.99836
vn -0.03717 -0.03717 0.99862
vn -0.03717 -0.03717 0.99862
vn -0.22011 -0.29192 0.93077
vn -0.22366 -0.23559 0.94577
vn -0.22011 -0.29192 0.93077
vn -0.22366 -0.23559 0.94577
vn -0.22366 -0.23559 0.94577
vn -0.03383 -0.08953 0.99541
vn -0.03392 -0.04975 0.99819
vn -0.03383 -0.08953 0.99541
vn -0.03392 -0.04975 0.99819
vn -0.03392 -0.04975 0.99819
vn -0.00245 -0.23106 0.97294
vn -0.00251 -0.08843 0.99608
vn -0.00245 -0.23106 0.97294
vn -0.00251 -0.08843 0.99608
vn -0.00251 -0.08843 0.99608
vn -0.26789 -0.47747 0.83681
vn -0.25207 -0.56256 0.78739
vn -0.26789 -0.47747 0.83681
vn -0.25207 -0.56256 0.78739
vn -0.25207 -0.56256 0.78739
vn -0.18398 -0.30347 0.93491
vn -0.17992 -0.36285 0.91431
vn -0.18398 -0.30347 0.93491
vn -0.17992 -0.36285 0.91431
vn -0.17992 -0.36285 0.91431
vn 0 0 1
vn 0 0 1
vn 0 0 1
vn 0 0 1
vn 0 0 1
vn 0 -0.04301 0.99907
vn 0 0 1
vn 0 -0.04301 0.99907
vn 0 0 1
vn 0 0 1
vn 0 -0.0186 0.99983
vn 0 0 1
vn 0 -0.0186 0.99983
vn 0 0 1
vn 0 0 1
vn -0.04755 -0.22189 0.97391
vn -0.04666 -0.2909 0.95562
vn -0.04755 -0.22189 0.97391
vn -0.04666 -0.2909 0.95562
vn -0.04666 -0.2909 0.95562
vn 0.22837 -0.21759 0.94895
vn 0.23196 0.13087 0.96388
vn 0.22837 -0.21759 0.94895
vn 0.23196 0.13087 0.96388
vn 0.23196 0.13087 0.96388
vn 0.36503 0.09032 0.9266
vn 0.36284 -0.14157 0.92103
vn 0.36503 0.09032 0.9266
vn 0.36284 -0.14157 0.92103
vn 0.36284 -0.14157 0.92103
vn 0.24162 -0.16468 0.95629
vn 0.24497 0 0.96953
vn 0.24162 -0.16468 0.95629
vn 0.24497 0 0.96953
vn 0.24497 0 0.96953
vn 0.16444 -0.17961 0.9699
vn 0.15349 -0.396 0.90533
vn 0.16444 -0.17961 0.9699
vn 0.15349 -0.396 0.90533
vn 0.15349 -0.396 0.90533
vn -0.31633 -0.61573 0.72168
vn -0.38185 -0.30865 0.87116
vn -0.31633 -0.61573 0.72168
vn -0.38185 -0.30865 0.87117
vn -0.38185 -0.30865 0.87116
vn 0 0 1
vn 0 0 1
vn 0 0 1
vn 0 0 1
vn 0 0 1
vn 0 -0.12343 0.99235
vn 0 0 1
vn 0 -0.12343 0.99235
vn 0 0 1
vn 0 0 1
vn 0 -0.14721 0.98911
vn 0 0 1
vn 0 -0.14721 0.98911
vn 0 0 1
vn 0 0 1
vn 0 -0.12479 0.99218
vn 0 0 1
vn 0 -0.12479 0.99218
vn 0 0 1
vn 0 0 1
vn 0 -0.04426 0.99902
vn 0 0 1
vn 0 -0.04426 0.99902
vn 0 0 1
vn 0 0 1
vn 0.57974 0.57176 0.5805
vn 0.32624 0.88705 0.32667
vn 0.57974 0.57176 0.5805
vn 0.32624 0.88705 0.32667
vn 0.32624 0.88705 0.32667
vn 0.71155 0.14913 0.68663
vn 0.71155 0.14913 0.68663
vn 0.71155 0.14913 0.68663
vn 0.71155 0.14913 0.68663
vn 0.71155 0.14913 0.68663
vn -0.49442 0.15364 0.85554
vn -0.49442 0.15364 0.85554
vn -0.49442 0.15364 0.85554
vn -0.49442 0.15364 0.85554
vn -0.49442 0.15364 0.85554
vn 0.37669 0.23785 0.89529
vn 0.36787 0.31655 0.87434
vn 0.37669 0.23785 0.89529
vn 0.36787 0.31655 0.87434
vn 0.36787 0.31655 0.87434
vn 0.41427 0.19404 0.88923
vn 0.41427 0.19404 0.88923
vn 0.41427 0.19404 0.88923
vn 0.41427 0.19404 0.88923
vn 0.41427 0.19404 0.88923
vn -0.38426 0.15746 0.9097
vn -0.38427 0.15746 0.9097
vn -0.38426 0.15746 0.9097
vn -0.38426 0.15746 0.9097
vn -0.38426 0.15746 0.9097
vn 0.44889 -0.26852 0.85229
vn 0.43884 0.33645 0.8332
vn 0.44889 -0.26852 0.85229
vn 0.43884 0.33645 0.8332
vn 0.43884 0.33645 0.8332
vn 0 0 1
vn 0 0 1
vn 0 0 1
vn 0 0 1
vn 0 0 1
vn 0 0 1
vn 0 0 1
vn 0 0 1
vn 0 0 1
vn 0 0 1
vn 0.776 0.12556 0.61811
vn 0.72378 -0.37916 0.57652
vn 0.776 0.12556 0.61811
vn 0.72378 -0.37916 0.57652
vn 0.72378 -0.37916 0.57652
vn 0 0 1
vn 0 0 1
vn 0 0 1
vn 0 0 1
vn 0 0 1
vn 0 0 1
vn 0 0 1
vn 0 0 1
vn 0 0 1
vn 0 0 1
vn 0.74222 0.15977 0.65084
vn 0.55496 -0.67469 0.48664
vn 0.74222 0.15977 0.65084
vn 0.55496 -0.67469 0.48664
vn 0.55496 -0.67469 0.48664
vn 0.15649 -0.02736 0.9873
vn 0.15625 -0.06228 0.98575
vn 0.15649 -0.02736 0.9873
vn 0.15625 -0.06228 0.98575
vn 0.15625 -0.06228 0.98575
vn 0.06329 -0.08665 0.99423
vn 0.06329 -0.08665 0.99423
vn 0.06329 -0.08665 0.99423
vn 0.06329 -0.08665 0.99423
vn 0.06329 -0.08665 0.99423
vn -0.20583 0.00753 0.97856
vn -0.20583 0.00753 0.97856
vn -0.20583 0.00753 0.97856
vn 0.39006 0.35095 0.85128
vn 0.40689 0.21417 0.88801
vn 0.39006 0.35095 0.85128
vn 0.40689 0.21417 0.88801
vn 0.40689 0.21417 0.88801
vn 0.00601 0.14902 0.98882
vn 0.00601 0.14902 0.98882
vn 0.00601 0.14902 0.98882
vn 0.00601 0.14902 0.98882
vn 0.00601 0.14902 0.98882
vn -0.35481 0.48268 0.8007
vn -0.35481 0.48268 0.8007
vn -0.35481 0.48268 0.8007
vn -0.35481 0.48268 0.8007
vn -0.35481 0.48268 0.8007
vn 0.4253 -0.19388 0.88404
vn 0.41241 0.30833 0.85724
vn 0.4253 -0.19388 0.88404
vn 0.41241 0.30833 0.85724
vn 0.41241 0.30833 0.85724
vn 0.65249 0.0261 0.75735
vn 0.60067 -0.39128 0.69721
vn 0.65249 0.0261 0.75735
vn 0.60067 -0.39128 0.69721
vn 0.60067 -0.39128 0.69721
vn -0.85631 -0.22437 0.46518
vn -0.80147 -0.40999 0.43539
vn -0.85631 -0.22437 0.46518
vn -0.80147 -0.40999 0.43539
vn -0.80147 -0.40999 0.43539
vn -0.09031 -0.32427 0.94164
vn -0.09489 -0.11057 0.98933
vn -0.09031 -0.32427 0.94164
vn -0.09489 -0.11057 0.98933
vn -0.09489 -0.11057 0.98933
vn -0.31731 -0.56461 0.76192
vn -0.2909 -0.65381 0.6985
vn -0.31731 -0.56461 0.76192
vn -0.2909 -0.65381 0.6985
vn -0.2909 -0.65381 0.6985
vn 0.2514 -0.52688 0.81191
vn 0.25499 -0.50682 0.82347
vn 0.2514 -0.52688 0.81191
vn 0.25499 -0.50682 0.82347
vn 0.25499 -0.50682 0.82347
vn 0 0 1
vn 0 0 1
vn 0 0 1
vn 0 0 1
vn 0 0 1
vn 0 0 1
vn 0 0 1
vn 0 0 1
vn 0 0 1
vn 0 0 1
vn 0.01529 -0.26374 0.96447
vn 0.01585 0 0.99987
vn 0.01529 -0.26374 0.96447
vn 0.01585 0 0.99987
vn 0.01585 0 0.99987
vn 0.49988 -0.18706 0.84565
vn 0.50881 -0.01365 0.86077
vn 0.49988 -0.18706 0.84565
vn 0.50881 -0.01365 0.86077
vn 0.50881 -0.01365 0.86077
vn 0.35067 -0.49421 0.79548
vn 0.3548 -0.47575 0.80485
vn 0.35067 -0.49422 0.79548
vn 0.3548 -0.47575 0.80485
vn 0.3548 -0.47575 0.80485
vn 0 0 1
vn 0 0 1
vn 0 0 1
vn 0 0 1
vn 0 0 1
vn 0 -0.00793 0.99997
vn 0 0 1
vn 0 -0.00793 0.99997
vn 0 0 1
vn 0 0 1
vn 0 -0.05562 0.99845
vn 0 0 1
vn 0 -0.05562 0.99845
vn 0 0 1
vn 0 0 1
vn -0.08856 0.37364 0.92334
vn -0.06985 0.6817 0.72829
vn -0.08856 0.37364 0.92334
vn -0.06985 0.6817 0.72829
vn -0.06985 0.6817 0.72829
vn 0 0.11108 0.99381
vn 0 0.11108 0.99381
vn 0 0.11108 0.99381
vn 0 0.11108 0.99381
vn 0 0.11108 0.99381
vn 0 0.01585 0.99987
vn 0 0.01585 0.99987
vn 0 0.01585 0.99987
vn 0 0.01585 0.99987
vn 0 0.01585 0.99987
vn -0.02094 0.06378 0.99774
vn -0.02085 0.11156 0.99354
vn -0.02094 0.06378 0.99774
vn -0.02085 0.11156 0.99354
vn -0.02085 0.11156 0.99354
vn 0 0.03682 0.99932
vn 0 0.03682 0.99932
vn 0 0.03682 0.99932
vn 0 0.03682 0.99932
vn 0 0.03682 0.99932
vn 0 0.01585 0.99987
vn 0 0.01585 0.99987
vn 0 0.01585 0.99987
vn 0 0.01585 0.99987
vn 0 0.01585 0.99987
vn 0.66558 0.10973 0.73822
vn 0.66651 -0.09635 0.73925
vn 0.66558 0.10973 0.73822
vn 0.66651 -0.09635 0.73925
vn 0.66651 -0.09635 0.73925
vn 0.40382 0.24279 0.88203
vn 0.41628 -0.00268 0.90923
vn 0.40382 0.24279 0.88203
vn 0.41628 -0.00268 0.90923
vn 0.41628 -0.00268 0.90923
vn 0.34476 0.51913 0.78208
vn 0.37408 0.37408 0.8486
vn 0.34476 0.51913 0.78208
vn 0.37409 0.37408 0.8486
vn 0.37408 0.37408 0.8486
vn -0.0229 0.36238 0.93175
vn -0.01812 0.6755 0.73713
vn -0.0229 0.36238 0.93175
vn -0.01812 0.6755 0.73713
vn -0.01812 0.6755 0.73713
vn 0 0.02457 0.9997
vn 0 0.02457 0.9997
vn 0 0.02457 0.9997
vn 0 0.02457 0.9997
vn 0 0.02457 0.9997
vn 0 0 1
vn 0 0 1
vn 0 0 1
vn 0 0 1
vn 0 0 1
vn 0.13224 0.43771 0.88934
vn 0.10897 0.67159 0.73286
vn 0.13224 0.43771 0.88934
vn 0.10897 0.67159 0.73286
vn 0.10897 0.67159 0.73286
vn -0.14953 -0.41725 0.8964
vn -0.15954 -0.24445 0.95645
vn -0.14953 -0.41725 0.8964
vn -0.15954 -0.24445 0.95645
vn -0.15954 -0.24445 0.95645
vn 0.05159 -0.05617 0.99709
vn 0.0501 -0.24466 0.96831
vn 0.05159 -0.05617 0.99709
vn 0.0501 -0.24466 0.96831
vn 0.0501 -0.24466 0.96831
vn 0 0 1
vn 0 0 1
vn 0 0 1
vn 0 0 1
vn 0 0 1
vn -0.51432 -0.13038 0.84763
vn -0.47987 -0.37985 0.79085
vn -0.51432 -0.13038 0.84763
vn -0.47987 -0.37985 0.79085
vn -0.47987 -0.37985 0.79085
vn -0.30689 0.49777 0.8112
vn -0.23574 0.74574 0.62314
vn -0.30689 0.49777 0.8112
vn -0.23574 0.74574 0.62314
vn -0.23574 0.74574 0.62314
vn 0.77177 -0.28521 0.56835
vn 0.80491 0.02766 0.59276
vn 0.77177 -0.28521 0.56835
vn 0.80491 0.02766 0.59276
vn 0.80491 0.02766 0.59276
vn -0.20581 -0.0153 0.97847
vn -0.20569 -0.03812 0.97787
vn -0.20581 -0.0153 0.97847
vn -0.20569 -0.03812 0.97787
vn -0.20569 -0.03812 0.97787
vn -0.73861 0.1719 0.65185
vn -0.68967 0.39229 0.60865
vn -0.73861 0.1719 0.65185
vn -0.68967 0.39229 0.60865
vn -0.68967 0.39229 0.60866
vn -0.35763 0.02897 0.93341
vn -0.33077 -0.38119 0.8633
vn -0.35763 0.02897 0.93341
vn -0.33077 -0.38119 0.8633
vn -0.33077 -0.38119 0.8633
vn 0 0.02457 0.9997
vn 0 0.02457 0.9997
vn 0 0.02457 0.9997
vn 0 0.02457 0.9997
vn 0 0.02457 0.9997
vn 0.00811 -0.36982 0.92907
vn 0.00872 -0.01585 0.99984
vn 0.00811 -0.36982 0.92907
vn 0.00872 -0.01585 0.99984
vn 0.00872 -0.01585 0.99984
vn 0.08856 -0.37364 0.92334
vn 0.09546 -0.01578 0.99531
vn 0.08856 -0.37364 0.92334
vn 0.09546 -0.01578 0.99531
vn 0.09546 -0.01578 0.99531
vn 0 0 1
vn 0 0 1
vn 0 0 1
vn 0 0 1
vn 0 0 1
vn 0.00837 0.28417 0.95874
vn 0.00743 0.52414 0.8516
vn 0.00837 0.28417 0.95874
vn 0.00743 0.52414 0.8516
vn 0.00743 0.52414 0.8516
vn 0.09059 0.31583 0.94448
vn 0.08228 0.50713 0.85793
vn 0.09059 0.31583 0.94448
vn 0.08228 0.50713 0.85793
vn 0.08228 0.50713 0.85793
vn 0.54481 0.07306 0.83537
vn 0.51246 -0.34638 0.78575
vn 0.54481 0.07306 0.83537
vn 0.51246 -0.34638 0.78575
vn 0.51246 -0.34638 0.78575
vn 0 0.01229 0.99992
vn 0 0.02457 0.9997
vn 0 0.01229 0.99992
vn 0 0.02457 0.9997
vn 0 0.02457 0.9997
vn -0.12954 0.47352 0.8712
vn -0.08407 0.8205 0.56543
vn -0.12954 0.47352 0.8712
vn -0.08407 0.8205 0.56543
vn -0.08407 0.8205 0.56543
vn -0.70842 -0.08492 0.70066
vn -0.57946 -0.57946 0.57311
vn -0.70842 -0.08492 0.70066
vn -0.57946 -0.57946 0.57311
vn -0.57946 -0.57946 0.57311
vn 0 0 1
vn 0 0 1
vn 0 0 1
vn 0 0 1
vn 0 0 1
vn 0 0 1
vn 0 0 1
vn 0 0 1
vn 0 0 1
vn 0 0 1
vn 0 0 1
vn 0 0 1
vn 0 0 1
vn 0 0 1
vn 0 0 1
vn 0 0 1
vn 0 0 1
vn 0 0 1
vn 0 0 1
vn 0 0 1
vn 0 0 1
vn 0 0 1
vn 0 0 1
vn 0 0 1
vn 0 0 1
vn 0 0 1
vn 0 0 1
vn 0 0 1
vn 0 0 1
vn 0 0 1
vn 0 0 1
vn 0 0 1
vn 0 0 1
vn 0 0 1
vn 0 0 1
vn 0 0 1
vn 0 0 1
vn 0 0 1
vn 0 0 1
vn 0 0 1
vn 0 0 1
vn 0 0 1
vn 0 0 1
vn 0 0 1
vn 0 0 1
vn 0 0 1
vn 0 0.17073 0.98532
vn 0 0.17073 0.98532
vn 0 0.17073 0.98532
vn 0 0.17073 0.98532
vn 0 0.17073 0.98532
vn 0.70842 0.08493 0.70066
vn 0.64083 -0.43315 0.63381
vn 0.70842 0.08492 0.70066
vn 0.64083 -0.43315 0.63381
vn 0.64083 -0.43315 0.63381
vn 0.43355 0.63999 0.63439
vn 0.49141 0.49141 0.71905
vn 0.43355 0.63999 0.63439
vn 0.49141 0.49141 0.71905
vn 0.49141 0.49141 0.71905
vn -0.44168 0.62227 0.64629
vn -0.43315 0.64083 0.63381
vn -0.44168 0.62227 0.64629
vn -0.43315 0.64083 0.63381
vn -0.43315 0.64083 0.63381
vn 0 0 1
vn 0 0 1
vn 0 0 1
vn 0 0 1
vn 0 0 1
vn 0 0 1
vn 0 0 1
vn 0 0 1
vn 0 0 1
vn 0 0 1
vn 0 0 1
vn 0 0 1
vn 0 0 1
vn 0 0 1
vn 0 0 1
vn 0 0 1
vn 0 0 1
vn 0 0 1
vn 0 0 1
vn 0 0 1
vn 0 0 1
vn 0 0 1
vn 0 0 1
vn 0 0 1
vn 0 0 1
vn 0 0 1
vn 0 0 1
vn 0 0 1
vn 0 0 1
vn 0 0 1
vn 0 0 1
vn 0 0 1
vn 0 0 1
vn 0 0 1
vn 0 0 1
vn 0 0 1
vn 0 0 1
vn 0 0 1
vn 0 0 1
vn 0 0 1
vn 0 0 1
vn 0 0 1
vn 0 0 1
vn 0 0 1
vn 0 0 1
vn 0 0 1
vn 0 0 1
vn 0 0 1
vn 0 0 1
vn 0 0 1
vn 0 0 1
vn 0 0 1
vn 0 0 1
vn 0 0 1
vn 0 0 1
vn 0 0 1
vn 0 0 1
vn 0 0 1
vn 0 0 1
vn 0 0 1
vn 0 0 1
vn 0 0 1
vn 0 0 1
vn 0 0 1
vn 0 0 1
vn -0.17028 -0.07267 0.98271
vn -0.16892 -0.14496 0.97491
vn -0.17028 -0.07267 0.98271
vn -0.16892 -0.14496 0.97491
vn -0.16892 -0.14496 0.97491
vn 0.38616 0.03772 0.92166
vn 0.34152 -0.46793 0.81511
vn 0.38616 0.03772 0.92166
vn 0.34152 -0.46793 0.81511
vn 0.34152 -0.46793 0.81511
vn 0 0 1
vn 0 0 1
vn 0 0 1
vn 0 0 1
vn 0 0 1
vn -0.26908 -0.17593 0.94691
vn -0.25669 -0.34372 0.90331
vn -0.26908 -0.17593 0.94691
vn -0.25669 -0.34372 0.90331
vn -0.25669 -0.34372 0.90331
vn -0.4708 -0.45909 0.75338
vn -0.46258 -0.48795 0.74022
vn -0.4708 -0.45909 0.75338
vn -0.46258 -0.48795 0.74022
vn -0.46258 -0.48795 0.74022
vn 0 0 1
vn 0 0 1
vn 0 0 1
vn 0 0 1
vn 0 0 1
vn 0 0 1
vn 0 0 1
vn 0 0 1
vn 0 0 1
vn 0 0 1
vn 0 0 1
vn 0 0 1
vn 0 0 1
vn 0 0 1
vn 0 0 1
vn 0 0 1
vn 0 0 1
vn 0 0 1
vn 0 0 1
vn 0 0 1
vn 0 0 1
vn 0 0 1
vn 0 0 1
vn 0 0 1
vn 0 0 1
vn 0 0 1
vn 0 0 1
vn 0 0 1
vn 0 0 1
vn 0 0 1
vn 0 0 1
vn 0 0 1
vn 0 0 1
vn 0 0 1
vn 0 0 1
vn 0 0 1
vn 0 0 1
vn 0 0 1
vn 0 0 1
vn 0 0 1
vn 0 0 1
vn 0 0 1
vn 0 0 1
vn 0 0 1
vn 0 0 1
vn 0 0 1
vn 0 0 1
vn 0 0 1
vn 0 0 1
vn 0 0 1
vn 0 0 1
vn 0 0 1
vn 0 0 1
vn 0 0 1
vn 0 0 1
vn 0 0 1
vn 0 0 1
vn 0 0 1
vn 0 0 1
vn 0 0 1
vn 0 0 1
vn 0 0 1
vn 0 0 1
vn 0 0 1
vn 0 0 1
vn 0 0 1
vn 0 0 1
vn 0 0 1
vn 0 0 1
vn 0 0 1
vn 0 0 1
vn 0 0 1
vn 0 0 1
vn 0 0 1
vn 0 0 1
vn 0 0 1
vn 0 0 1
vn 0 0 1
vn 0 0 1
vn 0 0 1
vn 0 0 1
vn 0 0 1
vn 0 0 1
vn 0 0 1
vn 0 0 1
vn 0 0 1
vn 0 0 1
vn 0 0 1
vn 0 0 1
vn 0 0 1
vn 0 0 1
vn 0 0 1
vn 0 0 1
vn 0 0 1
vn 0 0 1
vn 0 0 1
vn 0 0 1
vn 0 0 1
vn 0 0 1
vn 0 0 1
vn 0 0 1
vn 0 0 1
vn 0 0 1
vn 0 0 1
vn 0 0 1
vn 0 0 1
vn 0 0 1
vn 0 0 1
vn 0 0 1
vn 0 0 1
vn 0 0 1
vn 0 0 1
vn 0 0 1
vn 0 0 1
vn 0 0 1
vn 0 0 1
vn 0 0 1
vn 0 0 1
vn 0 0 1
vn 0 0 1
vn 0 0 1
vn 0 0 1
vn 0 0 1
vn 0 0 1
vn 0 0 1
vn 0 0 1
vn 0 0 1
vn 0 0 1
vn 0 0 1
vn 0 0 1
vn 0 0 1
vn 0 0 1
vn 0 0 1
vn 0 0 1
vn 0 0 1
vn 0 0 1
vn 0 0 1
vn 0 0 1
vn 0 0 1
vn 0 0 1
vn 0 0 1
vn 0 0 1
vn 0 0 1
vn 0 0 1
vn 0 0 1
vn 0 0 1
vn 0 0 1
vn 0 0 1
vn 0 0 1
vn 0 0 1
vn 0 0 1
vn 0 0 1
vn 0 0 1
vn 0 0 1
vn 0 0 1
vn 0 0 1
vn 0 0 1
vn 0 0 1
vn 0 0 1
vn 0 0 1
vn 0 0 1
vn 0 0 1
vn 0 0 1
vn 0 0 1
vn 0 0 1
vn 0 0 1
vn 0 0 1
vn 0 0 1
vn 0 0 1
vn 0 0 1
vn 0 0 1
vn 0 0 1
vn 0 0 1
vn -0.11719 0.03657 0.99244
vn -0.11719 0.03657 0.99244
vn -0.11719 0.03657 0.99244
vn -0.11687 0.03657 0.99247
vn 0.72378 -0.37917 0.57652
vn 0.72378 -0.37917 0.57652
vn 0.54961 -0.14493 0.82275
vn 0.72378 -0.37917 0.57652
vn 0.70602 0.04428 0.7068
vn 0.43884 0.33645 0.8332
vn 0.43884 0.33645 0.8332
vn 0.2493 -0.09922 0.96333
vn 0.43884 0.33645 0.8332
vn 0.41427 0.19404 0.88923
vn 0.41427 0.19404 0.88923
vn 0.38586 0.24246 0.89013
vn 0.41427 0.19404 0.88923
vn 0.41427 0.19404 0.88923
vn 0.36787 0.31655 0.87434
vn 0.36787 0.31655 0.87434
vn 0.36787 0.31655 0.87434
vn 0 0 1
vn 0 0 1
vn 0 0 1
vn 0 0 1
vn 0.06256 -0.06256 0.99608
vn 0 0 1
vn 0 0 1
vn 0 0 1
vn 0.15349 -0.396 0.90533
vn 0.15349 -0.396 0.90533
vn 0.22408 -0.17723 0.95832
vn 0.15349 -0.396 0.90533
vn 0.24497 0 0.96953
vn 0.24497 0 0.96953
vn 0.24497 0 0.96953
vn 0 0 1
vn 0 0 1
vn 0 0 1
vn 0 0 1
vn 0 0 1
vn 0 0 1
vn 0 0 1
vn 0 0 1
vn 0 0 1
vn 0 0 1
vn 0 0 1
vn 0 0 1
vn 0 0 1
vn 0 0 1
vn 0 0 1
vn 0 0 1
usemtl mat0
f 287//287 288//288 289//289
f 335//335 336//336 337//337
f 338//338 339//339 340//340
f 373//373 374//374 375//375
f 376//376 377//377 378//378
f 385//385 386//386 387//387
f 403//403 404//404 405//405
f 406//406 407//407 408//408
f 412//412 413//413 414//414
f 415//415 416//416 417//417
f 418//418 419//419 420//420
f 430//430 431//431 432//432
f 442//442 443//443 444//444
f 445//445 446//446 447//447
f 448//448 449//449 450//450
f 466//466 467//467 468//468
f 478//478 479//479 480//480
f 481//481 482//482 483//483
f 493//493 494//494 495//495
f 496//496 497//497 498//498
f 502//502 503//503 504//504
f 508//508 509//509 510//510
f 511//511 512//512 513//513
f 514//514 515//515 516//516
f 537//537 538//538 539//539
f 555//555 556//556 557//557
f 558//558 559//559 560//560
f 561//561 562//562 563//563
f 564//564 565//565 566//566
f 612//612 613//613 614//614
f 648//648 649//649 650//650
f 651//651 652//652 653//653
f 654//654 655//655 656//656
f 684//684 685//685 686//686
f 687//687 688//688 689//689
f 696//696 697//697 698//698
f 699//699 700//700 701//701
f 702//702 703//703 704//704
f 705//705 706//706 707//707
f 714//714 715//715 716//716
f 287//287 728//728 288//288
f 335//335 744//744 336//336
f 338//338 745//745 339//339
f 373//373 756//756 374//374
f 376//376 757//757 377//377
f 385//385 760//760 386//386
f 388//388 761//761 389//389
f 403//403 766//766 404//404
f 406//406 767//767 407//407
f 412//412 769//769 413//413
f 415//415 770//770 416//416
f 418//418 771//771 419//419
f 430//430 775//775 431//431
f 442//442 779//779 443//443
f 445//445 780//780 446//446
f 448//448 781//781 449//449
f 466//466 787//787 467//467
f 478//478 791//791 479//479
f 481//481 792//792 482//482
f 493//493 796//796 494//494
f 496//496 797//797 497//497
f 502//502 799//799 503//503
f 508//508 801//801 509//509
f 511//511 802//802 512//512
f 514//514 803//803 515//515
f 537//537 810//810 538//538
f 546//546 813//813 547//547
f 552//552 815//815 553//553
f 555//555 816//816 556//556
f 558//558 817//817 559//559
f 561//561 818//818 562//562
f 564//564 819//819 565//565
f 612//612 835//835 613//613
f 648//648 847//847 649//649
f 651//651 848//848 652//652
f 654//654 849//849 655//655
f 684//684 859//859 685//685
f 687//687 860//860 688//688
f 696//696 863//863 697//697
f 699//699 864//864 700//700
f 702//702 865//865 703//703
f 705//705 866//866 706//706
f 899//899 900//900 901//901
f 899//899 902//902 900//900
f 903//903 904//904 905//905
f 906//906 907//907 908//908
f 906//906 909//909 907//907
f 910//910 911//911 912//912
f 913//913 914//914 915//915
f 913//913 916//916 914//914
f 917//917 918//918 919//919
f 920//920 921//921 922//922
f 920//920 923//923 921//921
f 924//924 925//925 926//926
f 934//934 935//935 936//936
f 934//934 937//937 935//935
f 938//938 939//939 940//940
f 948//948 949//949 950//950
f 948//948 951//951 949//949
f 952//952 953//953 954//954
f 1025//1025 1026//1026 1027//1027
f 1025//1025 1028//1028 1026//1026
f 1029//1029 1030//1030 1031//1031
f 1032//1032 1033//1033 1034//1034
f 1032//1032 1035//1035 1033//1033
f 1228//1228 1231//1231 1229//1229
f 1232//1232 1233//1233 1234//1234
f 1235//1235 1238//1238 1236//1236
f 1239//1239 1240//1240 1241//1241
f 1242//1242 1243//1243 1244//1244
f 1242//1242 1245//1245 1243//1243
f 1246//1246 1247//1247 1248//1248
f 1249//1249 1250//1250 1251//1251
f 1249//1249 1252//1252 1250//1250
f 1253//1253 1254//1254 1255//1255
f 1256//1256 1257//1257 1258//1258
f 1256//1256 1259//1259 1257//1257
f 1260//1260 1261//1261 1262//1262
f 1270//1270 1271//1271 1272//1272
f 1270//1270 1273//1273 1271//1271
f 1274//1274 1275//1275 1276//1276
f 1291//1291 1292//1292 1293//1293
f 1291//1291 1294//1294 1292//1292
f 1295//1295 1296//1296 1297//1297
f 1312//1312 1313//1313 1314//1314
f 1312//1312 1315//1315 1313//1313
f 1316//1316 1317//1317 1318//1318
f 1347//1347 1348//1348 1349//1349
f 1347//1347 1350//1350 1348//1348
f 1351//1351 1352//1352 1353//1353
f 1354//1354 1355//1355 1356//1356
f 1354//1354 1357//1357 1355//1355
f 1358//1358 1359//1359 1360//1360
f 1361//1361 1362//1362 1363//1363
f 1361//1361 1364//1364 1362//1362
f 1365//1365 1366//1366 1367//1367
f 1368//1368 1369//1369 1370//1370
f 1368//1368 1371//1371 1369//1369
f 1372//1372 1373//1373 1374//1374
f 1375//1375 1376//1376 1377//1377
f 1375//1375 1378//1378 1376//1376
f 1379//1379 1380//1380 1381//1381
f 1389//1389 1390//1390 1391//1391
f 1389//1389 1392//1392 1390//1390
f 1393//1393 1394//1394 1395//1395
f 1396//1396 1397//1397 1398//1398
f 1396//1396 1399//1399 1397//1397
f 1400//1400 1401//1401 1402//1402
f 1424//1424 1425//1425 1426//1426
f 1424//1424 1427//1427 1425//1425
f 1428//1428 1429//1429 1430//1430
f 1431//1431 1432//1432 1433//1433
f 1431//1431 1434//1434 1432//1432
f 1435//1435 1436//1436 1437//1437
f 1459//1459 1460//1460 1461//1461
f 1459//1459 1462//1462 1460//1460
f 1463//1463 1464//1464 1465//1465
f 1480//1480 1481//1481 1482//1482
f 1480//1480 1483//1483 1481//1481
f 1484//1484 1485//1485 1486//1486
f 1501//1501 1502//1502 1503//1503
f 1501//1501 1504//1504 1502//1502
f 1505//1505 1506//1506 1507//1507
f 1508//1508 1509//1509 1510//1510
f 1508//1508 1511//1511 1509//1509
f 1512//1512 1513//1513 1514//1514
f 1522//1522 1523//1523 1524//1524
f 1522//1522 1525//1525 1523//1523
f 1526//1526 1527//1527 1528//1528
f 1543//1543 1544//1544 1545//1545
f 1543//1543 1546//1546 1544//1544
f 1547//1547 1548//1548 1549//1549
f 1571//1571 1572//1572 1573//1573
f 1571//1571 1574//1574 1572//1572
f 1575//1575 1576//1576 1577//1577
f 1578//1578 1579//1579 1580//1580
f 1578//1578 1581//1581 1579//1579
f 1585//1585 1586//1586 1587//1587
f 1585//1585 1588//1588 1586//1586
f 1599//1599 1602//1602 1600//1600
f 1603//1603 1604//1604 1605//1605
f 1606//1606 1607//1607 1608//1608
f 1606//1606 1609//1609 1607//1607
f 1641//1641 1642//1642 1643//1643
f 1641//1641 1644//1644 1642//1642
f 1645//1645 1646//1646 1647//1647
f 1648//1648 1649//1649 1650//1650
f 1648//1648 1651//1651 1649//1649
f 1652//1652 1653//1653 1654//1654
f 1655//1655 1656//1656 1657//1657
f 1655//1655 1658//1658 1656//1656
f 1659//1659 1660//1660 1661//1661
f 1669//1669 1670//1670 1671//1671
f 1669//1669 1672//1672 1670//1670
f 1673//1673 1674//1674 1675//1675
f 1676//1676 1677//1677 1678//1678
f 1676//1676 1679//1679 1677//1677
f 1680//1680 1681//1681 1682//1682
f 1690//1690 1691//1691 1692//1692
f 1690//1690 1693//1693 1691//1691
f 1694//1694 1695//1695 1696//1696
f 1697//1697 1698//1698 1699//1699
f 1704//1704 1707//1707 1705//1705
f 1708//1708 1709//1709 1710//1710
f 1781//1781 1782//1782 1783//1783
f 1781//1781 1784//1784 1782//1782
f 1785//1785 1786//1786 1787//1787
f 1806//1806 1807//1807 1808//1808
f 1842//1842 1843//1843 1844//1844
f 1842//1842 1845//1845 1843//1843
f 878//878 880//880 1846//1846
f 1857//1857 1858//1858 1859//1859
f 1857//1857 1860//1860 1858//1858
f 899//899 901//901 1861//1861
f 1862//1862 1863//1863 1864//1864
f 1862//1862 1865//1865 1863//1863
f 906//906 908//908 1866//1866
f 1867//1867 1868//1868 1869//1869
f 1867//1867 1870//1870 1868//1868
f 913//913 915//915 1871//1871
f 1872//1872 1873//1873 1874//1874
f 1872//1872 1875//1875 1873//1873
f 920//920 922//922 1876//1876
f 934//934 936//936 1886//1886
f 1887//1887 1888//1888 1889//1889
f 1887//1887 1890//1890 1888//1888
f 1892//1892 1893//1893 1894//1894
f 1892//1892 1895//1895 1893//1893
f 948//948 950//950 1896//1896
f 1942//1942 1943//1943 1944//1944
f 1942//1942 1945//1945 1943//1943
f 1947//1947 1950//1950 1948//1948
f 1025//1025 1027//1027 1951//1951
f 1952//1952 1953//1953 1954//1954
f 1952//1952 1955//1955 1953//1953
f 1032//1032 1034//1034 1956//1956
f 2012//2012 2013//2013 2014//2014
f 2017//2017 2018//2018 2019//2019
f 2017//2017 2020//2020 2018//2018
f 2092//2092 2093//2093 2094//2094
f 2092//2092 2095//2095 2093//2093
f 2102//2102 2103//2103 2104//2104
f 2102//2102 2105//2105 2103//2103
f 1242//1242 1244//1244 2106//2106
f 2107//2107 2108//2108 2109//2109
f 2107//2107 2110//2110 2108//2108
f 1249//1249 1251//1251 2111//2111
f 1263//1263 1265//1265 2121//2121
f 2137//2137 2138//2138 2139//2139
f 2137//2137 2140//2140 2138//2138
f 1291//1291 1293//1293 2141//2141
f 2152//2152 2153//2153 2154//2154
f 2152//2152 2155//2155 2153//2153
f 1312//1312 1314//1314 2156//2156
f 2170//2170 2171//2171 2172//2172
f 2170//2170 2173//2173 2171//2171
f 1340//1340 1342//1342 2174//2174
f 2175//2175 2176//2176 2177//2177
f 2175//2175 2178//2178 2176//2176
f 1347//1347 1349//1349 2179//2179
f 2180//2180 2181//2181 2182//2182
f 2180//2180 2183//2183 2181//2181
f 1354//1354 1356//1356 2184//2184
f 2185//2185 2188//2188 2186//2186
f 1361//1361 1363//1363 2189//2189
f 2190//2190 2191//2191 2192//2192
f 2190//2190 2193//2193 2191//2191
f 1368//1368 1370//1370 2194//2194
f 2195//2195 2198//2198 2196//2196
f 1375//1375 1377//1377 2199//2199
f 2205//2205 2206//2206 2207//2207
f 2205//2205 2208//2208 2206//2206
f 1389//1389 1391//1391 2209//2209
f 2210//2210 2211//2211 2212//2212
f 2210//2210 2213//2213 2211//2211
f 1396//1396 1398//1398 2214//2214
f 2230//2230 2231//2231 2232//2232
f 2230//2230 2233//2233 2231//2231
f 1424//1424 1426//1426 2234//2234
f 2235//2235 2236//2236 2237//2237
f 2235//2235 2238//2238 2236//2236
f 1431//1431 1433//1433 2239//2239
f 2255//2255 2256//2256 2257//2257
f 2255//2255 2258//2258 2256//2256
f 1459//1459 1461//1461 2259//2259
f 2285//2285 2286//2286 2287//2287
f 2285//2285 2288//2288 2286//2286
f 1501//1501 1503//1503 2289//2289
f 2290//2290 2291//2291 2292//2292
f 2290//2290 2293//2293 2291//2291
f 1508//1508 1510//1510 2294//2294
f 2295//2295 2296//2296 2297//2297
f 2295//2295 2298//2298 2296//2296
f 1515//1515 1517//1517 2299//2299
f 2300//2300 2303//2303 2301//2301
f 1522//1522 1524//1524 2304//2304
f 2315//2315 2318//2318 2316//2316
f 1543//1543 1545//1545 2319//2319
f 2335//2335 2336//2336 2337//2337
f 2335//2335 2338//2338 2336//2336
f 1571//1571 1573//1573 2339//2339
f 2340//2340 2341//2341 2342//2342
f 2340//2340 2343//2343 2341//2341
f 1578//1578 1580//1580 2344//2344
f 2345//2345 2346//2346 2347//2347
f 2345//2345 2348//2348 2346//2346
f 1585//1585 1587//1587 2349//2349
f 2355//2355 2356//2356 2357//2357
f 2355//2355 2358//2358 2356//2356
f 2360//2360 2361//2361 2362//2362
f 2360//2360 2363//2363 2361//2361
f 1606//1606 1608//1608 2364//2364
f 2385//2385 2388//2388 2386//2386
f 1641//1641 1643//1643 2389//2389
f 2390//2390 2393//2393 2391//2391
f 1648//1648 1650//1650 2394//2394
f 1655//1655 1657//1657 2399//2399
f 2405//2405 2406//2406 2407//2407
f 2405//2405 2408//2408 2406//2406
f 1669//1669 1671//1671 2409//2409
f 1676//1676 1678//1678 2414//2414
f 2466//2466 2467//2467 2468//2468
f 2466//2466 2469//2469 2467//2467
f 1690//1690 1692//1692 2470//2470
f 2471//2471 2472//2472 2473//2473
f 2471//2471 2474//2474 2472//2472
f 1697//1697 1699//1699 2475//2475
f 2476//2476 2477//2477 2478//2478
f 2476//2476 2479//2479 2477//2477
f 2551//2551 2552//2552 2553//2553
f 2551//2551 2554//2554 2552//2552
f 1781//1781 1783//1783 2555//2555
f 2566//2566 2567//2567 2568//2568
f 2568//2568 849//849 654//654
f 2568//2568 2567//2567 849//849
f 2567//2567 1022//1022 849//849
f 2555//2555 939//939 938//938
f 2555//2555 1783//1783 939//939
f 1783//1783 496//496 939//939
f 2552//2552 2555//2555 938//938
f 2552//2552 2554//2554 2555//2555
f 2554//2554 1781//1781 2555//2555
f 2553//2553 861//861 690//690
f 2553//2553 2552//2552 861//861
f 2552//2552 938//938 861//861
f 2477//2477 2480//2480 1701//1701
f 2477//2477 2479//2479 2480//2480
f 2479//2479 1704//1704 2480//2480
f 2478//2478 745//745 338//338
f 2478//2478 2477//2477 745//745
f 2477//2477 1701//1701 745//745
f 2475//2475 953//953 952//952
f 2475//2475 1699//1699 953//953
f 1699//1699 287//287 953//953
f 2472//2472 2475//2475 952//952
f 2472//2472 2474//2474 2475//2475
f 2474//2474 1697//1697 2475//2475
f 2473//2473 859//859 684//684
f 2473//2473 2472//2472 859//859
f 2472//2472 952//952 859//859
f 2470//2470 1786//1786 1785//1785
f 2470//2470 1692//1692 1786//1786
f 1692//1692 493//493 1786//1786
f 2467//2467 2470//2470 1785//1785
f 2467//2467 2469//2469 2470//2470
f 2469//2469 1690//1690 2470//2470
f 2468//2468 728//728 287//287
f 2468//2468 2467//2467 728//728
f 2467//2467 1785//1785 728//728
f 2414//2414 1695//1695 1694//1694
f 2414//2414 1678//1678 1695//1695
f 1678//1678 705//705 1695//1695
f 2409//2409 1548//1548 1547//1547
f 2409//2409 1671//1671 1548//1548
f 1671//1671 338//338 1548//1548
f 2406//2406 2409//2409 1547//1547
f 2406//2406 2408//2408 2409//2409
f 2408//2408 1669//1669 2409//2409
f 2407//2407 775//775 430//430
f 2407//2407 2406//2406 775//775
f 2406//2406 1547//1547 775//775
f 2399//2399 1506//1506 1505//1505
f 2399//2399 1657//1657 1506//1506
f 1657//1657 481//481 1506//1506
f 2394//2394 1485//1485 1484//1484
f 2394//2394 1650//1650 1485//1485
f 1650//1650 445//445 1485//1485
f 2391//2391 2394//2394 1484//1484
f 2391//2391 2393//2393 2394//2394
f 2393//2393 1648//1648 2394//2394
f 2389//2389 1464//1464 1463//1463
f 2389//2389 1643//1643 1464//1464
f 1643//1643 687//687 1464//1464
f 2386//2386 2389//2389 1463//1463
f 2386//2386 2388//2388 2389//2389
f 2388//2388 1641//1641 2389//2389
f 2364//2364 1366//1366 1365//1365
f 2364//2364 1608//1608 1366//1366
f 1608//1608 612//612 1366//1366
f 2361//2361 2364//2364 1365//1365
f 2361//2361 2363//2363 2364//2364
f 2363//2363 1606//1606 2364//2364
f 2362//2362 801//801 508//508
f 2362//2362 2361//2361 801//801
f 2361//2361 1365//1365 801//801
f 2356//2356 2359//2359 1344//1344
f 2356//2356 2358//2358 2359//2359
f 2358//2358 1599//1599 2359//2359
f 2357//2357 804//804 517//517
f 2357//2357 2356//2356 804//804
f 2356//2356 1344//1344 804//804
f 2349//2349 1275//1275 1274//1274
f 2349//2349 1587//1587 1275//1275
f 1587//1587 585//585 1275//1275
f 2346//2346 2349//2349 1274//1274
f 2346//2346 2348//2348 2349//2349
f 2348//2348 1585//1585 2349//2349
f 2347//2347 813//813 546//546
f 2347//2347 2346//2346 813//813
f 2346//2346 1274//1274 813//813
f 2344//2344 1254//1254 1253//1253
f 2344//2344 1580//1580 1254//1254
f 1580//1580 537//537 1254//1254
f 2341//2341 2344//2344 1253//1253
f 2341//2341 2343//2343 2344//2344
f 2343//2343 1578//1578 2344//2344
f 2342//2342 816//816 555//555
f 2342//2342 2341//2341 816//816
f 2341//2341 1253//1253 816//816
f 2339//2339 1233//1233 1232//1232
f 2339//2339 1573//1573 1233//1233
f 1573//1573 651//651 1233//1233
f 2336//2336 2339//2339 1232//1232
f 2336//2336 2338//2338 2339//2339
f 2338//2338 1571//1571 2339//2339
f 2337//2337 819//819 564//564
f 2337//2337 2336//2336 819//819
f 2336//2336 1232//1232 819//819
f 2319//2319 1646//1646 1645//1645
f 2319//2319 1545//1545 1646//1646
f 1545//1545 684//684 1646//1646
f 2316//2316 2319//2319 1645//1645
f 2316//2316 2318//2318 2319//2319
f 2318//2318 1543//1543 2319//2319
f 2304//2304 1674//1674 1673//1673
f 2304//2304 1524//1524 1674//1674
f 1524//1524 335//335 1674//1674
f 2301//2301 2304//2304 1673//1673
f 2301//2301 2303//2303 2304//2304
f 2303//2303 1522//1522 2304//2304
f 2299//2299 1513//1513 1512//1512
f 2299//2299 1517//1517 1513//1513
f 1517//1517 448//448 1513//1513
f 2296//2296 2299//2299 1512//1512
f 2296//2296 2298//2298 2299//2299
f 2298//2298 1515//1515 2299//2299
f 2297//2297 780//780 445//445
f 2297//2297 2296//2296 780//780
f 2296//2296 1512//1512 780//780
f 2294//2294 1016//1016 1015//1015
f 2294//2294 1510//1510 1016//1016
f 1510//1510 281//281 1016//1016
f 2291//2291 2294//2294 1015//1015
f 2291//2291 2293//2293 2294//2294
f 2293//2293 1508//1508 2294//2294
f 2292//2292 850//850 657//657
f 2292//2292 2291//2291 850//850
f 2291//2291 1015//1015 850//850
f 2289//2289 1800//1800 1799//1799
f 2289//2289 1503//1503 1800//1800
f 1503//1503 618//618 1800//1800
f 2286//2286 2289//2289 1799//1799
f 2286//2286 2288//2288 2289//2289
f 2288//2288 1501//1501 2289//2289
f 2287//2287 726//726 281//281
f 2287//2287 2286//2286 726//726
f 2286//2286 1799//1799 726//726
f 2259//2259 1653//1653 1652//1652
f 2259//2259 1461//1461 1653//1653
f 1461//1461 442//442 1653//1653
f 2256//2256 2259//2259 1652//1652
f 2256//2256 2258//2258 2259//2259
f 2258//2258 1459//1459 2259//2259
f 2257//2257 760//760 385//385
f 2257//2257 2256//2256 760//760
f 2256//2256 1652//1652 760//760
f 2239//2239 1429//1429 1428//1428
f 2239//2239 1433//1433 1429//1429
f 1433//1433 484//484 1429//1429
f 2236//2236 2239//2239 1428//1428
f 2236//2236 2238//2238 2239//2239
f 2238//2238 1431//1431 2239//2239
f 2237//2237 792//792 481//481
f 2237//2237 2236//2236 792//792
f 2236//2236 1428//1428 792//792
f 2234//2234 1107//1107 1106//1106
f 2234//2234 1426//1426 1107//1107
f 1426//1426 642//642 1107//1107
f 2231//2231 2234//2234 1106//1106
f 2231//2231 2233//2233 2234//2234
f 2233//2233 1424//1424 2234//2234
f 2232//2232 837//837 618//618
f 2232//2232 2231//2231 837//837
f 2231//2231 1106//1106 837//837
f 2214//2214 1394//1394 1393//1393
f 2214//2214 1398//1398 1394//1394
f 1398//1398 499//499 1394//1394
f 2211//2211 2214//2214 1393//1393
f 2211//2211 2213//2213 2214//2214
f 2213//2213 1396//1396 2214//2214
f 2212//2212 797//797 496//496
f 2212//2212 2211//2211 797//797
f 2211//2211 1393//1393 797//797
f 2209//2209 1436//1436 1435//1435
f 2209//2209 1391//1391 1436//1436
f 1391//1391 394//394 1436//1436
f 2206//2206 2209//2209 1435//1435
f 2206//2206 2208//2208 2209//2209
f 2208//2208 1389//1389 2209//2209
f 2207//2207 791//791 478//478
f 2207//2207 2206//2206 791//791
f 2206//2206 1435//1435 791//791
f 2199//2199 1373//1373 1372//1372
f 2199//2199 1377//1377 1373//1373
f 1377//1377 508//508 1373//1373
f 2196//2196 2199//2199 1372//1372
f 2196//2196 2198//2198 2199//2199
f 2198//2198 1375//1375 2199//2199
f 2194//2194 1037//1037 1036//1036
f 2194//2194 1370//1370 1037//1037
f 1370//1370 278//278 1037//1037
f 2191//2191 2194//2194 1036//1036
f 2191//2191 2193//2193 2194//2194
f 2193//2193 1368//1368 2194//2194
f 2192//2192 847//847 648//648
f 2192//2192 2191//2191 847//847
f 2191//2191 1036//1036 847//847
f 2189//2189 1807//1807 1806//1806
f 2189//2189 1363//1363 1807//1807
f 1363//1363 591//591 1807//1807
f 2186//2186 2189//2189 1806//1806
f 2186//2186 2188//2188 2189//2189
f 2188//2188 1361//1361 2189//2189
f 2184//2184 1352//1352 1351//1351
f 2184//2184 1356//1356 1352//1352
f 1356//1356 517//517 1352//1352
f 2181//2181 2184//2184 1351//1351
f 2181//2181 2183//2183 2184//2184
f 2183//2183 1354//1354 2184//2184
f 2182//2182 803//803 514//514
f 2182//2182 2181//2181 803//803
f 2181//2181 1351//1351 803//803
f 2179//2179 1247//1247 1246//1246
f 2179//2179 1349//1349 1247//1247
f 1349//1349 418//418 1247//1247
f 2176//2176 2179//2179 1246//1246
f 2176//2176 2178//2178 2179//2179
f 2178//2178 1347//1347 2179//2179
f 2177//2177 817//817 558//558
f 2177//2177 2176//2176 817//817
f 2176//2176 1246//1246 817//817
f 2174//2174 1576//1576 1575//1575
f 2174//2174 1342//1342 1576//1576
f 1342//1342 648//648 1576//1576
f 2171//2171 2174//2174 1575//1575
f 2171//2171 2173//2173 2174//2174
f 2173//2173 1340//1340 2174//2174
f 2172//2172 771//771 418//418
f 2172//2172 2171//2171 771//771
f 2171//2171 1575//1575 771//771
f 2156//2156 1296//1296 1295//1295
f 2156//2156 1314//1314 1296//1296
f 1314//1314 546//546 1296//1296
f 2153//2153 2156//2156 1295//1295
f 2153//2153 2155//2155 2156//2156
f 2155//2155 1312//1312 2156//2156
f 2154//2154 810//810 537//537
f 2154//2154 2153//2153 810//810
f 2153//2153 1295//1295 810//810
f 2141//2141 2748//2748 2749//2749
f 2141//2141 1293//1293 2748//2748
f 1293//1293 2750//2750 2748//2748
f 2138//2138 2141//2141 2749//2749
f 2138//2138 2140//2140 2141//2141
f 2140//2140 1291//1291 2141//2141
f 2139//2139 2751//2751 2752//2752
f 2139//2139 2138//2138 2751//2751
f 2138//2138 2749//2749 2751//2751
f 2121//2121 1261//1261 1260//1260
f 2121//2121 1265//1265 1261//1261
f 1265//1265 555//555 1261//1261
f 2111//2111 2762//2762 2763//2763
f 2111//2111 1251//1251 2762//2762
f 1251//1251 2752//2752 2762//2762
f 2108//2108 2111//2111 2763//2763
f 2108//2108 2110//2110 2111//2111
f 2110//2110 1249//1249 2111//2111
f 2109//2109 2764//2764 2759//2759
f 2109//2109 2108//2108 2764//2764
f 2108//2108 2763//2763 2764//2764
f 2106//2106 1240//1240 1239//1239
f 2106//2106 1244//1244 1240//1240
f 1244//1244 564//564 1240//1240
f 2103//2103 2106//2106 1239//1239
f 2103//2103 2105//2105 2106//2106
f 2105//2105 1242//1242 2106//2106
f 2104//2104 818//818 561//561
f 2104//2104 2103//2103 818//818
f 2103//2103 1239//1239 818//818
f 2093//2093 2096//2096 1582//1582
f 2093//2093 2095//2095 2096//2096
f 2095//2095 1228//1228 2096//2096
f 2094//2094 770//770 415//415
f 2094//2094 2093//2093 770//770
f 2093//2093 1582//1582 770//770
f 2018//2018 2021//2021 1120//1120
f 2018//2018 2020//2020 2021//2021
f 2020//2020 1123//1123 2021//2021
f 2019//2019 835//835 612//612
f 2019//2019 2018//2018 835//835
f 2018//2018 1120//1120 835//835
f 2014//2014 828//828 591//591
f 2014//2014 2013//2013 828//828
f 2013//2013 1169//1169 828//828
f 1956//1956 1030//1030 1029//1029
f 1956//1956 1034//1034 1030//1030
f 1034//1034 654//654 1030//1030
f 1953//1953 1956//1956 1029//1029
f 1953//1953 1955//1955 1956//1956
f 1955//1955 1032//1032 1956//1956
f 1954//1954 848//848 651//651
f 1954//1954 1953//1953 848//848
f 1953//1953 1029//1029 848//848
f 1951//1951 1317//1317 1316//1316
f 1951//1951 1027//1027 1317//1317
f 1027//1027 412//412 1317//1317
f 1948//1948 1951//1951 1316//1316
f 1948//1948 1950//1950 1951//1951
f 1950//1950 1025//1025 1951//1951
f 1943//1943 1946//1946 1589//1589
f 1943//1943 1945//1945 1946//1946
f 1945//1945 1018//1018 1946//1946
f 1944//1944 769//769 412//412
f 1944//1944 1943//1943 769//769
f 1943//1943 1589//1589 769//769
f 1896//1896 946//946 945//945
f 1896//1896 950//950 946//946
f 950//950 690//690 946//946
f 1893//1893 1896//1896 945//945
f 1893//1893 1895//1895 1896//1896
f 1895//1895 948//948 1896//1896
f 1894//1894 860//860 687//687
f 1894//1894 1893//1893 860//860
f 1893//1893 945//945 860//860
f 1888//1888 1891//1891 1519//1519
f 1888//1888 1890//1890 1891//1891
f 1890//1890 941//941 1891//1891
f 1889//1889 779//779 442//442
f 1889//1889 1888//1888 779//779
f 1888//1888 1519//1519 779//779
f 1886//1886 1660//1660 1659//1659
f 1886//1886 936//936 1660//1660
f 936//936 478//478 1660//1660
f 1876//1876 1709//1709 1708//1708
f 1876//1876 922//922 1709//1709
f 922//922 373//373 1709//1709
f 1873//1873 1876//1876 1708//1708
f 1873//1873 1875//1875 1876//1876
f 1875//1875 920//920 1876//1876
f 1874//1874 744//744 335//335
f 1874//1874 1873//1873 744//744
f 1873//1873 1708//1708 744//744
f 1871//1871 1681//1681 1680//1680
f 1871//1871 915//915 1681//1681
f 915//915 702//702 1681//1681
f 1868//1868 1871//1871 1680//1680
f 1868//1868 1870//1870 1871//1871
f 1870//1870 913//913 1871//1871
f 1869//1869 756//756 373//373
f 1869//1869 1868//1868 756//756
f 1868//1868 1680//1680 756//756
f 1866//1866 904//904 903//903
f 1866//1866 908//908 904//904
f 908//908 708//708 904//904
f 1863//1863 1866//1866 903//903
f 1863//1863 1865//1865 1866//1866
f 1865//1865 906//906 1866//1866
f 1864//1864 866//866 705//705
f 1864//1864 1863//1863 866//866
f 1863//1863 903//903 866//866
f 1861//1861 1401//1401 1400//1400
f 1861//1861 901//901 1401//1401
f 901//901 397//397 1401//1401
f 1858//1858 1861//1861 1400//1400
f 1858//1858 1860//1860 1861//1861
f 1860//1860 899//899 1861//1861
f 1859//1859 796//796 493//493
f 1859//1859 1858//1858 796//796
f 1858//1858 1400//1400 796//796
f 1846//1846 911//911 910//910
f 1846//1846 880//880 911//911
f 880//880 675//675 911//911
f 1843//1843 1846//1846 910//910
f 1843//1843 1845//1845 1846//1846
f 1845//1845 878//878 1846//1846
f 1844//1844 865//865 702//702
f 1844//1844 1843//1843 865//865
f 1843//1843 910//910 865//865
f 1808//1808 593//593 2047//2047
f 1808//1808 1807//1807 593//593
f 1807//1807 591//591 593//593
f 1787//1787 495//495 2210//2210
f 1787//1787 1786//1786 495//495
f 1786//1786 493//493 495//495
f 1782//1782 1787//1787 2210//2210
f 1782//1782 1784//1784 1787//1787
f 1784//1784 1785//1785 1787//1787
f 1783//1783 2212//2212 496//496
f 1783//1783 1782//1782 2212//2212
f 1782//1782 2210//2210 2212//2212
f 1710//1710 375//375 2410//2410
f 1710//1710 1709//1709 375//375
f 1709//1709 373//373 375//375
f 1705//1705 1710//1710 2410//2410
f 1705//1705 1707//1707 1710//1710
f 1707//1707 1708//1708 1710//1710
f 1699//1699 2468//2468 287//287
f 1699//1699 1698//1698 2468//2468
f 1698//1698 2466//2466 2468//2468
f 1696//1696 707//707 1857//1857
f 1696//1696 1695//1695 707//707
f 1695//1695 705//705 707//707
f 1691//1691 1696//1696 1857//1857
f 1691//1691 1693//1693 1696//1696
f 1693//1693 1694//1694 1696//1696
f 1692//1692 1859//1859 493//493
f 1692//1692 1691//1691 1859//1859
f 1691//1691 1857//1857 1859//1859
f 1682//1682 704//704 1862//1862
f 1682//1682 1681//1681 704//704
f 1681//1681 702//702 704//704
f 1677//1677 1682//1682 1862//1862
f 1677//1677 1679//1679 1682//1682
f 1679//1679 1680//1680 1682//1682
f 1678//1678 1864//1864 705//705
f 1678//1678 1677//1677 1864//1864
f 1677//1677 1862//1862 1864//1864
f 1675//1675 337//337 2476//2476
f 1675//1675 1674//1674 337//337
f 1674//1674 335//335 337//337
f 1670//1670 1675//1675 2476//2476
f 1670//1670 1672//1672 1675//1675
f 1672//1672 1673//1673 1675//1675
f 1671//1671 2478//2478 338//338
f 1671//1671 1670//1670 2478//2478
f 1670//1670 2476//2476 2478//2478
f 1661//1661 480//480 2235//2235
f 1661//1661 1660//1660 480//480
f 1660//1660 478//478 480//480
f 1656//1656 1661//1661 2235//2235
f 1656//1656 1658//1658 1661//1661
f 1658//1658 1659//1659 1661//1661
f 1657//1657 2237//2237 481//481
f 1657//1657 1656//1656 2237//2237
f 1656//1656 2235//2235 2237//2237
f 1654//1654 444//444 2295//2295
f 1654//1654 1653//1653 444//444
f 1653//1653 442//442 444//444
f 1649//1649 1654//1654 2295//2295
f 1649//1649 1651//1651 1654//1654
f 1651//1651 1652//1652 1654//1654
f 1650//1650 2297//2297 445//445
f 1650//1650 1649//1649 2297//2297
f 1649//1649 2295//2295 2297//2297
f 1647//1647 686//686 1892//1892
f 1647//1647 1646//1646 686//686
f 1646//1646 684//684 686//686
f 1642//1642 1647//1647 1892//1892
f 1642//1642 1644//1644 1647//1647
f 1644//1644 1645//1645 1647//1647
f 1643//1643 1894//1894 687//687
f 1643//1643 1642//1642 1894//1894
f 1642//1642 1892//1892 1894//1894
f 1607//1607 1612//1612 2017//2017
f 1607//1607 1609//1609 1612//1612
f 1609//1609 1610//1610 1612//1612
f 1608//1608 2019//2019 612//612
f 1608//1608 1607//1607 2019//2019
f 1607//1607 2017//2017 2019//2019
f 1605//1605 504//504 2195//2195
f 1605//1605 1604//1604 504//504
f 1604//1604 502//502 504//504
f 1600//1600 1605//1605 2195//2195
f 1600//1600 1602//1602 1605//1605
f 1602//1602 1603//1603 1605//1605
f 1586//1586 1591//1591 2062//2062
f 1586//1586 1588//1588 1591//1591
f 1588//1588 1589//1589 1591//1591
f 1587//1587 2064//2064 585//585
f 1587//1587 1586//1586 2064//2064
f 1586//1586 2062//2062 2064//2064
f 1579//1579 1584//1584 2152//2152
f 1579//1579 1581//1581 1584//1584
f 1581//1581 1582//1582 1584//1584
f 1580//1580 2154//2154 537//537
f 1580//1580 1579//1579 2154//2154
f 1579//1579 2152//2152 2154//2154
f 1577//1577 650//650 1952//1952
f 1577//1577 1576//1576 650//650
f 1576//1576 648//648 650//650
f 1572//1572 1577//1577 1952//1952
f 1572//1572 1574//1574 1577//1577
f 1574//1574 1575//1575 1577//1577
f 1573//1573 1954//1954 651//651
f 1573//1573 1572//1572 1954//1954
f 1572//1572 1952//1952 1954//1954
f 1549//1549 340//340 2471//2471
f 1549//1549 1548//1548 340//340
f 1548//1548 338//338 340//340
f 1544//1544 1549//1549 2471//2471
f 1544//1544 1546//1546 1549//1549
f 1546//1546 1547//1547 1549//1549
f 1545//1545 2473//2473 684//684
f 1545//1545 1544//1544 2473//2473
f 1544//1544 2471//2471 2473//2473
f 1528//1528 698//698 1872//1872
f 1528//1528 1527//1527 698//698
f 1527//1527 696//696 698//698
f 1523//1523 1528//1528 1872//1872
f 1523//1523 1525//1525 1528//1528
f 1525//1525 1526//1526 1528//1528
f 1524//1524 1874//1874 335//335
f 1524//1524 1523//1523 1874//1874
f 1523//1523 1872//1872 1874//1874
f 1514//1514 450//450 2285//2285
f 1514//1514 1513//1513 450//450
f 1513//1513 448//448 450//450
f 1509//1509 1514//1514 2285//2285
f 1509//1509 1511//1511 1514//1514
f 1511//1511 1512//1512 1514//1514
f 1510//1510 2287//2287 281//281
f 1510//1510 1509//1509 2287//2287
f 1509//1509 2285//2285 2287//2287
f 1507//1507 483//483 2230//2230
f 1507//1507 1506//1506 483//483
f 1506//1506 481//481 483//483
f 1502//1502 1507//1507 2230//2230
f 1502//1502 1504//1504 1507//1507
f 1504//1504 1505//1505 1507//1507
f 1503//1503 2232//2232 618//618
f 1503//1503 1502//1502 2232//2232
f 1502//1502 2230//2230 2232//2232
f 1486//1486 447//447 2290//2290
f 1486//1486 1485//1485 447//447
f 1485//1485 445//445 447//447
f 1481//1481 1486//1486 2290//2290
f 1481//1481 1483//1483 1486//1486
f 1483//1483 1484//1484 1486//1486
f 1482//1482 2292//2292 657//657
f 1482//1482 1481//1481 2292//2292
f 1481//1481 2290//2290 2292//2292
f 1465//1465 689//689 1887//1887
f 1465//1465 1464//1464 689//689
f 1464//1464 687//687 689//689
f 1460//1460 1465//1465 1887//1887
f 1460//1460 1462//1462 1465//1465
f 1462//1462 1463//1463 1465//1465
f 1461//1461 1889//1889 442//442
f 1461//1461 1460//1460 1889//1889
f 1460//1460 1887//1887 1889//1889
f 1437//1437 396//396 2375//2375
f 1437//1437 1436//1436 396//396
f 1436//1436 394//394 396//396
f 1432//1432 1437//1437 2375//2375
f 1432//1432 1434//1434 1437//1437
f 1434//1434 1435//1435 1437//1437
f 1433//1433 2377//2377 484//484
f 1433//1433 1432//1432 2377//2377
f 1432//1432 2375//2375 2377//2377
f 1430//1430 486//486 2225//2225
f 1430//1430 1429//1429 486//486
f 1429//1429 484//484 486//486
f 1425//1425 1430//1430 2225//2225
f 1425//1425 1427//1427 1430//1430
f 1427//1427 1428//1428 1430//1430
f 1426//1426 2227//2227 642//642
f 1426//1426 1425//1425 2227//2227
f 1425//1425 2225//2225 2227//2227
f 1402//1402 399//399 2370//2370
f 1402//1402 1401//1401 399//399
f 1401//1401 397//397 399//399
f 1397//1397 1402//1402 2370//2370
f 1397//1397 1399//1399 1402//1402
f 1399//1399 1400//1400 1402//1402
f 1398//1398 2372//2372 499//499
f 1398//1398 1397//1397 2372//2372
f 1397//1397 2370//2370 2372//2372
f 1395//1395 501//501 2200//2200
f 1395//1395 1394//1394 501//501
f 1394//1394 499//499 501//501
f 1390//1390 1395//1395 2200//2200
f 1390//1390 1392//1392 1395//1395
f 1392//1392 1393//1393 1395//1395
f 1391//1391 2202//2202 394//394
f 1391//1391 1390//1390 2202//2202
f 1390//1390 2200//2200 2202//2202
f 1381//1381 405//405 2360//2360
f 1381//1381 1380//1380 405//405
f 1380//1380 403//403 405//405
f 1376//1376 1381//1381 2360//2360
f 1376//1376 1378//1378 1381//1381
f 1378//1378 1379//1379 1381//1381
f 1377//1377 2362//2362 508//508
f 1377//1377 1376//1376 2362//2362
f 1376//1376 2360//2360 2362//2362
f 1374//1374 510//510 2185//2185
f 1374//1374 1373//1373 510//510
f 1373//1373 508//508 510//510
f 1369//1369 1374//1374 2185//2185
f 1369//1369 1371//1371 1374//1374
f 1371//1371 1372//1372 1374//1374
f 1370//1370 2187//2187 278//278
f 1370//1370 1369//1369 2187//2187
f 1369//1369 2185//2185 2187//2187
f 1367//1367 614//614 2012//2012
f 1367//1367 1366//1366 614//614
f 1366//1366 612//612 614//614
f 1362//1362 1367//1367 2012//2012
f 1362//1362 1364//1364 1367//1367
f 1364//1364 1365//1365 1367//1367
f 1363//1363 2014//2014 591//591
f 1363//1363 1362//1362 2014//2014
f 1362//1362 2012//2012 2014//2014
f 1360//1360 408//408 2355//2355
f 1360//1360 1359//1359 408//408
f 1359//1359 406//406 408//408
f 1355//1355 1360//1360 2355//2355
f 1355//1355 1357//1357 1360//1360
f 1357//1357 1358//1358 1360//1360
f 1356//1356 2357//2357 517//517
f 1356//1356 1355//1355 2357//2357
f 1355//1355 2355//2355 2357//2357
f 1353//1353 519//519 2170//2170
f 1353//1353 1352//1352 519//519
f 1352//1352 517//517 519//519
f 1348//1348 1353//1353 2170//2170
f 1348//1348 1350//1350 1353//1353
f 1350//1350 1351//1351 1353//1353
f 1349//1349 2172//2172 418//418
f 1349//1349 1348//1348 2172//2172
f 1348//1348 2170//2170 2172//2172
f 1318//1318 414//414 2345//2345
f 1318//1318 1317//1317 414//414
f 1317//1317 412//412 414//414
f 1313//1313 1318//1318 2345//2345
f 1313//1313 1315//1315 1318//1318
f 1315//1315 1316//1316 1318//1318
f 1314//1314 2347//2347 546//546
f 1314//1314 1313//1313 2347//2347
f 1313//1313 2345//2345 2347//2347
f 1297//1297 548//548 2122//2122
f 1297//1297 1296//1296 548//548
f 1296//1296 546//546 548//548
f 1292//1292 1297//1297 2122//2122
f 1292//1292 1294//1294 1297//1297
f 1294//1294 1295//1295 1297//1297
f 1293//1293 2124//2124 2750//2750
f 1293//1293 1292//1292 2124//2124
f 1292//1292 2122//2122 2124//2124
f 1276//1276 587//587 2057//2057
f 1276//1276 1275//1275 587//587
f 1275//1275 585//585 587//587
f 1271//1271 1276//1276 2057//2057
f 1271//1271 1273//1273 1276//1276
f 1273//1273 1274//1274 1276//1276
f 1272//1272 2059//2059 2755//2755
f 1272//1272 1271//1271 2059//2059
f 1271//1271 2057//2057 2059//2059
f 1262//1262 557//557 2107//2107
f 1262//1262 1261//1261 557//557
f 1261//1261 555//555 557//557
f 1257//1257 1262//1262 2107//2107
f 1257//1257 1259//1259 1262//1262
f 1259//1259 1260//1260 1262//1262
f 1258//1258 2109//2109 2759//2759
f 1258//1258 1257//1257 2109//2109
f 1257//1257 2107//2107 2109//2109
f 1255//1255 539//539 2137//2137
f 1255//1255 1254//1254 539//539
f 1254//1254 537//537 539//539
f 1250//1250 1255//1255 2137//2137
f 1250//1250 1252//1252 1255//1255
f 1252//1252 1253//1253 1255//1255
f 1251//1251 2139//2139 2752//2752
f 1251//1251 1250//1250 2139//2139
f 1250//1250 2137//2137 2139//2139
f 1248//1248 420//420 2335//2335
f 1248//1248 1247//1247 420//420
f 1247//1247 418//418 420//420
f 1243//1243 1248//1248 2335//2335
f 1243//1243 1245//1245 1248//1248
f 1245//1245 1246//1246 1248//1248
f 1244//1244 2337//2337 564//564
f 1244//1244 1243//1243 2337//2337
f 1243//1243 2335//2335 2337//2337
f 1241//1241 566//566 2092//2092
f 1241//1241 1240//1240 566//566
f 1240//1240 564//564 566//566
f 1236//1236 1241//1241 2092//2092
f 1236//1236 1238//1238 1241//1241
f 1238//1238 1239//1239 1241//1241
f 1234//1234 653//653 1947//1947
f 1234//1234 1233//1233 653//653
f 1233//1233 651//651 653//653
f 1229//1229 1234//1234 1947//1947
f 1229//1229 1231//1231 1234//1234
f 1231//1231 1232//1232 1234//1234
f 1033//1033 1038//1038 2566//2566
f 1033//1033 1035//1035 1038//1038
f 1035//1035 1036//1036 1038//1038
f 1034//1034 2568//2568 654//654
f 1034//1034 1033//1033 2568//2568
f 1033//1033 2566//2566 2568//2568
f 1031//1031 656//656 1942//1942
f 1031//1031 1030//1030 656//656
f 1030//1030 654//654 656//656
f 1026//1026 1031//1031 1942//1942
f 1026//1026 1028//1028 1031//1031
f 1028//1028 1029//1029 1031//1031
f 1027//1027 1944//1944 412//412
f 1027//1027 1026//1026 1944//1944
f 1026//1026 1942//1942 1944//1944
f 954//954 289//289 2551//2551
f 954//954 953//953 289//289
f 953//953 287//287 289//289
f 949//949 954//954 2551//2551
f 949//949 951//951 954//954
f 951//951 952//952 954//954
f 950//950 2553//2553 690//690
f 950//950 949//949 2553//2553
f 949//949 2551//2551 2553//2553
f 940//940 498//498 2205//2205
f 940//940 939//939 498//498
f 939//939 496//496 498//498
f 935//935 940//940 2205//2205
f 935//935 937//937 940//940
f 937//937 938//938 940//940
f 936//936 2207//2207 478//478
f 936//936 935//935 2207//2207
f 935//935 2205//2205 2207//2207
f 926//926 701//701 1867//1867
f 926//926 925//925 701//701
f 925//925 699//699 701//701
f 921//921 926//926 1867//1867
f 921//921 923//923 926//926
f 923//923 924//924 926//926
f 922//922 1869//1869 373//373
f 922//922 921//921 1869//1869
f 921//921 1867//1867 1869//1869
f 919//919 716//716 1842//1842
f 919//919 918//918 716//716
f 918//918 714//714 716//716
f 914//914 919//919 1842//1842
f 914//914 916//916 919//919
f 916//916 917//917 919//919
f 915//915 1844//1844 702//702
f 915//915 914//914 1844//1844
f 914//914 1842//1842 1844//1844
f 912//912 677//677 1907//1907
f 912//912 911//911 677//677
f 911//911 675//675 677//677
f 907//907 912//912 1907//1907
f 907//907 909//909 912//912
f 909//909 910//910 912//912
f 908//908 1909//1909 708//708
f 908//908 907//907 1909//1909
f 907//907 1907//1907 1909//1909
f 905//905 710//710 1852//1852
f 905//905 904//904 710//710
f 904//904 708//708 710//710
f 900//900 905//905 1852//1852
f 900//900 902//902 905//905
f 902//902 903//903 905//905
f 901//901 1854//1854 397//397
f 901//901 900//900 1854//1854
f 900//900 1852//1852 1854//1854
f 706//706 902//902 899//899
f 706//706 866//866 902//902
f 866//866 903//903 902//902
f 703//703 909//909 906//906
f 703//703 865//865 909//909
f 865//865 910//910 909//909
f 700//700 916//916 913//913
f 700//700 864//864 916//916
f 864//864 917//917 916//916
f 697//697 923//923 920//920
f 697//697 863//863 923//923
f 863//863 924//924 923//923
f 688//688 944//944 941//941
f 688//688 860//860 944//944
f 860//860 945//945 944//944
f 685//685 951//951 948//948
f 685//685 859//859 951//951
f 859//859 952//952 951//951
f 655//655 1021//1021 1018//1018
f 655//655 849//849 1021//1021
f 849//849 1022//1022 1021//1021
f 652//652 1028//1028 1025//1025
f 652//652 848//848 1028//1028
f 848//848 1029//1029 1028//1028
f 649//649 1035//1035 1032//1032
f 649//649 847//847 1035//1035
f 847//847 1036//1036 1035//1035
f 613//613 1119//1119 1116//1116
f 613//613 835//835 1119//1119
f 835//835 1120//1120 1119//1119
f 565//565 1231//1231 1228//1228
f 565//565 819//819 1231//1231
f 819//819 1232//1232 1231//1231
f 562//562 1238//1238 1235//1235
f 562//562 818//818 1238//1238
f 818//818 1239//1239 1238//1238
f 559//559 1245//1245 1242//1242
f 559//559 817//817 1245//1245
f 817//817 1246//1246 1245//1245
f 556//556 1252//1252 1249//1249
f 556//556 816//816 1252//1252
f 816//816 1253//1253 1252//1252
f 553//553 1259//1259 1256//1256
f 553//553 815//815 1259//1259
f 815//815 1260//1260 1259//1259
f 547//547 1273//1273 1270//1270
f 547//547 813//813 1273//1273
f 813//813 1274//1274 1273//1273
f 538//538 1294//1294 1291//1291
f 538//538 810//810 1294//1294
f 810//810 1295//1295 1294//1294
f 515//515 1350//1350 1347//1347
f 515//515 803//803 1350//1350
f 803//803 1351//1351 1350//1350
f 512//512 1357//1357 1354//1354
f 512//512 802//802 1357//1357
f 802//802 1358//1358 1357//1357
f 509//509 1364//1364 1361//1361
f 509//509 801//801 1364//1364
f 801//801 1365//1365 1364//1364
f 503//503 1378//1378 1375//1375
f 503//503 799//799 1378//1378
f 799//799 1379//1379 1378//1378
f 497//497 1392//1392 1389//1389
f 497//497 797//797 1392//1392
f 797//797 1393//1393 1392//1392
f 494//494 1399//1399 1396//1396
f 494//494 796//796 1399//1399
f 796//796 1400//1400 1399//1399
f 482//482 1427//1427 1424//1424
f 482//482 792//792 1427//1427
f 792//792 1428//1428 1427//1427
f 479//479 1434//1434 1431//1431
f 479//479 791//791 1434//1434
f 791//791 1435//1435 1434//1434
f 467//467 1462//1462 1459//1459
f 467//467 787//787 1462//1462
f 787//787 1463//1463 1462//1462
f 449//449 1504//1504 1501//1501
f 449//449 781//781 1504//1504
f 781//781 1505//1505 1504//1504
f 446//446 1511//1511 1508//1508
f 446//446 780//780 1511//1511
f 780//780 1512//1512 1511//1511
f 443//443 1518//1518 1515//1515
f 443//443 779//779 1518//1518
f 779//779 1519//1519 1518//1518
f 431//431 1546//1546 1543//1543
f 431//431 775//775 1546//1546
f 775//775 1547//1547 1546//1546
f 419//419 1574//1574 1571//1571
f 419//419 771//771 1574//1574
f 771//771 1575//1575 1574//1574
f 416//416 1581//1581 1578//1578
f 416//416 770//770 1581//1581
f 770//770 1582//1582 1581//1581
f 413//413 1588//1588 1585//1585
f 413//413 769//769 1588//1588
f 769//769 1589//1589 1588//1588
f 407//407 1602//1602 1599//1599
f 407//407 767//767 1602//1602
f 767//767 1603//1603 1602//1602
f 404//404 1609//1609 1606//1606
f 404//404 766//766 1609//1609
f 766//766 1610//1610 1609//1609
f 389//389 1644//1644 1641//1641
f 389//389 761//761 1644//1644
f 761//761 1645//1645 1644//1644
f 386//386 1651//1651 1648//1648
f 386//386 760//760 1651//1651
f 760//760 1652//1652 1651//1651
f 377//377 1672//1672 1669//1669
f 377//377 757//757 1672//1672
f 757//757 1673//1673 1672//1672
f 374//374 1679//1679 1676//1676
f 374//374 756//756 1679//1679
f 756//756 1680//1680 1679//1679
f 339//339 1700//1700 1697//1697
f 339//339 745//745 1700//1700
f 745//745 1701//1701 1700//1700
f 336//336 1707//1707 1704//1704
f 336//336 744//744 1707//1707
f 744//744 1708//1708 1707//1707
f 288//288 1784//1784 1781//1781
f 288//288 728//728 1784//1784
f 728//728 1785//1785 1784//1784
f 716//716 1845//1845 1842//1842
f 716//716 715//715 1845//1845
f 715//715 878//878 1845//1845
f 707//707 1860//1860 1857//1857
f 707//707 706//706 1860//1860
f 706//706 899//899 1860//1860
f 704//704 1865//1865 1862//1862
f 704//704 703//703 1865//1865
f 703//703 906//906 1865//1865
f 701//701 1870//1870 1867//1867
f 701//701 700//700 1870//1870
f 700//700 913//913 1870//1870
f 698//698 1875//1875 1872//1872
f 698//698 697//697 1875//1875
f 697//697 920//920 1875//1875
f 689//689 1890//1890 1887//1887
f 689//689 688//688 1890//1890
f 688//688 941//941 1890//1890
f 686//686 1895//1895 1892//1892
f 686//686 685//685 1895//1895
f 685//685 948//948 1895//1895
f 656//656 1945//1945 1942//1942
f 656//656 655//655 1945//1945
f 655//655 1018//1018 1945//1945
f 653//653 1950//1950 1947//1947
f 653//653 652//652 1950//1950
f 652//652 1025//1025 1950//1950
f 650//650 1955//1955 1952//1952
f 650//650 649//649 1955//1955
f 649//649 1032//1032 1955//1955
f 614//614 2015//2015 2012//2012
f 614//614 613//613 2015//2015
f 613//613 1116//1116 2015//2015
f 566//566 2095//2095 2092//2092
f 566//566 565//565 2095//2095
f 565//565 1228//1228 2095//2095
f 563//563 2100//2100 2097//2097
f 563//563 562//562 2100//2100
f 562//562 1235//1235 2100//2100
f 560//560 2105//2105 2102//2102
f 560//560 559//559 2105//2105
f 559//559 1242//1242 2105//2105
f 557//557 2110//2110 2107//2107
f 557//557 556//556 2110//2110
f 556//556 1249//1249 2110//2110
f 539//539 2140//2140 2137//2137
f 539//539 538//538 2140//2140
f 538//538 1291//1291 2140//2140
f 516//516 2178//2178 2175//2175
f 516//516 515//515 2178//2178
f 515//515 1347//1347 2178//2178
f 513//513 2183//2183 2180//2180
f 513//513 512//512 2183//2183
f 512//512 1354//1354 2183//2183
f 510//510 2188//2188 2185//2185
f 510//510 509//509 2188//2188
f 509//509 1361//1361 2188//2188
f 504//504 2198//2198 2195//2195
f 504//504 503//503 2198//2198
f 503//503 1375//1375 2198//2198
f 498//498 2208//2208 2205//2205
f 498//498 497//497 2208//2208
f 497//497 1389//1389 2208//2208
f 495//495 2213//2213 2210//2210
f 495//495 494//494 2213//2213
f 494//494 1396//1396 2213//2213
f 483//483 2233//2233 2230//2230
f 483//483 482//482 2233//2233
f 482//482 1424//1424 2233//2233
f 480//480 2238//2238 2235//2235
f 480//480 479//479 2238//2238
f 479//479 1431//1431 2238//2238
f 468//468 2258//2258 2255//2255
f 468//468 467//467 2258//2258
f 467//467 1459//1459 2258//2258
f 450//450 2288//2288 2285//2285
f 450//450 449//449 2288//2288
f 449//449 1501//1501 2288//2288
f 447//447 2293//2293 2290//2290
f 447//447 446//446 2293//2293
f 446//446 1508//1508 2293//2293
f 444//444 2298//2298 2295//2295
f 444//444 443//443 2298//2298
f 443//443 1515//1515 2298//2298
f 432//432 2318//2318 2315//2315
f 432//432 431//431 2318//2318
f 431//431 1543//1543 2318//2318
f 420//420 2338//2338 2335//2335
f 420//420 419//419 2338//2338
f 419//419 1571//1571 2338//2338
f 417//417 2343//2343 2340//2340
f 417//417 416//416 2343//2343
f 416//416 1578//1578 2343//2343
f 414//414 2348//2348 2345//2345
f 414//414 413//413 2348//2348
f 413//413 1585//1585 2348//2348
f 408//408 2358//2358 2355//2355
f 408//408 407//407 2358//2358
f 407//407 1599//1599 2358//2358
f 405//405 2363//2363 2360//2360
f 405//405 404//404 2363//2363
f 404//404 1606//1606 2363//2363
f 387//387 2393//2393 2390//2390
f 387//387 386//386 2393//2393
f 386//386 1648//1648 2393//2393
f 378//378 2408//2408 2405//2405
f 378//378 377//377 2408//2408
f 377//377 1669//1669 2408//2408
f 375//375 2413//2413 2410//2410
f 375//375 374//374 2413//2413
f 374//374 1676//1676 2413//2413
f 340//340 2474//2474 2471//2471
f 340//340 339//339 2474//2474
f 339//339 1697//1697 2474//2474
f 337//337 2479//2479 2476//2476
f 337//337 336//336 2479//2479
f 336//336 1704//1704 2479//2479
f 289//289 2554//2554 2551//2551
f 289//289 288//288 2554//2554
f 288//288 1781//1781 2554//2554
usemtl mat3
f 233//233 234//234 235//235
f 236//236 237//237 238//238
f 242//242 243//243 244//244
f 245//245 246//246 247//247
f 248//248 249//249 250//250
f 251//251 252//252 253//253
f 254//254 255//255 256//256
f 251//251 253//253 257//257
f 248//248 250//250 258//258
f 245//245 247//247 259//259
f 242//242 244//244 260//260
f 233//233 235//235 261//261
f 254//254 262//262 255//255
f 263//263 264//264 265//265
f 266//266 267//267 268//268
f 269//269 270//270 271//271
f 272//272 273//273 274//274
f 275//275 276//276 277//277
f 278//278 279//279 280//280
f 281//281 282//282 283//283
f 284//284 285//285 286//286
f 290//290 291//291 292//292
f 293//293 294//294 295//295
f 296//296 297//297 298//298
f 302//302 303//303 304//304
f 305//305 306//306 307//307
f 308//308 309//309 310//310
f 311//311 312//312 313//313
f 314//314 315//315 316//316
f 317//317 318//318 319//319
f 326//326 327//327 328//328
f 329//329 330//330 331//331
f 332//332 333//333 334//334
f 344//344 345//345 346//346
f 347//347 348//348 349//349
f 350//350 351//351 352//352
f 354//354 355//355 356//356
f 357//357 358//358 359//359
f 236//236 360//360 237//237
f 361//361 362//362 363//363
f 364//364 365//365 366//366
f 367//367 368//368 369//369
f 370//370 371//371 372//372
f 379//379 380//380 381//381
f 388//388 389//389 390//390
f 391//391 392//392 393//393
f 394//394 395//395 396//396
f 397//397 398//398 399//399
f 400//400 401//401 402//402
f 421//421 422//422 423//423
f 424//424 425//425 426//426
f 427//427 428//428 429//429
f 433//433 434//434 435//435
f 436//436 437//437 438//438
f 439//439 440//440 441//441
f 451//451 452//452 453//453
f 454//454 455//455 456//456
f 457//457 458//458 459//459
f 460//460 461//461 462//462
f 463//463 464//464 465//465
f 484//484 485//485 486//486
f 487//487 488//488 489//489
f 490//490 491//491 492//492
f 499//499 500//500 501//501
f 520//520 521//521 522//522
f 520//520 523//523 524//524
f 525//525 526//526 527//527
f 531//531 532//532 533//533
f 543//543 544//544 545//545
f 546//546 547//547 548//548
f 549//549 550//550 551//551
f 552//552 553//553 554//554
f 567//567 568//568 569//569
f 570//570 571//571 572//572
f 573//573 574//574 575//575
f 576//576 577//577 578//578
f 579//579 580//580 581//581
f 582//582 583//583 584//584
f 585//585 586//586 587//587
f 588//588 589//589 590//590
f 591//591 592//592 593//593
f 594//594 595//595 596//596
f 597//597 598//598 599//599
f 600//600 601//601 602//602
f 603//603 604//604 605//605
f 606//606 607//607 608//608
f 609//609 610//610 611//611
f 615//615 616//616 617//617
f 618//618 619//619 620//620
f 627//627 628//628 629//629
f 633//633 634//634 635//635
f 636//636 637//637 638//638
f 639//639 640//640 641//641
f 642//642 643//643 644//644
f 645//645 646//646 647//647
f 657//657 658//658 659//659
f 660//660 661//661 662//662
f 675//675 676//676 677//677
f 678//678 679//679 680//680
f 681//681 682//682 683//683
f 693//693 694//694 695//695
f 708//708 709//709 710//710
f 711//711 712//712 713//713
f 717//717 718//718 719//719
f 263//263 720//720 264//264
f 266//266 721//721 267//267
f 269//269 722//722 270//270
f 272//272 723//723 273//273
f 275//275 724//724 276//276
f 278//278 725//725 279//279
f 281//281 726//726 282//282
f 284//284 727//727 285//285
f 290//290 729//729 291//291
f 293//293 730//730 294//294
f 296//296 731//731 297//297
f 302//302 733//733 303//303
f 305//305 734//734 306//306
f 308//308 735//735 309//309
f 311//311 736//736 312//312
f 314//314 737//737 315//315
f 317//317 738//738 318//318
f 326//326 741//741 327//327
f 329//329 742//742 330//330
f 332//332 743//743 333//333
f 344//344 747//747 345//345
f 347//347 748//748 348//348
f 350//350 749//749 351//351
f 354//354 750//750 355//355
f 357//357 751//751 358//358
f 361//361 752//752 362//362
f 364//364 753//753 365//365
f 367//367 754//754 368//368
f 370//370 755//755 371//371
f 379//379 758//758 380//380
f 391//391 762//762 392//392
f 394//394 763//763 395//395
f 397//397 764//764 398//398
f 400//400 765//765 401//401
f 421//421 772//772 422//422
f 424//424 773//773 425//425
f 427//427 774//774 428//428
f 433//433 776//776 434//434
f 436//436 777//777 437//437
f 439//439 778//778 440//440
f 451//451 782//782 452//452
f 454//454 783//783 455//455
f 457//457 784//784 458//458
f 460//460 785//785 461//461
f 463//463 786//786 464//464
f 475//475 790//790 476//476
f 484//484 793//793 485//485
f 487//487 794//794 488//488
f 490//490 795//795 491//491
f 499//499 798//798 500//500
f 520//520 805//805 521//521
f 520//520 522//522 523//523
f 525//525 806//806 526//526
f 531//531 808//808 532//532
f 543//543 812//812 544//544
f 549//549 814//814 550//550
f 567//567 820//820 568//568
f 570//570 821//821 571//571
f 573//573 822//822 574//574
f 576//576 823//823 577//577
f 579//579 824//824 580//580
f 582//582 825//825 583//583
f 585//585 826//826 586//586
f 588//588 827//827 589//589
f 591//591 828//828 592//592
f 594//594 829//829 595//595
f 597//597 830//830 598//598
f 600//600 831//831 601//601
f 603//603 832//832 604//604
f 606//606 833//833 607//607
f 609//609 834//834 610//610
f 615//615 836//836 616//616
f 618//618 837//837 619//619
f 627//627 840//840 628//628
f 633//633 842//842 634//634
f 636//636 843//843 637//637
f 639//639 844//844 640//640
f 642//642 845//845 643//643
f 645//645 846//846 646//646
f 657//657 850//850 658//658
f 675//675 856//856 676//676
f 678//678 857//857 679//679
f 681//681 858//858 682//682
f 693//693 862//862 694//694
f 708//708 867//867 709//709
f 711//711 868//868 712//712
f 714//714 869//869 715//715
f 717//717 870//870 718//718
f 871//871 872//872 873//873
f 871//871 874//874 872//872
f 875//875 876//876 877//877
f 878//878 879//879 880//880
f 878//878 881//881 879//879
f 882//882 883//883 884//884
f 885//885 886//886 887//887
f 885//885 888//888 886//886
f 889//889 890//890 891//891
f 892//892 893//893 894//894
f 892//892 895//895 893//893
f 896//896 897//897 898//898
f 927//927 928//928 929//929
f 927//927 930//930 928//928
f 931//931 932//932 933//933
f 955//955 956//956 957//957
f 955//955 958//958 956//956
f 959//959 960//960 961//961
f 962//962 963//963 964//964
f 962//962 965//965 963//963
f 966//966 967//967 968//968
f 969//969 970//970 971//971
f 969//969 972//972 970//970
f 973//973 974//974 975//975
f 976//976 977//977 978//978
f 997//997 998//998 999//999
f 1004//1004 1005//1005 1006//1006
f 1004//1004 1007//1007 1005//1005
f 1011//1011 1014//1014 1012//1012
f 1015//1015 1016//1016 1017//1017
f 1018//1018 1019//1019 1020//1020
f 1018//1018 1021//1021 1019//1019
f 1022//1022 1023//1023 1024//1024
f 1036//1036 1037//1037 1038//1038
f 1039//1039 1040//1040 1041//1041
f 1039//1039 1042//1042 1040//1040
f 1043//1043 1044//1044 1045//1045
f 1046//1046 1047//1047 1048//1048
f 1046//1046 1049//1049 1047//1047
f 1050//1050 1051//1051 1052//1052
f 1053//1053 1054//1054 1055//1055
f 1053//1053 1056//1056 1054//1054
f 1057//1057 1058//1058 1059//1059
f 1060//1060 1061//1061 1062//1062
f 1060//1060 1063//1063 1061//1061
f 1064//1064 1065//1065 1066//1066
f 1067//1067 1068//1068 1069//1069
f 1067//1067 1070//1070 1068//1068
f 1071//1071 1072//1072 1073//1073
f 1088//1088 1089//1089 1090//1090
f 1095//1095 1096//1096 1097//1097
f 1102//1102 1103//1103 1104//1104
f 1102//1102 1105//1105 1103//1103
f 1106//1106 1107//1107 1108//1108
f 1109//1109 1110//1110 1111//1111
f 1109//1109 1112//1112 1110//1110
f 1113//1113 1114//1114 1115//1115
f 1116//1116 1117//1117 1118//1118
f 1116//1116 1119//1119 1117//1117
f 1120//1120 1121//1121 1122//1122
f 1123//1123 1124//1124 1125//1125
f 1123//1123 1126//1126 1124//1124
f 1127//1127 1128//1128 1129//1129
f 1130//1130 1131//1131 1132//1132
f 1130//1130 1133//1133 1131//1131
f 1134//1134 1135//1135 1136//1136
f 1137//1137 1138//1138 1139//1139
f 1137//1137 1140//1140 1138//1138
f 1141//1141 1142//1142 1143//1143
f 1144//1144 1145//1145 1146//1146
f 1144//1144 1147//1147 1145//1145
f 1148//1148 1149//1149 1150//1150
f 1151//1151 1152//1152 1153//1153
f 1151//1151 1154//1154 1152//1152
f 1155//1155 1156//1156 1157//1157
f 1158//1158 1159//1159 1160//1160
f 1158//1158 1161//1161 1159//1159
f 1162//1162 1163//1163 1164//1164
f 1165//1165 1166//1166 1167//1167
f 1165//1165 1168//1168 1166//1166
f 1169//1169 1170//1170 1171//1171
f 1172//1172 1173//1173 1174//1174
f 1172//1172 1175//1175 1173//1173
f 1176//1176 1177//1177 1178//1178
f 1179//1179 1180//1180 1181//1181
f 1179//1179 1182//1182 1180//1180
f 1183//1183 1184//1184 1185//1185
f 1186//1186 1187//1187 1188//1188
f 1186//1186 1189//1189 1187//1187
f 1190//1190 1191//1191 1192//1192
f 1193//1193 1194//1194 1195//1195
f 1193//1193 1196//1196 1194//1194
f 1197//1197 1198//1198 1199//1199
f 1200//1200 1201//1201 1202//1202
f 1200//1200 1203//1203 1201//1201
f 1204//1204 1205//1205 1206//1206
f 1207//1207 1208//1208 1209//1209
f 1207//1207 1210//1210 1208//1208
f 1211//1211 1212//1212 1213//1213
f 1214//1214 1215//1215 1216//1216
f 1214//1214 1217//1217 1215//1215
f 1218//1218 1219//1219 1220//1220
f 1221//1221 1222//1222 1223//1223
f 1221//1221 1224//1224 1222//1222
f 1225//1225 1226//1226 1227//1227
f 1235//1235 1236//1236 1237//1237
f 1263//1263 1264//1264 1265//1265
f 1263//1263 1266//1266 1264//1264
f 1267//1267 1268//1268 1269//1269
f 1277//1277 1278//1278 1279//1279
f 1277//1277 1280//1280 1278//1278
f 1281//1281 1282//1282 1283//1283
f 1284//1284 1285//1285 1286//1286
f 1284//1284 1287//1287 1285//1285
f 1288//1288 1289//1289 1290//1290
f 1305//1305 1308//1308 1306//1306
f 1309//1309 1310//1310 1311//1311
f 1319//1319 1320//1320 1321//1321
f 1319//1319 1322//1322 1320//1320
f 1326//1326 1327//1327 1328//1328
f 1326//1326 1329//1329 1327//1327
f 1330//1330 1331//1331 1332//1332
f 1386//1386 1387//1387 1388//1388
f 1403//1403 1404//1404 1405//1405
f 1403//1403 1406//1406 1404//1404
f 1407//1407 1408//1408 1409//1409
f 1410//1410 1411//1411 1412//1412
f 1410//1410 1413//1413 1411//1411
f 1414//1414 1415//1415 1416//1416
f 1417//1417 1418//1418 1419//1419
f 1417//1417 1420//1420 1418//1418
f 1421//1421 1422//1422 1423//1423
f 1442//1442 1443//1443 1444//1444
f 1452//1452 1453//1453 1454//1454
f 1452//1452 1455//1455 1453//1453
f 1456//1456 1457//1457 1458//1458
f 1466//1466 1467//1467 1468//1468
f 1466//1466 1469//1469 1467//1467
f 1470//1470 1471//1471 1472//1472
f 1473//1473 1474//1474 1475//1475
f 1473//1473 1476//1476 1474//1474
f 1477//1477 1478//1478 1479//1479
f 1487//1487 1488//1488 1489//1489
f 1487//1487 1490//1490 1488//1488
f 1491//1491 1492//1492 1493//1493
f 1494//1494 1495//1495 1496//1496
f 1494//1494 1497//1497 1495//1495
f 1498//1498 1499//1499 1500//1500
f 1529//1529 1530//1530 1531//1531
f 1529//1529 1532//1532 1530//1530
f 1533//1533 1534//1534 1535//1535
f 1536//1536 1537//1537 1538//1538
f 1536//1536 1539//1539 1537//1537
f 1540//1540 1541//1541 1542//1542
f 1550//1550 1551//1551 1552//1552
f 1550//1550 1553//1553 1551//1551
f 1554//1554 1555//1555 1556//1556
f 1557//1557 1558//1558 1559//1559
f 1557//1557 1560//1560 1558//1558
f 1561//1561 1562//1562 1563//1563
f 1564//1564 1565//1565 1566//1566
f 1564//1564 1567//1567 1565//1565
f 1568//1568 1569//1569 1570//1570
f 1589//1589 1590//1590 1591//1591
f 1596//1596 1597//1597 1598//1598
f 1610//1610 1611//1611 1612//1612
f 1613//1613 1614//1614 1615//1615
f 1613//1613 1616//1616 1614//1614
f 1617//1617 1618//1618 1619//1619
f 1620//1620 1621//1621 1622//1622
f 1620//1620 1623//1623 1621//1621
f 1624//1624 1625//1625 1626//1626
f 1634//1634 1635//1635 1636//1636
f 1634//1634 1637//1637 1635//1635
f 1638//1638 1639//1639 1640//1640
f 1662//1662 1663//1663 1664//1664
f 1662//1662 1665//1665 1663//1663
f 1666//1666 1667//1667 1668//1668
f 1683//1683 1684//1684 1685//1685
f 1683//1683 1686//1686 1684//1684
f 1687//1687 1688//1688 1689//1689
f 1711//1711 1712//1712 1713//1713
f 1711//1711 1714//1714 1712//1712
f 1715//1715 1716//1716 1717//1717
f 1718//1718 1719//1719 1720//1720
f 1718//1718 1721//1721 1719//1719
f 1722//1722 1723//1723 1724//1724
f 1725//1725 1726//1726 1727//1727
f 1732//1732 1733//1733 1734//1734
f 1732//1732 1735//1735 1733//1733
f 1736//1736 1737//1737 1738//1738
f 1739//1739 1740//1740 1741//1741
f 1739//1739 1742//1742 1740//1740
f 1743//1743 1744//1744 1745//1745
f 1746//1746 1747//1747 1748//1748
f 1746//1746 1749//1749 1747//1747
f 1750//1750 1751//1751 1752//1752
f 1753//1753 1754//1754 1755//1755
f 1753//1753 1756//1756 1754//1754
f 1757//1757 1758//1758 1759//1759
f 1767//1767 1768//1768 1769//1769
f 1767//1767 1770//1770 1768//1768
f 1771//1771 1772//1772 1773//1773
f 1774//1774 1775//1775 1776//1776
f 1774//1774 1777//1777 1775//1775
f 1778//1778 1779//1779 1780//1780
f 1788//1788 1789//1789 1790//1790
f 1788//1788 1791//1791 1789//1789
f 1792//1792 1793//1793 1794//1794
f 1795//1795 1796//1796 1797//1797
f 1795//1795 1798//1798 1796//1796
f 1799//1799 1800//1800 1801//1801
f 1802//1802 1803//1803 1804//1804
f 1802//1802 1805//1805 1803//1803
f 1809//1809 1810//1810 1811//1811
f 1809//1809 1812//1812 1810//1810
f 1813//1813 1814//1814 1815//1815
f 1816//1816 1817//1817 1818//1818
f 1816//1816 1819//1819 1817//1817
f 1820//1820 1821//1821 1822//1822
f 1823//1823 1824//1824 1825//1825
f 1823//1823 1826//1826 1824//1824
f 1827//1827 1828//1828 1829//1829
f 1830//1830 1831//1831 1832//1832
f 1830//1830 1833//1833 1831//1831
f 1834//1834 1835//1835 1836//1836
f 1837//1837 1838//1838 1839//1839
f 1837//1837 1840//1840 1838//1838
f 871//871 873//873 1841//1841
f 1847//1847 1848//1848 1849//1849
f 1847//1847 1850//1850 1848//1848
f 885//885 887//887 1851//1851
f 1852//1852 1853//1853 1854//1854
f 1852//1852 1855//1855 1853//1853
f 892//892 894//894 1856//1856
f 1877//1877 1878//1878 1879//1879
f 1877//1877 1880//1880 1878//1878
f 927//927 929//929 1881//1881
f 1897//1897 1898//1898 1899//1899
f 1897//1897 1900//1900 1898//1898
f 955//955 957//957 1901//1901
f 1902//1902 1903//1903 1904//1904
f 1902//1902 1905//1905 1903//1903
f 962//962 964//964 1906//1906
f 1907//1907 1908//1908 1909//1909
f 1907//1907 1910//1910 1908//1908
f 969//969 971//971 1911//1911
f 1912//1912 1913//1913 1914//1914
f 1912//1912 1915//1915 1913//1913
f 976//976 978//978 1916//1916
f 1927//1927 1928//1928 1929//1929
f 1927//1927 1930//1930 1928//1928
f 997//997 999//999 1931//1931
f 1932//1932 1933//1933 1934//1934
f 1932//1932 1935//1935 1933//1933
f 1004//1004 1006//1006 1936//1936
f 1018//1018 1020//1020 1946//1946
f 1957//1957 1958//1958 1959//1959
f 1957//1957 1960//1960 1958//1958
f 1039//1039 1041//1041 1961//1961
f 1962//1962 1963//1963 1964//1964
f 1962//1962 1965//1965 1963//1963
f 1046//1046 1048//1048 1966//1966
f 1967//1967 1968//1968 1969//1969
f 1967//1967 1970//1970 1968//1968
f 1053//1053 1055//1055 1971//1971
f 1972//1972 1973//1973 1974//1974
f 1972//1972 1975//1975 1973//1973
f 1060//1060 1062//1062 1976//1976
f 1977//1977 1978//1978 1979//1979
f 1977//1977 1980//1980 1978//1978
f 1067//1067 1069//1069 1981//1981
f 1992//1992 1993//1993 1994//1994
f 1992//1992 1995//1995 1993//1993
f 1088//1088 1090//1090 1996//1996
f 1997//1997 1998//1998 1999//1999
f 1997//1997 2000//2000 1998//1998
f 1095//1095 1097//1097 2001//2001
f 2002//2002 2003//2003 2004//2004
f 2002//2002 2005//2005 2003//2003
f 1102//1102 1104//1104 2006//2006
f 2007//2007 2008//2008 2009//2009
f 2007//2007 2010//2010 2008//2008
f 1109//1109 1111//1111 2011//2011
f 2012//2012 2015//2015 2013//2013
f 1116//1116 1118//1118 2016//2016
f 1123//1123 1125//1125 2021//2021
f 2022//2022 2023//2023 2024//2024
f 2022//2022 2025//2025 2023//2023
f 1130//1130 1132//1132 2026//2026
f 2027//2027 2028//2028 2029//2029
f 2027//2027 2030//2030 2028//2028
f 1137//1137 1139//1139 2031//2031
f 2032//2032 2033//2033 2034//2034
f 2032//2032 2035//2035 2033//2033
f 1144//1144 1146//1146 2036//2036
f 2037//2037 2038//2038 2039//2039
f 2037//2037 2040//2040 2038//2038
f 1151//1151 1153//1153 2041//2041
f 2042//2042 2043//2043 2044//2044
f 2042//2042 2045//2045 2043//2043
f 1158//1158 1160//1160 2046//2046
f 2047//2047 2048//2048 2049//2049
f 2047//2047 2050//2050 2048//2048
f 1165//1165 1167//1167 2051//2051
f 2052//2052 2053//2053 2054//2054
f 2052//2052 2055//2055 2053//2053
f 1172//1172 1174//1174 2056//2056
f 2057//2057 2058//2058 2059//2059
f 2057//2057 2060//2060 2058//2058
f 1179//1179 1181//1181 2061//2061
f 2062//2062 2063//2063 2064//2064
f 2062//2062 2065//2065 2063//2063
f 1186//1186 1188//1188 2066//2066
f 2067//2067 2068//2068 2069//2069
f 2067//2067 2070//2070 2068//2068
f 1193//1193 1195//1195 2071//2071
f 2072//2072 2073//2073 2074//2074
f 2072//2072 2075//2075 2073//2073
f 1200//1200 1202//1202 2076//2076
f 2077//2077 2078//2078 2079//2079
f 2077//2077 2080//2080 2078//2078
f 1207//1207 1209//1209 2081//2081
f 2082//2082 2083//2083 2084//2084
f 2082//2082 2085//2085 2083//2083
f 1214//1214 1216//1216 2086//2086
f 2087//2087 2088//2088 2089//2089
f 2087//2087 2090//2090 2088//2088
f 1221//1221 1223//1223 2091//2091
f 2097//2097 2098//2098 2099//2099
f 2097//2097 2100//2100 2098//2098
f 1235//1235 1237//1237 2101//2101
f 2112//2112 2113//2113 2114//2114
f 2112//2112 2115//2115 2113//2113
f 1256//1256 1258//1258 2116//2116
f 2117//2117 2118//2118 2119//2119
f 2117//2117 2120//2120 2118//2118
f 2122//2122 2123//2123 2124//2124
f 2122//2122 2125//2125 2123//2123
f 1270//1270 1272//1272 2126//2126
f 2127//2127 2128//2128 2129//2129
f 2127//2127 2130//2130 2128//2128
f 1277//1277 1279//1279 2131//2131
f 2132//2132 2133//2133 2134//2134
f 2132//2132 2135//2135 2133//2133
f 1284//1284 1286//1286 2136//2136
f 2157//2157 2158//2158 2159//2159
f 2157//2157 2160//2160 2158//2158
f 1319//1319 1321//1321 2161//2161
f 2162//2162 2163//2163 2164//2164
f 2162//2162 2165//2165 2163//2163
f 1326//1326 1328//1328 2166//2166
f 1330//1330 2167//2167 1331//1331
f 1330//1330 2168//2168 2167//2167
f 2185//2185 2186//2186 2187//2187
f 2200//2200 2201//2201 2202//2202
f 2200//2200 2203//2203 2201//2201
f 2215//2215 2216//2216 2217//2217
f 2215//2215 2218//2218 2216//2216
f 1403//1403 1405//1405 2219//2219
f 2220//2220 2221//2221 2222//2222
f 2220//2220 2223//2223 2221//2221
f 1410//1410 1412//1412 2224//2224
f 2225//2225 2226//2226 2227//2227
f 2225//2225 2228//2228 2226//2226
f 1417//1417 1419//1419 2229//2229
f 2260//2260 2261//2261 2262//2262
f 2260//2260 2263//2263 2261//2261
f 1466//1466 1468//1468 2264//2264
f 2265//2265 2266//2266 2267//2267
f 2265//2265 2268//2268 2266//2266
f 1473//1473 1475//1475 2269//2269
f 2270//2270 2271//2271 2272//2272
f 2270//2270 2273//2273 2271//2271
f 1480//1480 1482//1482 2274//2274
f 2275//2275 2278//2278 2276//2276
f 1487//1487 1489//1489 2279//2279
f 2280//2280 2281//2281 2282//2282
f 2280//2280 2283//2283 2281//2281
f 1494//1494 1496//1496 2284//2284
f 2300//2300 2301//2301 2302//2302
f 2305//2305 2306//2306 2307//2307
f 2305//2305 2308//2308 2306//2306
f 1529//1529 1531//1531 2309//2309
f 2310//2310 2311//2311 2312//2312
f 2310//2310 2313//2313 2311//2311
f 1536//1536 1538//1538 2314//2314
f 2315//2315 2316//2316 2317//2317
f 2320//2320 2321//2321 2322//2322
f 2320//2320 2323//2323 2321//2321
f 1550//1550 1552//1552 2324//2324
f 2325//2325 2326//2326 2327//2327
f 2325//2325 2328//2328 2326//2326
f 1557//1557 1559//1559 2329//2329
f 2330//2330 2331//2331 2332//2332
f 2330//2330 2333//2333 2331//2331
f 1564//1564 1566//1566 2334//2334
f 2365//2365 2366//2366 2367//2367
f 2365//2365 2368//2368 2366//2366
f 1613//1613 1615//1615 2369//2369
f 2370//2370 2371//2371 2372//2372
f 2370//2370 2373//2373 2371//2371
f 1620//1620 1622//1622 2374//2374
f 2375//2375 2376//2376 2377//2377
f 2375//2375 2378//2378 2376//2376
f 1627//1627 1629//1629 2379//2379
f 2380//2380 2381//2381 2382//2382
f 2380//2380 2383//2383 2381//2381
f 1634//1634 1636//1636 2384//2384
f 2385//2385 2386//2386 2387//2387
f 2390//2390 2391//2391 2392//2392
f 2400//2400 2401//2401 2402//2402
f 2400//2400 2403//2403 2401//2401
f 1662//1662 1664//1664 2404//2404
f 2415//2415 2416//2416 2417//2417
f 2415//2415 2418//2418 2416//2416
f 2423//2423 2424//2424 2425//2425
f 2423//2423 2426//2426 2424//2424
f 2431//2431 2432//2432 2433//2433
f 2431//2431 2434//2434 2432//2432
f 2435//2435 2436//2436 2437//2437
f 2438//2438 2439//2439 2440//2440
f 2438//2438 2441//2441 2439//2439
f 2442//2442 2443//2443 2444//2444
f 2442//2442 2445//2445 2443//2443
f 2446//2446 2447//2447 2448//2448
f 2446//2446 2449//2449 2447//2447
f 2450//2450 2451//2451 2452//2452
f 2453//2453 2454//2454 2455//2455
f 2453//2453 2456//2456 2454//2454
f 2457//2457 2458//2458 2459//2459
f 2457//2457 2460//2460 2458//2458
f 2461//2461 2462//2462 2463//2463
f 2461//2461 2464//2464 2462//2462
f 1683//1683 1685//1685 2465//2465
f 2481//2481 2482//2482 2483//2483
f 2481//2481 2484//2484 2482//2482
f 2485//2485 2486//2486 2487//2487
f 2485//2485 2488//2488 2486//2486
f 1711//1711 1713//1713 2489//2489
f 2490//2490 2491//2491 2492//2492
f 2490//2490 2493//2493 2491//2491
f 1718//1718 1720//1720 2494//2494
f 2495//2495 2496//2496 2497//2497
f 2495//2495 2498//2498 2496//2496
f 1725//1725 1727//1727 2503//2503
f 2504//2504 2505//2505 2506//2506
f 2504//2504 2507//2507 2505//2505
f 1732//1732 1734//1734 2508//2508
f 2509//2509 2510//2510 2511//2511
f 2509//2509 2512//2512 2510//2510
f 2513//2513 2514//2514 2515//2515
f 2513//2513 2516//2516 2514//2514
f 1739//1739 1741//1741 2517//2517
f 2518//2518 2519//2519 2520//2520
f 2518//2518 2521//2521 2519//2519
f 1746//1746 1748//1748 2522//2522
f 2523//2523 2524//2524 2525//2525
f 2523//2523 2526//2526 2524//2524
f 2527//2527 2528//2528 2529//2529
f 2527//2527 2530//2530 2528//2528
f 1753//1753 1755//1755 2531//2531
f 2532//2532 2533//2533 2534//2534
f 2532//2532 2535//2535 2533//2533
f 1760//1760 1762//1762 2536//2536
f 2537//2537 2538//2538 2539//2539
f 2537//2537 2540//2540 2538//2538
f 2541//2541 2542//2542 2543//2543
f 2541//2541 2544//2544 2542//2542
f 1767//1767 1769//1769 2545//2545
f 2546//2546 2547//2547 2548//2548
f 2546//2546 2549//2549 2547//2547
f 1774//1774 1776//1776 2550//2550
f 2556//2556 2557//2557 2558//2558
f 2556//2556 2559//2559 2557//2557
f 1788//1788 1790//1790 2560//2560
f 1795//1795 1797//1797 2565//2565
f 2566//2566 2569//2569 2567//2567
f 1802//1802 1804//1804 2570//2570
f 2571//2571 2572//2572 2573//2573
f 2571//2571 2574//2574 2572//2572
f 1809//1809 1811//1811 2575//2575
f 2576//2576 2577//2577 2578//2578
f 2576//2576 2579//2579 2577//2577
f 1816//1816 1818//1818 2580//2580
f 2581//2581 2582//2582 2583//2583
f 2581//2581 2584//2584 2582//2582
f 2585//2585 2586//2586 2587//2587
f 2585//2585 2588//2588 2586//2586
f 1823//1823 1825//1825 2589//2589
f 2590//2590 2591//2591 2592//2592
f 2590//2590 2593//2593 2591//2591
f 1830//1830 1832//1832 2594//2594
f 2595//2595 2596//2596 2597//2597
f 2595//2595 2598//2598 2596//2596
f 2599//2599 2600//2600 2601//2601
f 2602//2602 2603//2603 2604//2604
f 2602//2602 2605//2605 2603//2603
f 2606//2606 2607//2607 2608//2608
f 2606//2606 2609//2609 2607//2607
f 2610//2610 2611//2611 2612//2612
f 2613//2613 2614//2614 2615//2615
f 2613//2613 2616//2616 2614//2614
f 2617//2617 2618//2618 2619//2619
f 2620//2620 2621//2621 2622//2622
f 2620//2620 2623//2623 2621//2621
f 2624//2624 2625//2625 2626//2626
f 2624//2624 2627//2627 2625//2625
f 2628//2628 2629//2629 2630//2630
f 2631//2631 2632//2632 2633//2633
f 2631//2631 2634//2634 2632//2632
f 2595//2595 2597//2597 2635//2635
f 2628//2628 2636//2636 2629//2629
f 2628//2628 2637//2637 2636//2636
f 2638//2638 2639//2639 2640//2640
f 2617//2617 2641//2641 2618//2618
f 2617//2617 2642//2642 2641//2641
f 2643//2643 2644//2644 2645//2645
f 2610//2610 2646//2646 2611//2611
f 2610//2610 2647//2647 2646//2646
f 2648//2648 2649//2649 2650//2650
f 2651//2651 2652//2652 2653//2653
f 2651//2651 2654//2654 2652//2652
f 2446//2446 2448//2448 2655//2655
f 2656//2656 2657//2657 2658//2658
f 2656//2656 2659//2659 2657//2657
f 2431//2431 2433//2433 2660//2660
f 2661//2661 2662//2662 2663//2663
f 2669//2669 2670//2670 2671//2671
f 2132//2132 2672//2672 2135//2135
f 1288//1288 2673//2673 1289//1289
f 2674//2674 2675//2675 2676//2676
f 2651//2651 2685//2685 2654//2654
f 2654//2654 2676//2676 2446//2446
f 2654//2654 2685//2685 2676//2676
f 2685//2685 2674//2674 2676//2676
f 2676//2676 2449//2449 2446//2446
f 2676//2676 2675//2675 2449//2449
f 2675//2675 2450//2450 2449//2449
f 1289//1289 2663//2663 543//543
f 1289//1289 2673//2673 2663//2663
f 2673//2673 2661//2661 2663//2663
f 2135//2135 2671//2671 1284//1284
f 2135//2135 2672//2672 2671//2671
f 2672//2672 2669//2669 2671//2671
f 2671//2671 1287//1287 1284//1284
f 2671//2671 2670//2670 1287//1287
f 2670//2670 1288//1288 1287//1287
f 2663//2663 2653//2653 543//543
f 2663//2663 2662//2662 2653//2653
f 2662//2662 2651//2651 2653//2653
f 2660//2660 1310//1310 1309//1309
f 2660//2660 2433//2433 1310//1310
f 2433//2433 311//311 1310//1310
f 2657//2657 2660//2660 1309//1309
f 2657//2657 2659//2659 2660//2660
f 2659//2659 2431//2431 2660//2660
f 2658//2658 808//808 531//531
f 2658//2658 2657//2657 808//808
f 2657//2657 1309//1309 808//808
f 2655//2655 1282//1282 1281//1281
f 2655//2655 2448//2448 1282//1282
f 2448//2448 242//242 1282//1282
f 2652//2652 2655//2655 1281//1281
f 2652//2652 2654//2654 2655//2655
f 2654//2654 2446//2446 2655//2655
f 2653//2653 812//812 543//543
f 2653//2653 2652//2652 812//812
f 2652//2652 1281//1281 812//812
f 2650//2650 261//261 2602//2602
f 2650//2650 2649//2649 261//261
f 2649//2649 233//233 261//261
f 2646//2646 2650//2650 2602//2602
f 2646//2646 2647//2647 2650//2650
f 2647//2647 2648//2648 2650//2650
f 2611//2611 2604//2604 347//347
f 2611//2611 2646//2646 2604//2604
f 2646//2646 2602//2602 2604//2604
f 2645//2645 352//352 2453//2453
f 2645//2645 2644//2644 352//352
f 2644//2644 350//350 352//352
f 2641//2641 2645//2645 2453//2453
f 2641//2641 2642//2642 2645//2645
f 2642//2642 2643//2643 2645//2645
f 2618//2618 2455//2455 233//233
f 2618//2618 2641//2641 2455//2455
f 2641//2641 2453//2453 2455//2455
f 2640//2640 258//258 2620//2620
f 2640//2640 2639//2639 258//258
f 2639//2639 248//248 258//258
f 2636//2636 2640//2640 2620//2620
f 2636//2636 2637//2637 2640//2640
f 2637//2637 2638//2638 2640//2640
f 2629//2629 2622//2622 357//357
f 2629//2629 2636//2636 2622//2622
f 2636//2636 2620//2620 2622//2622
f 2635//2635 2639//2639 2638//2638
f 2635//2635 2597//2597 2639//2639
f 2597//2597 248//248 2639//2639
f 2632//2632 2635//2635 2638//2638
f 2632//2632 2634//2634 2635//2635
f 2634//2634 2595//2595 2635//2635
f 2633//2633 252//252 251//251
f 2633//2633 2632//2632 252//252
f 2632//2632 2638//2638 252//252
f 2630//2630 1821//1821 1820//1820
f 2630//2630 2629//2629 1821//1821
f 2629//2629 357//357 1821//1821
f 2625//2625 2630//2630 1820//1820
f 2625//2625 2627//2627 2630//2630
f 2627//2627 2628//2628 2630//2630
f 2626//2626 723//723 272//272
f 2626//2626 2625//2625 723//723
f 2625//2625 1820//1820 723//723
f 2621//2621 2692//2692 2693//2693
f 2621//2621 2623//2623 2692//2692
f 2623//2623 2694//2694 2692//2692
f 2622//2622 751//751 357//357
f 2622//2622 2621//2621 751//751
f 2621//2621 2693//2693 751//751
f 2619//2619 2649//2649 2648//2648
f 2619//2619 2618//2618 2649//2649
f 2618//2618 233//233 2649//2649
f 2614//2614 2619//2619 2648//2648
f 2614//2614 2616//2616 2619//2619
f 2616//2616 2617//2617 2619//2619
f 2615//2615 243//243 242//242
f 2615//2615 2614//2614 243//243
f 2614//2614 2648//2648 243//243
f 2612//2612 2600//2600 2599//2599
f 2612//2612 2611//2611 2600//2600
f 2611//2611 347//347 2600//2600
f 2607//2607 2612//2612 2599//2599
f 2607//2607 2609//2609 2612//2612
f 2609//2609 2610//2610 2612//2612
f 2608//2608 262//262 254//254
f 2608//2608 2607//2607 262//262
f 2607//2607 2599//2599 262//262
f 2603//2603 2695//2695 2696//2696
f 2603//2603 2605//2605 2695//2695
f 2605//2605 2697//2697 2695//2695
f 2604//2604 748//748 347//347
f 2604//2604 2603//2603 748//748
f 2603//2603 2696//2696 748//748
f 2601//2601 349//349 2457//2457
f 2601//2601 2600//2600 349//349
f 2600//2600 347//347 349//349
f 2596//2596 2601//2601 2457//2457
f 2596//2596 2598//2598 2601//2601
f 2598//2598 2599//2599 2601//2601
f 2597//2597 2459//2459 248//248
f 2597//2597 2596//2596 2459//2459
f 2596//2596 2457//2457 2459//2459
f 2594//2594 1828//1828 1827//1827
f 2594//2594 1832//1832 1828//1828
f 1832//1832 269//269 1828//1828
f 2591//2591 2594//2594 1827//1827
f 2591//2591 2593//2593 2594//2594
f 2593//2593 1830//1830 2594//2594
f 2592//2592 721//721 266//266
f 2592//2592 2591//2591 721//721
f 2591//2591 1827//1827 721//721
f 2589//2589 2698//2698 2699//2699
f 2589//2589 1825//1825 2698//2698
f 1825//1825 2700//2700 2698//2698
f 2586//2586 2589//2589 2699//2699
f 2586//2586 2588//2588 2589//2589
f 2588//2588 1823//1823 2589//2589
f 2587//2587 2701//2701 2702//2702
f 2587//2587 2586//2586 2701//2701
f 2586//2586 2699//2699 2701//2701
f 2582//2582 2703//2703 2704//2704
f 2582//2582 2584//2584 2703//2703
f 2584//2584 2705//2705 2703//2703
f 2583//2583 2706//2706 2700//2700
f 2583//2583 2582//2582 2706//2706
f 2582//2582 2704//2704 2706//2706
f 2580//2580 1772//1772 1771//1771
f 2580//2580 1818//1818 1772//1772
f 1818//1818 296//296 1772//1772
f 2577//2577 2580//2580 1771//1771
f 2577//2577 2579//2579 2580//2580
f 2579//2579 1816//1816 2580//2580
f 2578//2578 730//730 293//293
f 2578//2578 2577//2577 730//730
f 2577//2577 1771//1771 730//730
f 2575//2575 1044//1044 1043//1043
f 2575//2575 1811//1811 1044//1044
f 1811//1811 293//293 1044//1044
f 2572//2572 2575//2575 1043//1043
f 2572//2572 2574//2574 2575//2575
f 2574//2574 1809//1809 2575//2575
f 2573//2573 846//846 645//645
f 2573//2573 2572//2572 846//846
f 2572//2572 1043//1043 846//846
f 2570//2570 1023//1023 1022//1022
f 2570//2570 1804//1804 1023//1023
f 1804//1804 594//594 1023//1023
f 2567//2567 2570//2570 1022//1022
f 2567//2567 2569//2569 2570//2570
f 2569//2569 1802//1802 2570//2570
f 2564//2564 1795//1795 2565//2565
f 2560//2560 960//960 959//959
f 2560//2560 1790//1790 960//960
f 1790//1790 329//329 960//960
f 2557//2557 2560//2560 959//959
f 2557//2557 2559//2559 2560//2560
f 2559//2559 1788//1788 2560//2560
f 2558//2558 858//858 681//681
f 2558//2558 2557//2557 858//858
f 2557//2557 959//959 858//858
f 2550//2550 918//918 917//917
f 2550//2550 1776//1776 918//918
f 1776//1776 714//714 918//918
f 2547//2547 2550//2550 917//917
f 2547//2547 2549//2549 2550//2550
f 2549//2549 1774//1774 2550//2550
f 2548//2548 864//864 699//699
f 2548//2548 2547//2547 864//864
f 2547//2547 917//917 864//864
f 2545//2545 1835//1835 1834//1834
f 2545//2545 1769//1769 1835//1835
f 1769//1769 354//354 1835//1835
f 2542//2542 2545//2545 1834//1834
f 2542//2542 2544//2544 2545//2545
f 2544//2544 1767//1767 2545//2545
f 2543//2543 720//720 263//263
f 2543//2543 2542//2542 720//720
f 2542//2542 1834//1834 720//720
f 2538//2538 2707//2707 2708//2708
f 2538//2538 2540//2540 2707//2707
f 2540//2540 2709//2709 2707//2707
f 2539//2539 750//750 354//354
f 2539//2539 2538//2538 750//750
f 2538//2538 2708//2708 750//750
f 2536//2536 1758//1758 1757//1757
f 2536//2536 1762//1762 1758//1758
f 1762//1762 305//305 1758//1758
f 2533//2533 2536//2536 1757//1757
f 2533//2533 2535//2535 2536//2536
f 2535//2535 1760//1760 2536//2536
f 2534//2534 733//733 302//302
f 2534//2534 2533//2533 733//733
f 2533//2533 1757//1757 733//733
f 2531//2531 1723//1723 1722//1722
f 2531//2531 1755//1755 1723//1723
f 1755//1755 370//370 1723//1723
f 2528//2528 2531//2531 1722//1722
f 2528//2528 2530//2530 2531//2531
f 2530//2530 1753//1753 2531//2531
f 2529//2529 741//741 326//326
f 2529//2529 2528//2528 741//741
f 2528//2528 1722//1722 741//741
f 2524//2524 2710//2710 2711//2711
f 2524//2524 2526//2526 2710//2710
f 2526//2526 2712//2712 2710//2710
f 2525//2525 755//755 370//370
f 2525//2525 2524//2524 755//755
f 2524//2524 2711//2711 755//755
f 2522//2522 1744//1744 1743//1743
f 2522//2522 1748//1748 1744//1744
f 1748//1748 314//314 1744//1744
f 2519//2519 2522//2522 1743//1743
f 2519//2519 2521//2521 2522//2522
f 2521//2521 1746//1746 2522//2522
f 2520//2520 736//736 311//311
f 2520//2520 2519//2519 736//736
f 2519//2519 1743//1743 736//736
f 2517//2517 1765//1765 1764//1764
f 2517//2517 1741//1741 1765//1765
f 1741//1741 361//361 1765//1765
f 2514//2514 2517//2517 1764//1764
f 2514//2514 2516//2516 2517//2517
f 2516//2516 1739//1739 2517//2517
f 2510//2510 2713//2713 2714//2714
f 2510//2510 2512//2512 2713//2713
f 2512//2512 2715//2715 2713//2713
f 2511//2511 752//752 361//361
f 2511//2511 2510//2510 752//752
f 2510//2510 2714//2714 752//752
f 2505//2505 2508//2508 1729//1729
f 2505//2505 2507//2507 2508//2508
f 2507//2507 1732//1732 2508//2508
f 2506//2506 739//739 320//320
f 2506//2506 2505//2505 739//739
f 2505//2505 1729//1729 739//739
f 2503//2503 2644//2644 2643//2643
f 2503//2503 1727//1727 2644//2644
f 1727//1727 350//350 2644//2644
f 2500//2500 2503//2503 2643//2643
f 2501//2501 246//246 245//245
f 2501//2501 2500//2500 246//246
f 2500//2500 2643//2643 246//246
f 2496//2496 2716//2716 2717//2717
f 2496//2496 2498//2498 2716//2716
f 2498//2498 2718//2718 2716//2716
f 2497//2497 749//749 350//350
f 2497//2497 2496//2496 749//749
f 2496//2496 2717//2717 749//749
f 2494//2494 1716//1716 1715//1715
f 2494//2494 1720//1720 1716//1716
f 1720//1720 332//332 1716//1716
f 2491//2491 2494//2494 1715//1715
f 2491//2491 2493//2493 2494//2494
f 2493//2493 1718//1718 2494//2494
f 2492//2492 742//742 329//329
f 2492//2492 2491//2491 742//742
f 2491//2491 1715//1715 742//742
f 2489//2489 1737//1737 1736//1736
f 2489//2489 1713//1713 1737//1737
f 1713//1713 367//367 1737//1737
f 2486//2486 2489//2489 1736//1736
f 2486//2486 2488//2488 2489//2489
f 2488//2488 1711//1711 2489//2489
f 2487//2487 738//738 317//317
f 2487//2487 2486//2486 738//738
f 2486//2486 1736//1736 738//738
f 2482//2482 2719//2719 2691//2691
f 2482//2482 2484//2484 2719//2719
f 2484//2484 2720//2720 2719//2719
f 2483//2483 754//754 367//367
f 2483//2483 2482//2482 754//754
f 2482//2482 2691//2691 754//754
f 2465//2465 1618//1618 1617//1617
f 2465//2465 1685//1685 1618//1618
f 1685//1685 430//430 1618//1618
f 2462//2462 2465//2465 1617//1617
f 2462//2462 2464//2464 2465//2465
f 2464//2464 1683//1683 2465//2465
f 2463//2463 765//765 400//400
f 2463//2463 2462//2462 765//765
f 2462//2462 1617//1617 765//765
f 2458//2458 2721//2721 2722//2722
f 2458//2458 2460//2460 2721//2721
f 2460//2460 2723//2723 2721//2721
f 2459//2459 249//249 248//248
f 2459//2459 2458//2458 249//249
f 2458//2458 2722//2722 249//249
f 2454//2454 2724//2724 2725//2725
f 2454//2454 2456//2456 2724//2724
f 2456//2456 2726//2726 2724//2724
f 2455//2455 234//234 233//233
f 2455//2455 2454//2454 234//234
f 2454//2454 2725//2725 234//234
f 2452//2452 259//259 2613//2613
f 2452//2452 2451//2451 259//259
f 2451//2451 245//245 259//259
f 2447//2447 2452//2452 2613//2613
f 2447//2447 2449//2449 2452//2452
f 2449//2449 2450//2450 2452//2452
f 2448//2448 2615//2615 242//242
f 2448//2448 2447//2447 2615//2615
f 2447//2447 2613//2613 2615//2615
f 2443//2443 2727//2727 2728//2728
f 2443//2443 2445//2445 2727//2727
f 2445//2445 2729//2729 2727//2727
f 2444//2444 722//722 269//269
f 2444//2444 2443//2443 722//722
f 2443//2443 2728//2728 722//722
f 2439//2439 2730//2730 2731//2731
f 2439//2439 2441//2441 2730//2730
f 2441//2441 2732//2732 2730//2730
f 2440//2440 731//731 296//296
f 2440//2440 2439//2439 731//731
f 2439//2439 2731//2731 731//731
f 2437//2437 310//310 2518//2518
f 2437//2437 2436//2436 310//310
f 2436//2436 308//308 310//310
f 2432//2432 2437//2437 2518//2518
f 2432//2432 2434//2434 2437//2437
f 2434//2434 2435//2435 2437//2437
f 2433//2433 2520//2520 311//311
f 2433//2433 2432//2432 2520//2520
f 2432//2432 2518//2518 2520//2520
f 2429//2429 734//734 305//305
f 2429//2429 2428//2428 734//734
f 2428//2428 2734//2734 734//734
f 2424//2424 2736//2736 2737//2737
f 2424//2424 2426//2426 2736//2736
f 2426//2426 2738//2738 2736//2736
f 2425//2425 737//737 314//314
f 2425//2425 2424//2424 737//737
f 2424//2424 2737//2737 737//737
f 2416//2416 2741//2741 2742//2742
f 2416//2416 2418//2418 2741//2741
f 2418//2418 2743//2743 2741//2741
f 2417//2417 743//743 332//332
f 2417//2417 2416//2416 743//743
f 2416//2416 2742//2742 743//743
f 2404//2404 1527//1527 1526//1526
f 2404//2404 1664//1664 1527//1527
f 1664//1664 696//696 1527//1527
f 2401//2401 2404//2404 1526//1526
f 2401//2401 2403//2403 2404//2404
f 2403//2403 1662//1662 2404//2404
f 2402//2402 778//778 439//439
f 2402//2402 2401//2401 778//778
f 2401//2401 1526//1526 778//778
f 2392//2392 784//784 457//457
f 2392//2392 2391//2391 784//784
f 2391//2391 1484//1484 784//784
f 2387//2387 787//787 466//466
f 2387//2387 2386//2386 787//787
f 2386//2386 1463//1463 787//787
f 2384//2384 1443//1443 1442//1442
f 2384//2384 1636//1636 1443//1443
f 1636//1636 320//320 1443//1443
f 2381//2381 2384//2384 1442//1442
f 2381//2381 2383//2383 2384//2384
f 2383//2383 1634//1634 2384//2384
f 2382//2382 790//790 475//475
f 2382//2382 2381//2381 790//790
f 2381//2381 1442//1442 790//790
f 2379//2379 1422//1422 1421//1421
f 2379//2379 1629//1629 1422//1422
f 1629//1629 472//472 1422//1422
f 2376//2376 2379//2379 1421//1421
f 2376//2376 2378//2378 2379//2379
f 2378//2378 1627//1627 2379//2379
f 2377//2377 793//793 484//484
f 2377//2377 2376//2376 793//793
f 2376//2376 1421//1421 793//793
f 2374//2374 1387//1387 1386//1386
f 2374//2374 1622//1622 1387//1387
f 1622//1622 669//669 1387//1387
f 2371//2371 2374//2374 1386//1386
f 2371//2371 2373//2373 2374//2374
f 2373//2373 1620//1620 2374//2374
f 2372//2372 798//798 499//499
f 2372//2372 2371//2371 798//798
f 2371//2371 1386//1386 798//798
f 2369//2369 1478//1478 1477//1477
f 2369//2369 1615//1615 1478//1478
f 1615//1615 388//388 1478//1478
f 2366//2366 2369//2369 1477//1477
f 2366//2366 2368//2368 2369//2369
f 2368//2368 1613//1613 2369//2369
f 2367//2367 785//785 460//460
f 2367//2367 2366//2366 785//785
f 2366//2366 1477//1477 785//785
f 2352//2352 806//806 525//525
f 2334//2334 1198//1198 1197//1197
f 2334//2334 1566//1566 1198//1198
f 1566//1566 266//266 1198//1198
f 2331//2331 2334//2334 1197//1197
f 2331//2331 2333//2333 2334//2334
f 2333//2333 1564//1564 2334//2334
f 2332//2332 824//824 579//579
f 2332//2332 2331//2331 824//824
f 2331//2331 1197//1197 824//824
f 2329//2329 1177//1177 1176//1176
f 2329//2329 1559//1559 1177//1177
f 1559//1559 576//576 1177//1177
f 2326//2326 2329//2329 1176//1176
f 2326//2326 2328//2328 2329//2329
f 2328//2328 1557//1557 2329//2329
f 2327//2327 827//827 588//588
f 2327//2327 2326//2326 827//827
f 2326//2326 1176//1176 827//827
f 2324//2324 1156//1156 1155//1155
f 2324//2324 1552//1552 1156//1156
f 1552//1552 570//570 1156//1156
f 2321//2321 2324//2324 1155//1155
f 2321//2321 2323//2323 2324//2324
f 2323//2323 1550//1550 2324//2324
f 2322//2322 830//830 597//597
f 2322//2322 2321//2321 830//830
f 2321//2321 1155//1155 830//830
f 2317//2317 761//761 388//388
f 2317//2317 2316//2316 761//761
f 2316//2316 1645//1645 761//761
f 2314//2314 1534//1534 1533//1533
f 2314//2314 1538//1538 1534//1534
f 1538//1538 439//439 1534//1534
f 2311//2311 2314//2314 1533//1533
f 2311//2311 2313//2313 2314//2314
f 2313//2313 1536//1536 2314//2314
f 2312//2312 777//777 436//436
f 2312//2312 2311//2311 777//777
f 2311//2311 1533//1533 777//777
f 2309//2309 1688//1688 1687//1687
f 2309//2309 1531//1531 1688//1688
f 1531//1531 376//376 1688//1688
f 2306//2306 2309//2309 1687//1687
f 2306//2306 2308//2308 2309//2309
f 2308//2308 1529//1529 2309//2309
f 2307//2307 747//747 344//344
f 2307//2307 2306//2306 747//747
f 2306//2306 1687//1687 747//747
f 2302//2302 757//757 376//376
f 2302//2302 2301//2301 757//757
f 2301//2301 1673//1673 757//757
f 2284//2284 1492//1492 1491//1491
f 2284//2284 1496//1496 1492//1492
f 1496//1496 457//457 1492//1492
f 2281//2281 2284//2284 1491//1491
f 2281//2281 2283//2283 2284//2284
f 2283//2283 1494//1494 2284//2284
f 2282//2282 783//783 454//454
f 2282//2282 2281//2281 783//783
f 2281//2281 1491//1491 783//783
f 2279//2279 2744//2744 2745//2745
f 2279//2279 1489//1489 2744//2744
f 1489//1489 409//409 2744//2744
f 2276//2276 2279//2279 2745//2745
f 2276//2276 2278//2278 2279//2279
f 2278//2278 1487//1487 2279//2279
f 2274//2274 1597//1597 1596//1596
f 2274//2274 1482//1482 1597//1597
f 1482//1482 657//657 1597//1597
f 2271//2271 2274//2274 1596//1596
f 2271//2271 2273//2273 2274//2274
f 2273//2273 1480//1480 2274//2274
f 2272//2272 768//768 409//409
f 2272//2272 2271//2271 768//768
f 2271//2271 1596//1596 768//768
f 2269//2269 1471//1471 1470//1470
f 2269//2269 1475//1475 1471//1471
f 1475//1475 466//466 1471//1471
f 2266//2266 2269//2269 1470//1470
f 2266//2266 2268//2268 2269//2269
f 2268//2268 1473//1473 2269//2269
f 2267//2267 786//786 463//463
f 2267//2267 2266//2266 786//786
f 2266//2266 1470//1470 786//786
f 2264//2264 1499//1499 1498//1498
f 2264//2264 1468//1468 1499//1499
f 1468//1468 385//385 1499//1499
f 2261//2261 2264//2264 1498//1498
f 2261//2261 2263//2263 2264//2264
f 2263//2263 1466//1466 2264//2264
f 2262//2262 782//782 451//451
f 2262//2262 2261//2261 782//782
f 2261//2261 1498//1498 782//782
f 2229//2229 1051//1051 1050//1050
f 2229//2229 1419//1419 1051//1051
f 1419//1419 534//534 1051//1051
f 2226//2226 2229//2229 1050//1050
f 2226//2226 2228//2228 2229//2229
f 2228//2228 1417//1417 2229//2229
f 2227//2227 845//845 642//642
f 2227//2227 2226//2226 845//845
f 2226//2226 1050//1050 845//845
f 2224//2224 1408//1408 1407//1407
f 2224//2224 1412//1412 1408//1408
f 1412//1412 531//531 1408//1408
f 2221//2221 2224//2224 1407//1407
f 2221//2221 2223//2223 2224//2224
f 2223//2223 1410//1410 2224//2224
f 2222//2222 795//795 490//490
f 2222//2222 2221//2221 795//795
f 2221//2221 1407//1407 795//795
f 2216//2216 2219//2219 1085//1085
f 2216//2216 2218//2218 2219//2219
f 2218//2218 1403//1403 2219//2219
f 2217//2217 840//840 627//627
f 2217//2217 2216//2216 840//840
f 2216//2216 1085//1085 840//840
f 2201//2201 2204//2204 1631//1631
f 2201//2201 2203//2203 2204//2204
f 2203//2203 1382//1382 2204//2204
f 2202//2202 763//763 394//394
f 2202//2202 2201//2201 763//763
f 2201//2201 1631//1631 763//763
f 2187//2187 725//725 278//278
f 2187//2187 2186//2186 725//725
f 2186//2186 1806//1806 725//725
f 1331//1331 2352//2352 525//525
f 1331//1331 2167//2167 2352//2352
f 2166//2166 1359//1359 1358//1358
f 2166//2166 1328//1328 1359//1359
f 1328//1328 406//406 1359//1359
f 2163//2163 2166//2166 1358//1358
f 2163//2163 2165//2165 2166//2166
f 2165//2165 1326//1326 2166//2166
f 2164//2164 802//802 511//511
f 2164//2164 2163//2163 802//802
f 2163//2163 1358//1358 802//802
f 2161//2161 1604//1604 1603//1603
f 2161//2161 1321//1321 1604//1604
f 1321//1321 502//502 1604//1604
f 2158//2158 2161//2161 1603//1603
f 2158//2158 2160//2160 2161//2161
f 2160//2160 1319//1319 2161//2161
f 2159//2159 767//767 406//406
f 2159//2159 2158//2158 767//767
f 2158//2158 1603//1603 767//767
f 2136//2136 1149//1149 1148//1148
f 2136//2136 1286//1286 1149//1149
f 1286//1286 636//636 1149//1149
f 2133//2133 2136//2136 1148//1148
f 2133//2133 2135//2135 2136//2136
f 2135//2135 1284//1284 2136//2136
f 2134//2134 831//831 600//600
f 2134//2134 2133//2133 831//831
f 2133//2133 1148//1148 831//831
f 2131//2131 1065//1065 1064//1064
f 2131//2131 1279//1279 1065//1065
f 1279//1279 254//254 1065//1065
f 2128//2128 2131//2131 1064//1064
f 2128//2128 2130//2130 2131//2131
f 2130//2130 1277//1277 2131//2131
f 2129//2129 843//843 636//636
f 2129//2129 2128//2128 843//843
f 2128//2128 1064//1064 843//843
f 2126//2126 2753//2753 2754//2754
f 2126//2126 1272//1272 2753//2753
f 1272//1272 2755//2755 2753//2753
f 2123//2123 2126//2126 2754//2754
f 2123//2123 2125//2125 2126//2126
f 2125//2125 1270//1270 2126//2126
f 2124//2124 2756//2756 2750//2750
f 2124//2124 2123//2123 2756//2756
f 2123//2123 2754//2754 2756//2756
f 2118//2118 2121//2121 1260//1260
f 2118//2118 2120//2120 2121//2121
f 2120//2120 1263//1263 2121//2121
f 2119//2119 815//815 552//552
f 2119//2119 2118//2118 815//815
f 2118//2118 1260//1260 815//815
f 2116//2116 2757//2757 2758//2758
f 2116//2116 1258//1258 2757//2757
f 1258//1258 2759//2759 2757//2757
f 2113//2113 2116//2116 2758//2758
f 2113//2113 2115//2115 2116//2116
f 2115//2115 1256//1256 2116//2116
f 2114//2114 2760//2760 2761//2761
f 2114//2114 2113//2113 2760//2760
f 2113//2113 2758//2758 2760//2760
f 2101//2101 1268//1268 1267//1267
f 2101//2101 1237//1237 1268//1268
f 1237//1237 415//415 1268//1268
f 2098//2098 2101//2101 1267//1267
f 2098//2098 2100//2100 2101//2101
f 2100//2100 1235//1235 2101//2101
f 2099//2099 814//814 549//549
f 2099//2099 2098//2098 814//814
f 2098//2098 1267//1267 814//814
f 2091//2091 1219//1219 1218//1218
f 2091//2091 1223//1223 1219//1219
f 1223//1223 645//645 1219//1219
f 2088//2088 2091//2091 1218//1218
f 2088//2088 2090//2090 2091//2091
f 2090//2090 1221//1221 2091//2091
f 2089//2089 821//821 570//570
f 2089//2089 2088//2088 821//821
f 2088//2088 1218//1218 821//821
f 2086//2086 1212//1212 1211//1211
f 2086//2086 1216//1216 1212//1212
f 1216//1216 421//421 1212//1212
f 2083//2083 2086//2086 1211//1211
f 2083//2083 2085//2085 2086//2086
f 2085//2085 1214//1214 2086//2086
f 2084//2084 822//822 573//573
f 2084//2084 2083//2083 822//822
f 2083//2083 1211//1211 822//822
f 2081//2081 1205//1205 1204//1204
f 2081//2081 1209//1209 1205//1205
f 1209//1209 579//579 1205//1205
f 2078//2078 2081//2081 1204//1204
f 2078//2078 2080//2080 2081//2081
f 2080//2080 1207//1207 2081//2081
f 2079//2079 823//823 576//576
f 2079//2079 2078//2078 823//823
f 2078//2078 1204//1204 823//823
f 2076//2076 2765//2765 2766//2766
f 2076//2076 1202//1202 2765//2765
f 1202//1202 2767//2767 2765//2765
f 2073//2073 2076//2076 2766//2766
f 2073//2073 2075//2075 2076//2076
f 2075//2075 1200//1200 2076//2076
f 2074//2074 2768//2768 2769//2769
f 2074//2074 2073//2073 2768//2768
f 2073//2073 2766//2766 2768//2768
f 2071//2071 2770//2770 2771//2771
f 2071//2071 1195//1195 2770//2770
f 1195//1195 2702//2702 2770//2770
f 2068//2068 2071//2071 2771//2771
f 2068//2068 2070//2070 2071//2071
f 2070//2070 1193//1193 2071//2071
f 2069//2069 2772//2772 2767//2767
f 2069//2069 2068//2068 2772//2772
f 2068//2068 2771//2771 2772//2772
f 2066//2066 1184//1184 1183//1183
f 2066//2066 1188//1188 1184//1184
f 1188//1188 588//588 1184//1184
f 2063//2063 2066//2066 1183//1183
f 2063//2063 2065//2065 2066//2066
f 2065//2065 1186//1186 2066//2066
f 2064//2064 826//826 585//585
f 2064//2064 2063//2063 826//826
f 2063//2063 1183//1183 826//826
f 2061//2061 2773//2773 2774//2774
f 2061//2061 1181//1181 2773//2773
f 1181//1181 2775//2775 2773//2773
f 2058//2058 2061//2061 2774//2774
f 2058//2058 2060//2060 2061//2061
f 2060//2060 1179//1179 2061//2061
f 2059//2059 2776//2776 2755//2755
f 2059//2059 2058//2058 2776//2776
f 2058//2058 2774//2774 2776//2776
f 2056//2056 2777//2777 2778//2778
f 2056//2056 1174//1174 2777//2777
f 1174//1174 2769//2769 2777//2777
f 2053//2053 2056//2056 2778//2778
f 2053//2053 2055//2055 2056//2056
f 2055//2055 1172//1172 2056//2056
f 2054//2054 2779//2779 2775//2775
f 2054//2054 2053//2053 2779//2779
f 2053//2053 2778//2778 2779//2779
f 2051//2051 1163//1163 1162//1162
f 2051//2051 1167//1167 1163//1163
f 1167//1167 597//597 1163//1163
f 2048//2048 2051//2051 1162//1162
f 2048//2048 2050//2050 2051//2051
f 2050//2050 1165//1165 2051//2051
f 2049//2049 829//829 594//594
f 2049//2049 2048//2048 829//829
f 2048//2048 1162//1162 829//829
f 2046//2046 1191//1191 1190//1190
f 2046//2046 1160//1160 1191//1191
f 1160//1160 424//424 1191//1191
f 2043//2043 2046//2046 1190//1190
f 2043//2043 2045//2045 2046//2046
f 2045//2045 1158//1158 2046//2046
f 2044//2044 825//825 582//582
f 2044//2044 2043//2043 825//825
f 2043//2043 1190//1190 825//825
f 2041//2041 1562//1562 1561//1561
f 2041//2041 1153//1153 1562//1562
f 1153//1153 573//573 1562//1562
f 2038//2038 2041//2041 1561//1561
f 2038//2038 2040//2040 2041//2041
f 2040//2040 1151//1151 2041//2041
f 2039//2039 773//773 424//424
f 2039//2039 2038//2038 773//773
f 2038//2038 1561//1561 773//773
f 2036//2036 1142//1142 1141//1141
f 2036//2036 1146//1146 1142//1142
f 1146//1146 606//606 1142//1142
f 2033//2033 2036//2036 1141//1141
f 2033//2033 2035//2035 2036//2036
f 2035//2035 1144//1144 2036//2036
f 2034//2034 832//832 603//603
f 2034//2034 2033//2033 832//832
f 2033//2033 1141//1141 832//832
f 2031//2031 1226//1226 1225//1225
f 2031//2031 1139//1139 1226//1226
f 1139//1139 275//275 1226//1226
f 2028//2028 2031//2031 1225//1225
f 2028//2028 2030//2030 2031//2031
f 2030//2030 1137//1137 2031//2031
f 2029//2029 820//820 567//567
f 2029//2029 2028//2028 820//820
f 2028//2028 1225//1225 820//820
f 2026//2026 1814//1814 1813//1813
f 2026//2026 1132//1132 1814//1814
f 1132//1132 272//272 1814//1814
f 2023//2023 2026//2026 1813//1813
f 2023//2023 2025//2025 2026//2026
f 2025//2025 1130//1130 2026//2026
f 2024//2024 724//724 275//275
f 2024//2024 2023//2023 724//724
f 2023//2023 1813//1813 724//724
f 2021//2021 1121//1121 1120//1120
f 2021//2021 1125//1125 1121//1121
f 1125//1125 615//615 1121//1121
f 2016//2016 1170//1170 1169//1169
f 2016//2016 1118//1118 1170//1170
f 1118//1118 427//427 1170//1170
f 2013//2013 2016//2016 1169//1169
f 2013//2013 2015//2015 2016//2016
f 2015//2015 1116//1116 2016//2016
f 2011//2011 1555//1555 1554//1554
f 2011//2011 1111//1111 1555//1555
f 1111//1111 567//567 1555//1555
f 2008//2008 2011//2011 1554//1554
f 2008//2008 2010//2010 2011//2011
f 2010//2010 1109//1109 2011//2011
f 2009//2009 774//774 427//427
f 2009//2009 2008//2008 774//774
f 2008//2008 1554//1554 774//774
f 2003//2003 2005//2005 2006//2006
f 2005//2005 1102//1102 2006//2006
f 2001//2001 1128//1128 1127//1127
f 2001//2001 1097//1097 1128//1128
f 1097//1097 639//639 1128//1128
f 1998//1998 2001//2001 1127//1127
f 1998//1998 2000//2000 2001//2001
f 2000//2000 1095//1095 2001//2001
f 1999//1999 834//834 609//609
f 1999//1999 1998//1998 834//834
f 1998//1998 1127//1127 834//834
f 1996//1996 1058//1058 1057//1057
f 1996//1996 1090//1090 1058//1058
f 1090//1090 600//600 1058//1058
f 1993//1993 1996//1996 1057//1057
f 1993//1993 1995//1995 1996//1996
f 1995//1995 1088//1088 1996//1996
f 1994//1994 844//844 639//639
f 1994//1994 1993//1993 844//844
f 1993//1993 1057//1057 844//844
f 1981//1981 1793//1793 1792//1792
f 1981//1981 1069//1069 1793//1793
f 1069//1069 326//326 1793//1793
f 1978//1978 1981//1981 1792//1792
f 1978//1978 1980//1980 1981//1981
f 1980//1980 1067//1067 1981//1981
f 1979//1979 727//727 284//284
f 1979//1979 1978//1978 727//727
f 1978//1978 1792//1792 727//727
f 1976//1976 1135//1135 1134//1134
f 1976//1976 1062//1062 1135//1135
f 1062//1062 251//251 1135//1135
f 1973//1973 1976//1976 1134//1134
f 1973//1973 1975//1975 1976//1976
f 1975//1975 1060//1060 1976//1976
f 1974//1974 833//833 606//606
f 1974//1974 1973//1973 833//833
f 1973//1973 1134//1134 833//833
f 1971//1971 1114//1114 1113//1113
f 1971//1971 1055//1055 1114//1114
f 1055//1055 603//603 1114//1114
f 1968//1968 1971//1971 1113//1113
f 1968//1968 1970//1970 1971//1971
f 1970//1970 1053//1053 1971//1971
f 1969//1969 836//836 615//615
f 1969//1969 1968//1968 836//836
f 1968//1968 1113//1113 836//836
f 1963//1963 1965//1965 1966//1966
f 1965//1965 1046//1046 1966//1966
f 1961//1961 1569//1569 1568//1568
f 1961//1961 1041//1041 1569//1569
f 1041//1041 263//263 1569//1569
f 1958//1958 1961//1961 1568//1568
f 1958//1958 1960//1960 1961//1961
f 1960//1960 1039//1039 1961//1961
f 1959//1959 772//772 421//421
f 1959//1959 1958//1958 772//772
f 1958//1958 1568//1568 772//772
f 1946//1946 1590//1590 1589//1589
f 1946//1946 1020//1020 1590//1590
f 1020//1020 582//582 1590//1590
f 1936//1936 1380//1380 1379//1379
f 1936//1936 1006//1006 1380//1380
f 1006//1006 403//403 1380//1380
f 1933//1933 1936//1936 1379//1379
f 1933//1933 1935//1935 1936//1936
f 1935//1935 1004//1004 1936//1936
f 1934//1934 799//799 502//502
f 1934//1934 1933//1933 799//799
f 1933//1933 1379//1379 799//799
f 1931//1931 1611//1611 1610//1610
f 1931//1931 999//999 1611//1611
f 999//999 609//609 1611//1611
f 1928//1928 1931//1931 1610//1610
f 1928//1928 1930//1930 1931//1931
f 1930//1930 997//997 1931//1931
f 1929//1929 766//766 403//403
f 1929//1929 1928//1928 766//766
f 1928//1928 1610//1610 766//766
f 1916//1916 1072//1072 1071//1071
f 1916//1916 978//978 1072//1072
f 978//978 302//302 1072//1072
f 1913//1913 1916//1916 1071//1071
f 1913//1913 1915//1915 1916//1916
f 1915//1915 976//976 1916//1916
f 1914//1914 842//842 633//633
f 1914//1914 1913//1913 842//842
f 1913//1913 1071//1071 842//842
f 1911//1911 897//897 896//896
f 1911//1911 971//971 897//897
f 971//971 630//630 897//897
f 1908//1908 1911//1911 896//896
f 1908//1908 1910//1910 1911//1911
f 1910//1910 969//969 1911//1911
f 1909//1909 867//867 708//708
f 1909//1909 1908//1908 867//867
f 1908//1908 896//896 867//867
f 1906//1906 876//876 875//875
f 1906//1906 964//964 876//876
f 964//964 490//490 876//876
f 1903//1903 1906//1906 875//875
f 1903//1903 1905//1905 1906//1906
f 1905//1905 962//962 1906//1906
f 1904//1904 870//870 717//717
f 1904//1904 1903//1903 870//870
f 1903//1903 875//875 870//870
f 1901//1901 1639//1639 1638//1638
f 1901//1901 957//957 1639//1639
f 957//957 317//317 1639//1639
f 1898//1898 1901//1901 1638//1638
f 1898//1898 1900//1900 1901//1901
f 1900//1900 955//955 1901//1901
f 1899//1899 762//762 391//391
f 1899//1899 1898//1898 762//762
f 1898//1898 1638//1638 762//762
f 1881//1881 925//925 924//924
f 1881//1881 929//929 925//925
f 929//929 699//699 925//925
f 1878//1878 1881//1881 924//924
f 1878//1878 1880//1880 1881//1881
f 1880//1880 927//927 1881//1881
f 1879//1879 863//863 696//696
f 1879//1879 1878//1878 863//863
f 1878//1878 924//924 863//863
f 1856//1856 1625//1625 1624//1624
f 1856//1856 894//894 1625//1625
f 894//894 666//666 1625//1625
f 1853//1853 1856//1856 1624//1624
f 1853//1853 1855//1855 1856//1856
f 1855//1855 892//892 1856//1856
f 1854//1854 764//764 397//397
f 1854//1854 1853//1853 764//764
f 1853//1853 1624//1624 764//764
f 1851//1851 883//883 882//882
f 1851//1851 887//887 883//883
f 887//887 717//717 883//883
f 1848//1848 1851//1851 882//882
f 1848//1848 1850//1850 1851//1851
f 1850//1850 885//885 1851//1851
f 1849//1849 869//869 714//714
f 1849//1849 1848//1848 869//869
f 1848//1848 882//882 869//869
f 1841//1841 974//974 973//973
f 1841//1841 873//873 974//974
f 873//873 627//627 974//974
f 1838//1838 1841//1841 973//973
f 1838//1838 1840//1840 1841//1841
f 1840//1840 871//871 1841//1841
f 1839//1839 856//856 675//675
f 1839//1839 1838//1838 856//856
f 1838//1838 973//973 856//856
f 1836//1836 356//356 2442//2442
f 1836//1836 1835//1835 356//356
f 1835//1835 354//354 356//356
f 1831//1831 1836//1836 2442//2442
f 1831//1831 1833//1833 1836//1836
f 1833//1833 1834//1834 1836//1836
f 1832//1832 2444//2444 269//269
f 1832//1832 1831//1831 2444//2444
f 1831//1831 2442//2442 2444//2444
f 1829//1829 271//271 2581//2581
f 1829//1829 1828//1828 271//271
f 1828//1828 269//269 271//271
f 1824//1824 1829//1829 2581//2581
f 1824//1824 1826//1826 1829//1829
f 1826//1826 1827//1827 1829//1829
f 1825//1825 2583//2583 2700//2700
f 1825//1825 1824//1824 2583//2583
f 1824//1824 2581//2581 2583//2583
f 1822//1822 359//359 2438//2438
f 1822//1822 1821//1821 359//359
f 1821//1821 357//357 359//359
f 1817//1817 1822//1822 2438//2438
f 1817//1817 1819//1819 1822//1822
f 1819//1819 1820//1820 1822//1822
f 1818//1818 2440//2440 296//296
f 1818//1818 1817//1817 2440//2440
f 1817//1817 2438//2438 2440//2440
f 1815//1815 274//274 2576//2576
f 1815//1815 1814//1814 274//274
f 1814//1814 272//272 274//274
f 1810//1810 1815//1815 2576//2576
f 1810//1810 1812//1812 1815//1815
f 1812//1812 1813//1813 1815//1815
f 1811//1811 2578//2578 293//293
f 1811//1811 1810//1810 2578//2578
f 1810//1810 2576//2576 2578//2578
f 1803//1803 1808//1808 2047//2047
f 1803//1803 1805//1805 1808//1808
f 1805//1805 1806//1806 1808//1808
f 1804//1804 2049//2049 594//594
f 1804//1804 1803//1803 2049//2049
f 1803//1803 2047//2047 2049//2049
f 1801//1801 620//620 2002//2002
f 1801//1801 1800//1800 620//620
f 1800//1800 618//618 620//620
f 1796//1796 1801//1801 2002//2002
f 1796//1796 1798//1798 1801//1801
f 1798//1798 1799//1799 1801//1801
f 1797//1797 1796//1796 2004//2004
f 1796//1796 2002//2002 2004//2004
f 1794//1794 328//328 2490//2490
f 1794//1794 1793//1793 328//328
f 1793//1793 326//326 328//328
f 1789//1789 1794//1794 2490//2490
f 1789//1789 1791//1791 1794//1794
f 1791//1791 1792//1792 1794//1794
f 1790//1790 2492//2492 329//329
f 1790//1790 1789//1789 2492//2492
f 1789//1789 2490//2490 2492//2492
f 1780//1780 713//713 1847//1847
f 1780//1780 1779//1779 713//713
f 1779//1779 711//711 713//713
f 1775//1775 1780//1780 1847//1847
f 1775//1775 1777//1777 1780//1780
f 1777//1777 1778//1778 1780//1780
f 1776//1776 1849//1849 714//714
f 1776//1776 1775//1775 1849//1849
f 1775//1775 1847//1847 1849//1849
f 1773//1773 298//298 2537//2537
f 1773//1773 1772//1772 298//298
f 1772//1772 296//296 298//298
f 1768//1768 1773//1773 2537//2537
f 1768//1768 1770//1770 1773//1773
f 1770//1770 1771//1771 1773//1773
f 1769//1769 2539//2539 354//354
f 1769//1769 1768//1768 2539//2539
f 1768//1768 2537//2537 2539//2539
f 1765//1765 361//361 363//363
f 1762//1762 2429//2429 305//305
f 1759//1759 307//307 2523//2523
f 1759//1759 1758//1758 307//307
f 1758//1758 305//305 307//307
f 1754//1754 1759//1759 2523//2523
f 1754//1754 1756//1756 1759//1759
f 1756//1756 1757//1757 1759//1759
f 1755//1755 2525//2525 370//370
f 1755//1755 1754//1754 2525//2525
f 1754//1754 2523//2523 2525//2525
f 1752//1752 366//366 2423//2423
f 1752//1752 1751//1751 366//366
f 1751//1751 364//364 366//366
f 1747//1747 1752//1752 2423//2423
f 1747//1747 1749//1749 1752//1752
f 1749//1749 1750//1750 1752//1752
f 1748//1748 2425//2425 314//314
f 1748//1748 1747//1747 2425//2425
f 1747//1747 2423//2423 2425//2425
f 1745//1745 316//316 2509//2509
f 1745//1745 1744//1744 316//316
f 1744//1744 314//314 316//316
f 1740//1740 1745//1745 2509//2509
f 1740//1740 1742//1742 1745//1745
f 1742//1742 1743//1743 1745//1745
f 1741//1741 2511//2511 361//361
f 1741//1741 1740//1740 2511//2511
f 1740//1740 2509//2509 2511//2511
f 1738//1738 369//369 2419//2419
f 1738//1738 1737//1737 369//369
f 1737//1737 367//367 369//369
f 1733//1733 1738//1738 2419//2419
f 1733//1733 1735//1735 1738//1738
f 1735//1735 1736//1736 1738//1738
f 1727//1727 2497//2497 350//350
f 1727//1727 1726//1726 2497//2497
f 1726//1726 2495//2495 2497//2497
f 1724//1724 372//372 2415//2415
f 1724//1724 1723//1723 372//372
f 1723//1723 370//370 372//372
f 1719//1719 1724//1724 2415//2415
f 1719//1719 1721//1721 1724//1724
f 1721//1721 1722//1722 1724//1724
f 1720//1720 2417//2417 332//332
f 1720//1720 1719//1719 2417//2417
f 1719//1719 2415//2415 2417//2417
f 1717//1717 334//334 2481//2481
f 1717//1717 1716//1716 334//334
f 1716//1716 332//332 334//334
f 1712//1712 1717//1717 2481//2481
f 1712//1712 1714//1714 1717//1717
f 1714//1714 1715//1715 1717//1717
f 1713//1713 2483//2483 367//367
f 1713//1713 1712//1712 2483//2483
f 1712//1712 2481//2481 2483//2483
f 1689//1689 378//378 2405//2405
f 1689//1689 1688//1688 378//378
f 1688//1688 376//376 378//378
f 1684//1684 1689//1689 2405//2405
f 1684//1684 1686//1686 1689//1689
f 1686//1686 1687//1687 1689//1689
f 1685//1685 2407//2407 430//430
f 1685//1685 1684//1684 2407//2407
f 1684//1684 2405//2405 2407//2407
f 1668//1668 695//695 1877//1877
f 1668//1668 1667//1667 695//695
f 1667//1667 693//693 695//695
f 1663//1663 1668//1668 1877//1877
f 1663//1663 1665//1665 1668//1668
f 1665//1665 1666//1666 1668//1668
f 1664//1664 1879//1879 696//696
f 1664//1664 1663//1663 1879//1879
f 1663//1663 1877//1877 1879//1879
f 1640//1640 319//319 2504//2504
f 1640//1640 1639//1639 319//319
f 1639//1639 317//317 319//319
f 1635//1635 1640//1640 2504//2504
f 1635//1635 1637//1637 1640//1640
f 1637//1637 1638//1638 1640//1640
f 1636//1636 2506//2506 320//320
f 1636//1636 1635//1635 2506//2506
f 1635//1635 2504//2504 2506//2506
f 1626//1626 668//668 1922//1922
f 1626//1626 1625//1625 668//668
f 1625//1625 666//666 668//668
f 1621//1621 1626//1626 1922//1922
f 1621//1621 1623//1623 1626//1626
f 1623//1623 1624//1624 1626//1626
f 1622//1622 1924//1924 669//669
f 1622//1622 1621//1621 1924//1924
f 1621//1621 1922//1922 1924//1924
f 1619//1619 432//432 2315//2315
f 1619//1619 1618//1618 432//432
f 1618//1618 430//430 432//432
f 1614//1614 1619//1619 2315//2315
f 1614//1614 1616//1616 1619//1619
f 1616//1616 1617//1617 1619//1619
f 1615//1615 2317//2317 388//388
f 1615//1615 1614//1614 2317//2317
f 1614//1614 2315//2315 2317//2317
f 1612//1612 611//611 2017//2017
f 1612//1612 1611//1611 611//611
f 1611//1611 609//609 611//611
f 1598//1598 659//659 1937//1937
f 1598//1598 1597//1597 659//659
f 1597//1597 657//657 659//659
f 1591//1591 584//584 2062//2062
f 1591//1591 1590//1590 584//584
f 1590//1590 582//582 584//584
f 1570//1570 265//265 2590//2590
f 1570//1570 1569//1569 265//265
f 1569//1569 263//263 265//265
f 1565//1565 1570//1570 2590//2590
f 1565//1565 1567//1567 1570//1570
f 1567//1567 1568//1568 1570//1570
f 1566//1566 2592//2592 266//266
f 1566//1566 1565//1565 2592//2592
f 1565//1565 2590//2590 2592//2592
f 1563//1563 575//575 2077//2077
f 1563//1563 1562//1562 575//575
f 1562//1562 573//573 575//575
f 1558//1558 1563//1563 2077//2077
f 1558//1558 1560//1560 1563//1563
f 1560//1560 1561//1561 1563//1563
f 1559//1559 2079//2079 576//576
f 1559//1559 1558//1558 2079//2079
f 1558//1558 2077//2077 2079//2079
f 1556//1556 569//569 2087//2087
f 1556//1556 1555//1555 569//569
f 1555//1555 567//567 569//569
f 1551//1551 1556//1556 2087//2087
f 1551//1551 1553//1553 1556//1556
f 1553//1553 1554//1554 1556//1556
f 1552//1552 2089//2089 570//570
f 1552//1552 1551//1551 2089//2089
f 1551//1551 2087//2087 2089//2089
f 1542//1542 381//381 2400//2400
f 1542//1542 1541//1541 381//381
f 1541//1541 379//379 381//381
f 1537//1537 1542//1542 2400//2400
f 1537//1537 1539//1539 1542//1542
f 1539//1539 1540//1540 1542//1542
f 1538//1538 2402//2402 439//439
f 1538//1538 1537//1537 2402//2402
f 1537//1537 2400//2400 2402//2402
f 1535//1535 441//441 2300//2300
f 1535//1535 1534//1534 441//441
f 1534//1534 439//439 441//441
f 1530//1530 1535//1535 2300//2300
f 1530//1530 1532//1532 1535//1535
f 1532//1532 1533//1533 1535//1535
f 1531//1531 2302//2302 376//376
f 1531//1531 1530//1530 2302//2302
f 1530//1530 2300//2300 2302//2302
f 1500//1500 387//387 2390//2390
f 1500//1500 1499//1499 387//387
f 1499//1499 385//385 387//387
f 1495//1495 1500//1500 2390//2390
f 1495//1495 1497//1497 1500//1500
f 1497//1497 1498//1498 1500//1500
f 1496//1496 2392//2392 457//457
f 1496//1496 1495//1495 2392//2392
f 1495//1495 2390//2390 2392//2392
f 1493//1493 459//459 2270//2270
f 1493//1493 1492//1492 459//459
f 1492//1492 457//457 459//459
f 1488//1488 1493//1493 2270//2270
f 1488//1488 1490//1490 1493//1493
f 1490//1490 1491//1491 1493//1493
f 1489//1489 2272//2272 409//409
f 1489//1489 1488//1488 2272//2272
f 1488//1488 2270//2270 2272//2272
f 1479//1479 390//390 2385//2385
f 1479//1479 1478//1478 390//390
f 1478//1478 388//388 390//390
f 1474//1474 1479//1479 2385//2385
f 1474//1474 1476//1476 1479//1479
f 1476//1476 1477//1477 1479//1479
f 1475//1475 2387//2387 466//466
f 1475//1475 1474//1474 2387//2387
f 1474//1474 2385//2385 2387//2387
f 1472//1472 468//468 2255//2255
f 1472//1472 1471//1471 468//468
f 1471//1471 466//466 468//468
f 1467//1467 1472//1472 2255//2255
f 1467//1467 1469//1469 1472//1472
f 1469//1469 1470//1470 1472//1472
f 1468//1468 2257//2257 385//385
f 1468//1468 1467//1467 2257//2257
f 1467//1467 2255//2255 2257//2257
f 1458//1458 393//393 2380//2380
f 1458//1458 1457//1457 393//393
f 1457//1457 391//391 393//393
f 1453//1453 1458//1458 2380//2380
f 1453//1453 1455//1455 1458//1458
f 1455//1455 1456//1456 1458//1458
f 1454//1454 2382//2382 475//475
f 1454//1454 1453//1453 2382//2382
f 1453//1453 2380//2380 2382//2382
f 1444//1444 1443//1443 322//322
f 1443//1443 320//320 322//322
f 1441//1441 1442//1442 1444//1444
f 1423//1423 474//474 2245//2245
f 1423//1423 1422//1422 474//474
f 1422//1422 472//472 474//474
f 1418//1418 1423//1423 2245//2245
f 1418//1418 1420//1420 1423//1423
f 1420//1420 1421//1421 1423//1423
f 1419//1419 2247//2247 534//534
f 1419//1419 1418//1418 2247//2247
f 1418//1418 2245//2245 2247//2247
f 1416//1416 238//238 2656//2656
f 1416//1416 1415//1415 238//238
f 1415//1415 236//236 238//238
f 1411//1411 1416//1416 2656//2656
f 1411//1411 1413//1413 1416//1416
f 1413//1413 1414//1414 1416//1416
f 1412//1412 2658//2658 531//531
f 1412//1412 1411//1411 2658//2658
f 1411//1411 2656//2656 2658//2658
f 1409//1409 533//533 2147//2147
f 1409//1409 1408//1408 533//533
f 1408//1408 531//531 533//533
f 1404//1404 1409//1409 2147//2147
f 1404//1404 1406//1406 1409//1409
f 1406//1406 1407//1407 1409//1409
f 1385//1385 1386//1386 1388//1388
f 1332//1332 527//527 2157//2157
f 1332//1332 1331//1331 527//527
f 1331//1331 525//525 527//527
f 1327//1327 1332//1332 2157//2157
f 1327//1327 1329//1329 1332//1332
f 1329//1329 1330//1330 1332//1332
f 1328//1328 2159//2159 406//406
f 1328//1328 1327//1327 2159//2159
f 1327//1327 2157//2157 2159//2159
f 1325//1325 662//662 1932//1932
f 1320//1320 1325//1325 1932//1932
f 1320//1320 1322//1322 1325//1325
f 1322//1322 1323//1323 1325//1325
f 1321//1321 1934//1934 502//502
f 1321//1321 1320//1320 1934//1934
f 1320//1320 1932//1932 1934//1934
f 1311//1311 313//313 2513//2513
f 1311//1311 1310//1310 313//313
f 1310//1310 311//311 313//313
f 1306//1306 1311//1311 2513//2513
f 1306//1306 1308//1308 1311//1311
f 1308//1308 1309//1309 1311//1311
f 1306//1306 2513//2513 2515//2515
f 1290//1290 545//545 2127//2127
f 1290//1290 1289//1289 545//545
f 1289//1289 543//543 545//545
f 1285//1285 1290//1290 2127//2127
f 1285//1285 1287//1287 1290//1290
f 1287//1287 1288//1288 1290//1290
f 1286//1286 2129//2129 636//636
f 1286//1286 1285//1285 2129//2129
f 1285//1285 2127//2127 2129//2129
f 1283//1283 260//260 2606//2606
f 1283//1283 1282//1282 260//260
f 1282//1282 242//242 260//260
f 1278//1278 1283//1283 2606//2606
f 1278//1278 1280//1280 1283//1283
f 1280//1280 1281//1281 1283//1283
f 1279//1279 2608//2608 254//254
f 1279//1279 1278//1278 2608//2608
f 1278//1278 2606//2606 2608//2608
f 1269//1269 417//417 2340//2340
f 1269//1269 1268//1268 417//417
f 1268//1268 415//415 417//417
f 1264//1264 1269//1269 2340//2340
f 1264//1264 1266//1266 1269//1269
f 1266//1266 1267//1267 1269//1269
f 1265//1265 2342//2342 555//555
f 1265//1265 1264//1264 2342//2342
f 1264//1264 2340//2340 2342//2342
f 1237//1237 2094//2094 415//415
f 1237//1237 1236//1236 2094//2094
f 1236//1236 2092//2092 2094//2094
f 1227//1227 277//277 2571//2571
f 1227//1227 1226//1226 277//277
f 1226//1226 275//275 277//277
f 1222//1222 1227//1227 2571//2571
f 1222//1222 1224//1224 1227//1227
f 1224//1224 1225//1225 1227//1227
f 1223//1223 2573//2573 645//645
f 1223//1223 1222//1222 2573//2573
f 1222//1222 2571//2571 2573//2573
f 1220//1220 647//647 1957//1957
f 1220//1220 1219//1219 647//647
f 1219//1219 645//645 647//647
f 1215//1215 1220//1220 1957//1957
f 1215//1215 1217//1217 1220//1220
f 1217//1217 1218//1218 1220//1220
f 1216//1216 1959//1959 421//421
f 1216//1216 1215//1215 1959//1959
f 1215//1215 1957//1957 1959//1959
f 1213//1213 423//423 2330//2330
f 1213//1213 1212//1212 423//423
f 1212//1212 421//421 423//423
f 1208//1208 1213//1213 2330//2330
f 1208//1208 1210//1210 1213//1213
f 1210//1210 1211//1211 1213//1213
f 1209//1209 2332//2332 579//579
f 1209//1209 1208//1208 2332//2332
f 1208//1208 2330//2330 2332//2332
f 1206//1206 581//581 2067//2067
f 1206//1206 1205//1205 581//581
f 1205//1205 579//579 581//581
f 1201//1201 1206//1206 2067//2067
f 1201//1201 1203//1203 1206//1206
f 1203//1203 1204//1204 1206//1206
f 1202//1202 2069//2069 2767//2767
f 1202//1202 1201//1201 2069//2069
f 1201//1201 2067//2067 2069//2069
f 1199//1199 268//268 2585//2585
f 1199//1199 1198//1198 268//268
f 1198//1198 266//266 268//268
f 1194//1194 1199//1199 2585//2585
f 1194//1194 1196//1196 1199//1199
f 1196//1196 1197//1197 1199//1199
f 1195//1195 2587//2587 2702//2702
f 1195//1195 1194//1194 2587//2587
f 1194//1194 2585//2585 2587//2587
f 1192//1192 426//426 2325//2325
f 1192//1192 1191//1191 426//426
f 1191//1191 424//424 426//426
f 1187//1187 1192//1192 2325//2325
f 1187//1187 1189//1189 1192//1192
f 1189//1189 1190//1190 1192//1192
f 1188//1188 2327//2327 588//588
f 1188//1188 1187//1187 2327//2327
f 1187//1187 2325//2325 2327//2327
f 1185//1185 590//590 2052//2052
f 1185//1185 1184//1184 590//590
f 1184//1184 588//588 590//590
f 1180//1180 1185//1185 2052//2052
f 1180//1180 1182//1182 1185//1185
f 1182//1182 1183//1183 1185//1185
f 1181//1181 2054//2054 2775//2775
f 1181//1181 1180//1180 2054//2054
f 1180//1180 2052//2052 2054//2054
f 1178//1178 578//578 2072//2072
f 1178//1178 1177//1177 578//578
f 1177//1177 576//576 578//578
f 1173//1173 1178//1178 2072//2072
f 1173//1173 1175//1175 1178//1178
f 1175//1175 1176//1176 1178//1178
f 1174//1174 2074//2074 2769//2769
f 1174//1174 1173//1173 2074//2074
f 1173//1173 2072//2072 2074//2074
f 1171//1171 429//429 2320//2320
f 1171//1171 1170//1170 429//429
f 1170//1170 427//427 429//429
f 1166//1166 1171//1171 2320//2320
f 1166//1166 1168//1168 1171//1171
f 1168//1168 1169//1169 1171//1171
f 1167//1167 2322//2322 597//597
f 1167//1167 1166//1166 2322//2322
f 1166//1166 2320//2320 2322//2322
f 1164//1164 599//599 2037//2037
f 1164//1164 1163//1163 599//599
f 1163//1163 597//597 599//599
f 1159//1159 1164//1164 2037//2037
f 1159//1159 1161//1161 1164//1164
f 1161//1161 1162//1162 1164//1164
f 1160//1160 2039//2039 424//424
f 1160//1160 1159//1159 2039//2039
f 1159//1159 2037//2037 2039//2039
f 1157//1157 572//572 2082//2082
f 1157//1157 1156//1156 572//572
f 1156//1156 570//570 572//572
f 1152//1152 1157//1157 2082//2082
f 1152//1152 1154//1154 1157//1157
f 1154//1154 1155//1155 1157//1157
f 1153//1153 2084//2084 573//573
f 1153//1153 1152//1152 2084//2084
f 1152//1152 2082//2082 2084//2084
f 1150//1150 638//638 1972//1972
f 1150//1150 1149//1149 638//638
f 1149//1149 636//636 638//638
f 1145//1145 1150//1150 1972//1972
f 1145//1145 1147//1147 1150//1150
f 1147//1147 1148//1148 1150//1150
f 1146//1146 1974//1974 606//606
f 1146//1146 1145//1145 1974//1974
f 1145//1145 1972//1972 1974//1974
f 1143//1143 608//608 2022//2022
f 1143//1143 1142//1142 608//608
f 1142//1142 606//606 608//608
f 1138//1138 1143//1143 2022//2022
f 1138//1138 1140//1140 1143//1143
f 1140//1140 1141//1141 1143//1143
f 1139//1139 2024//2024 275//275
f 1139//1139 1138//1138 2024//2024
f 1138//1138 2022//2022 2024//2024
f 1136//1136 257//257 2624//2624
f 1136//1136 1135//1135 257//257
f 1135//1135 251//251 257//257
f 1131//1131 1136//1136 2624//2624
f 1131//1131 1133//1133 1136//1136
f 1133//1133 1134//1134 1136//1136
f 1132//1132 2626//2626 272//272
f 1132//1132 1131//1131 2626//2626
f 1131//1131 2624//2624 2626//2626
f 1129//1129 641//641 1967//1967
f 1129//1129 1128//1128 641//641
f 1128//1128 639//639 641//641
f 1124//1124 1129//1129 1967//1967
f 1124//1124 1126//1126 1129//1129
f 1126//1126 1127//1127 1129//1129
f 1125//1125 1969//1969 615//615
f 1125//1125 1124//1124 1969//1969
f 1124//1124 1967//1967 1969//1969
f 1122//1122 617//617 2007//2007
f 1122//1122 1121//1121 617//617
f 1121//1121 615//615 617//617
f 1117//1117 1122//1122 2007//2007
f 1117//1117 1119//1119 1122//1122
f 1119//1119 1120//1120 1122//1122
f 1118//1118 2009//2009 427//427
f 1118//1118 1117//1117 2009//2009
f 1117//1117 2007//2007 2009//2009
f 1115//1115 605//605 2027//2027
f 1115//1115 1114//1114 605//605
f 1114//1114 603//603 605//605
f 1110//1110 1115//1115 2027//2027
f 1110//1110 1112//1112 1115//1115
f 1112//1112 1113//1113 1115//1115
f 1111//1111 2029//2029 567//567
f 1111//1111 1110//1110 2029//2029
f 1110//1110 2027//2027 2029//2029
f 1108//1108 644//644 1962//1962
f 1108//1108 1107//1107 644//644
f 1107//1107 642//642 644//644
f 1103//1103 1108//1108 1962//1962
f 1103//1103 1105//1105 1108//1108
f 1105//1105 1106//1106 1108//1108
f 1104//1104 1103//1103 1964//1964
f 1103//1103 1962//1962 1964//1964
f 1097//1097 1994//1994 639//639
f 1097//1097 1096//1096 1994//1994
f 1096//1096 1992//1992 1994//1994
f 1090//1090 2134//2134 600//600
f 1090//1090 1089//1089 2134//2134
f 1089//1089 2132//2132 2134//2134
f 1073//1073 304//304 2527//2527
f 1073//1073 1072//1072 304//304
f 1072//1072 302//302 304//304
f 1068//1068 1073//1073 2527//2527
f 1068//1068 1070//1070 1073//1073
f 1070//1070 1071//1071 1073//1073
f 1069//1069 2529//2529 326//326
f 1069//1069 1068//1068 2529//2529
f 1068//1068 2527//2527 2529//2529
f 1066//1066 256//256 2631//2631
f 1066//1066 1065//1065 256//256
f 1065//1065 254//254 256//256
f 1061//1061 1066//1066 2631//2631
f 1061//1061 1063//1063 1066//1066
f 1063//1063 1064//1064 1066//1066
f 1062//1062 2633//2633 251//251
f 1062//1062 1061//1061 2633//2633
f 1061//1061 2631//2631 2633//2633
f 1059//1059 602//602 2032//2032
f 1059//1059 1058//1058 602//602
f 1058//1058 600//600 602//602
f 1054//1054 1059//1059 2032//2032
f 1054//1054 1056//1056 1059//1059
f 1056//1056 1057//1057 1059//1059
f 1055//1055 2034//2034 603//603
f 1055//1055 1054//1054 2034//2034
f 1054//1054 2032//2032 2034//2034
f 1052//1052 536//536 2142//2142
f 1052//1052 1051//1051 536//536
f 1051//1051 534//534 536//536
f 1047//1047 1052//1052 2142//2142
f 1047//1047 1049//1049 1052//1052
f 1049//1049 1050//1050 1052//1052
f 1045//1045 295//295 2541//2541
f 1045//1045 1044//1044 295//295
f 1044//1044 293//293 295//295
f 1040//1040 1045//1045 2541//2541
f 1040//1040 1042//1042 1045//1045
f 1042//1042 1043//1043 1045//1045
f 1041//1041 2543//2543 263//263
f 1041//1041 1040//1040 2543//2543
f 1040//1040 2541//2541 2543//2543
f 1038//1038 280//280 2566//2566
f 1038//1038 1037//1037 280//280
f 1037//1037 278//278 280//280
f 1024//1024 596//596 2042//2042
f 1024//1024 1023//1023 596//596
f 1023//1023 594//594 596//596
f 1019//1019 1024//1024 2042//2042
f 1019//1019 1021//1021 1024//1024
f 1021//1021 1022//1022 1024//1024
f 1020//1020 2044//2044 582//582
f 1020//1020 1019//1019 2044//2044
f 1019//1019 2042//2042 2044//2044
f 1017//1017 283//283 2561//2561
f 1017//1017 1016//1016 283//283
f 1016//1016 281//281 283//283
f 1012//1012 1017//1017 2561//2561
f 1012//1012 1014//1014 1017//1017
f 1014//1014 1015//1015 1017//1017
f 1010//1010 665//665 1927//1927
f 1005//1005 1010//1010 1927//1927
f 1005//1005 1007//1007 1010//1010
f 1006//1006 1929//1929 403//403
f 1006//1006 1005//1005 1929//1929
f 1005//1005 1927//1927 1929//1929
f 999//999 1999//1999 609//609
f 999//999 998//998 1999//1999
f 998//998 1997//1997 1999//1999
f 978//978 2534//2534 302//302
f 978//978 977//977 2534//2534
f 977//977 2532//2532 2534//2534
f 975//975 629//629 1987//1987
f 975//975 974//974 629//629
f 974//974 627//627 629//629
f 970//970 975//975 1987//1987
f 970//970 972//972 975//975
f 972//972 973//973 975//975
f 971//971 1989//1989 630//630
f 971//971 970//970 1989//1989
f 970//970 1987//1987 1989//1989
f 968//968 489//489 2220//2220
f 968//968 967//967 489//489
f 967//967 487//487 489//489
f 963//963 968//968 2220//2220
f 963//963 965//965 968//968
f 965//965 966//966 968//968
f 964//964 2222//2222 490//490
f 964//964 963//963 2222//2222
f 963//963 2220//2220 2222//2222
f 961//961 331//331 2485//2485
f 961//961 960//960 331//331
f 960//960 329//329 331//331
f 956//956 961//961 2485//2485
f 956//956 958//958 961//961
f 958//958 959//959 961//961
f 957//957 2487//2487 317//317
f 957//957 956//956 2487//2487
f 956//956 2485//2485 2487//2487
f 933//933 292//292 2546//2546
f 933//933 932//932 292//292
f 932//932 290//290 292//292
f 928//928 933//933 2546//2546
f 928//928 930//930 933//933
f 930//930 931//931 933//933
f 929//929 2548//2548 699//699
f 929//929 928//928 2548//2548
f 928//928 2546//2546 2548//2548
f 898//898 632//632 1982//1982
f 898//898 897//897 632//632
f 897//897 630//630 632//632
f 893//893 898//898 1982//1982
f 893//893 895//895 898//898
f 895//895 896//896 898//898
f 894//894 1984//1984 666//666
f 894//894 893//893 1984//1984
f 893//893 1982//1982 1984//1984
f 891//891 680//680 1902//1902
f 891//891 890//890 680//680
f 890//890 678//678 680//680
f 886//886 891//891 1902//1902
f 886//886 888//888 891//891
f 888//888 889//889 891//891
f 887//887 1904//1904 717//717
f 887//887 886//886 1904//1904
f 886//886 1902//1902 1904//1904
f 884//884 719//719 1837//1837
f 884//884 883//883 719//719
f 883//883 717//717 719//719
f 879//879 884//884 1837//1837
f 879//879 881//881 884//884
f 881//881 882//882 884//884
f 880//880 1839//1839 675//675
f 880//880 879//879 1839//1839
f 879//879 1837//1837 1839//1839
f 877//877 492//492 2215//2215
f 877//877 876//876 492//492
f 876//876 490//490 492//492
f 872//872 877//877 2215//2215
f 872//872 874//874 877//877
f 874//874 875//875 877//877
f 873//873 2217//2217 627//627
f 873//873 872//872 2217//2217
f 872//872 2215//2215 2217//2217
f 718//718 874//874 871//871
f 718//718 870//870 874//874
f 870//870 875//875 874//874
f 715//715 881//881 878//878
f 715//715 869//869 881//881
f 869//869 882//882 881//881
f 712//712 888//888 885//885
f 712//712 868//868 888//888
f 868//868 889//889 888//888
f 709//709 895//895 892//892
f 709//709 867//867 895//895
f 867//867 896//896 895//895
f 694//694 930//930 927//927
f 694//694 862//862 930//930
f 862//862 931//931 930//930
f 682//682 958//958 955//955
f 682//682 858//858 958//958
f 858//858 959//959 958//958
f 679//679 965//965 962//962
f 679//679 857//857 965//965
f 857//857 966//966 965//965
f 676//676 972//972 969//969
f 676//676 856//856 972//972
f 856//856 973//973 972//972
f 661//661 1007//1007 1004//1004
f 658//658 1014//1014 1011//1011
f 658//658 850//850 1014//1014
f 850//850 1015//1015 1014//1014
f 646//646 1042//1042 1039//1039
f 646//646 846//846 1042//1042
f 846//846 1043//1043 1042//1042
f 643//643 1049//1049 1046//1046
f 643//643 845//845 1049//1049
f 845//845 1050//1050 1049//1049
f 640//640 1056//1056 1053//1053
f 640//640 844//844 1056//1056
f 844//844 1057//1057 1056//1056
f 637//637 1063//1063 1060//1060
f 637//637 843//843 1063//1063
f 843//843 1064//1064 1063//1063
f 634//634 1070//1070 1067//1067
f 634//634 842//842 1070//1070
f 842//842 1071//1071 1070//1070
f 628//628 1084//1084 1081//1081
f 628//628 840//840 1084//1084
f 840//840 1085//1085 1084//1084
f 619//619 1105//1105 1102//1102
f 619//619 837//837 1105//1105
f 837//837 1106//1106 1105//1105
f 616//616 1112//1112 1109//1109
f 616//616 836//836 1112//1112
f 836//836 1113//1113 1112//1112
f 610//610 1126//1126 1123//1123
f 610//610 834//834 1126//1126
f 834//834 1127//1127 1126//1126
f 607//607 1133//1133 1130//1130
f 607//607 833//833 1133//1133
f 833//833 1134//1134 1133//1133
f 604//604 1140//1140 1137//1137
f 604//604 832//832 1140//1140
f 832//832 1141//1141 1140//1140
f 601//601 1147//1147 1144//1144
f 601//601 831//831 1147//1147
f 831//831 1148//1148 1147//1147
f 598//598 1154//1154 1151//1151
f 598//598 830//830 1154//1154
f 830//830 1155//1155 1154//1154
f 595//595 1161//1161 1158//1158
f 595//595 829//829 1161//1161
f 829//829 1162//1162 1161//1161
f 592//592 1168//1168 1165//1165
f 592//592 828//828 1168//1168
f 828//828 1169//1169 1168//1168
f 589//589 1175//1175 1172//1172
f 589//589 827//827 1175//1175
f 827//827 1176//1176 1175//1175
f 586//586 1182//1182 1179//1179
f 586//586 826//826 1182//1182
f 826//826 1183//1183 1182//1182
f 583//583 1189//1189 1186//1186
f 583//583 825//825 1189//1189
f 825//825 1190//1190 1189//1189
f 580//580 1196//1196 1193//1193
f 580//580 824//824 1196//1196
f 824//824 1197//1197 1196//1196
f 577//577 1203//1203 1200//1200
f 577//577 823//823 1203//1203
f 823//823 1204//1204 1203//1203
f 574//574 1210//1210 1207//1207
f 574//574 822//822 1210//1210
f 822//822 1211//1211 1210//1210
f 571//571 1217//1217 1214//1214
f 571//571 821//821 1217//1217
f 821//821 1218//1218 1217//1217
f 568//568 1224//1224 1221//1221
f 568//568 820//820 1224//1224
f 820//820 1225//1225 1224//1224
f 550//550 1266//1266 1263//1263
f 550//550 814//814 1266//1266
f 814//814 1267//1267 1266//1266
f 544//544 1280//1280 1277//1277
f 544//544 812//812 1280//1280
f 812//812 1281//1281 1280//1280
f 532//532 1308//1308 1305//1305
f 532//532 808//808 1308//1308
f 808//808 1309//1309 1308//1308
f 526//526 1322//1322 1319//1319
f 526//526 806//806 1322//1322
f 806//806 1323//1323 1322//1322
f 523//523 1329//1329 1326//1326
f 523//523 522//522 1329//1329
f 522//522 1330//1330 1329//1329
f 521//521 805//805 1336//1336
f 805//805 1337//1337 1336//1336
f 500//500 1385//1385 1382//1382
f 500//500 798//798 1385//1385
f 798//798 1386//1386 1385//1385
f 491//491 1406//1406 1403//1403
f 491//491 795//795 1406//1406
f 795//795 1407//1407 1406//1406
f 488//488 1413//1413 1410//1410
f 488//488 794//794 1413//1413
f 794//794 1414//1414 1413//1413
f 485//485 1420//1420 1417//1417
f 485//485 793//793 1420//1420
f 793//793 1421//1421 1420//1420
f 476//476 790//790 1441//1441
f 790//790 1442//1442 1441//1441
f 464//464 1469//1469 1466//1466
f 464//464 786//786 1469//1469
f 786//786 1470//1470 1469//1469
f 461//461 1476//1476 1473//1473
f 461//461 785//785 1476//1476
f 785//785 1477//1477 1476//1476
f 458//458 1483//1483 1480//1480
f 458//458 784//784 1483//1483
f 784//784 1484//1484 1483//1483
f 455//455 1490//1490 1487//1487
f 455//455 783//783 1490//1490
f 783//783 1491//1491 1490//1490
f 452//452 1497//1497 1494//1494
f 452//452 782//782 1497//1497
f 782//782 1498//1498 1497//1497
f 440//440 1525//1525 1522//1522
f 440//440 778//778 1525//1525
f 778//778 1526//1526 1525//1525
f 437//437 1532//1532 1529//1529
f 437//437 777//777 1532//1532
f 777//777 1533//1533 1532//1532
f 434//434 1539//1539 1536//1536
f 434//434 776//776 1539//1539
f 776//776 1540//1540 1539//1539
f 428//428 1553//1553 1550//1550
f 428//428 774//774 1553//1553
f 774//774 1554//1554 1553//1553
f 425//425 1560//1560 1557//1557
f 425//425 773//773 1560//1560
f 773//773 1561//1561 1560//1560
f 422//422 1567//1567 1564//1564
f 422//422 772//772 1567//1567
f 772//772 1568//1568 1567//1567
f 401//401 1616//1616 1613//1613
f 401//401 765//765 1616//1616
f 765//765 1617//1617 1616//1616
f 398//398 1623//1623 1620//1620
f 398//398 764//764 1623//1623
f 764//764 1624//1624 1623//1623
f 395//395 1630//1630 1627//1627
f 395//395 763//763 1630//1630
f 763//763 1631//1631 1630//1630
f 392//392 1637//1637 1634//1634
f 392//392 762//762 1637//1637
f 762//762 1638//1638 1637//1637
f 380//380 1665//1665 1662//1662
f 380//380 758//758 1665//1665
f 758//758 1666//1666 1665//1665
f 371//371 2780//2780 2743//2743
f 371//371 755//755 2780//2780
f 755//755 2711//2711 2780//2780
f 365//365 2781//2781 2738//2738
f 365//365 753//753 2781//2781
f 753//753 2782//2782 2781//2781
f 362//362 2783//2783 2735//2735
f 362//362 752//752 2783//2783
f 752//752 2714//2714 2783//2783
f 358//358 2784//2784 2732//2732
f 358//358 751//751 2784//2784
f 751//751 2693//2693 2784//2784
f 355//355 2785//2785 2729//2729
f 355//355 750//750 2785//2785
f 750//750 2708//2708 2785//2785
f 351//351 2786//2786 2726//2726
f 351//351 749//749 2786//2786
f 749//749 2717//2717 2786//2786
f 348//348 2787//2787 2723//2723
f 348//348 748//748 2787//2787
f 748//748 2696//2696 2787//2787
f 345//345 1686//1686 1683//1683
f 345//345 747//747 1686//1686
f 747//747 1687//1687 1686//1686
f 333//333 2788//2788 2720//2720
f 333//333 743//743 2788//2788
f 743//743 2742//2742 2788//2788
f 330//330 1714//1714 1711//1711
f 330//330 742//742 1714//1714
f 742//742 1715//1715 1714//1714
f 327//327 1721//1721 1718//1718
f 327//327 741//741 1721//1721
f 741//741 1722//1722 1721//1721
f 324//324 2789//2789 2718//2718
f 324//324 740//740 2789//2789
f 740//740 2740//2740 2789//2789
f 318//318 1735//1735 1732//1732
f 318//318 738//738 1735//1735
f 738//738 1736//1736 1735//1735
f 315//315 2790//2790 2715//2715
f 315//315 737//737 2790//2790
f 737//737 2737//2737 2790//2790
f 312//312 1742//1742 1739//1739
f 312//312 736//736 1742//1742
f 736//736 1743//1743 1742//1742
f 309//309 1749//1749 1746//1746
f 309//309 735//735 1749//1749
f 735//735 1750//1750 1749//1749
f 306//306 2791//2791 2712//2712
f 306//306 734//734 2791//2791
f 734//734 2734//2734 2791//2791
f 303//303 1756//1756 1753//1753
f 303//303 733//733 1756//1756
f 733//733 1757//1757 1756//1756
f 297//297 2792//2792 2709//2709
f 297//297 731//731 2792//2792
f 731//731 2731//2731 2792//2792
f 294//294 1770//1770 1767//1767
f 294//294 730//730 1770//1770
f 730//730 1771//1771 1770//1770
f 291//291 1777//1777 1774//1774
f 291//291 729//729 1777//1777
f 729//729 1778//1778 1777//1777
f 285//285 1791//1791 1788//1788
f 285//285 727//727 1791//1791
f 727//727 1792//1792 1791//1791
f 282//282 1798//1798 1795//1795
f 282//282 726//726 1798//1798
f 726//726 1799//1799 1798//1798
f 279//279 1805//1805 1802//1802
f 279//279 725//725 1805//1805
f 725//725 1806//1806 1805//1805
f 276//276 1812//1812 1809//1809
f 276//276 724//724 1812//1812
f 724//724 1813//1813 1812//1812
f 273//273 1819//1819 1816//1816
f 273//273 723//723 1819//1819
f 723//723 1820//1820 1819//1819
f 270//270 2793//2793 2705//2705
f 270//270 722//722 2793//2793
f 722//722 2728//2728 2793//2793
f 267//267 1826//1826 1823//1823
f 267//267 721//721 1826//1826
f 721//721 1827//1827 1826//1826
f 264//264 1833//1833 1830//1830
f 264//264 720//720 1833//1833
f 720//720 1834//1834 1833//1833
f 719//719 1840//1840 1837//1837
f 719//719 718//718 1840//1840
f 718//718 871//871 1840//1840
f 713//713 1850//1850 1847//1847
f 713//713 712//712 1850//1850
f 712//712 885//885 1850//1850
f 710//710 1855//1855 1852//1852
f 710//710 709//709 1855//1855
f 709//709 892//892 1855//1855
f 695//695 1880//1880 1877//1877
f 695//695 694//694 1880//1880
f 694//694 927//927 1880//1880
f 683//683 1900//1900 1897//1897
f 683//683 682//682 1900//1900
f 682//682 955//955 1900//1900
f 680//680 1905//1905 1902//1902
f 680//680 679//679 1905//1905
f 679//679 962//962 1905//1905
f 677//677 1910//1910 1907//1907
f 677//677 676//676 1910//1910
f 676//676 969//969 1910//1910
f 665//665 1930//1930 1927//1927
f 662//662 1935//1935 1932//1932
f 662//662 661//661 1935//1935
f 661//661 1004//1004 1935//1935
f 659//659 1940//1940 1937//1937
f 659//659 658//658 1940//1940
f 658//658 1011//1011 1940//1940
f 647//647 1960//1960 1957//1957
f 647//647 646//646 1960//1960
f 646//646 1039//1039 1960//1960
f 644//644 1965//1965 1962//1962
f 644//644 643//643 1965//1965
f 643//643 1046//1046 1965//1965
f 641//641 1970//1970 1967//1967
f 641//641 640//640 1970//1970
f 640//640 1053//1053 1970//1970
f 638//638 1975//1975 1972//1972
f 638//638 637//637 1975//1975
f 637//637 1060//1060 1975//1975
f 635//635 1980//1980 1977//1977
f 635//635 634//634 1980//1980
f 634//634 1067//1067 1980//1980
f 629//629 1990//1990 1987//1987
f 629//629 628//628 1990//1990
f 628//628 1081//1081 1990//1990
f 620//620 2005//2005 2002//2002
f 620//620 619//619 2005//2005
f 619//619 1102//1102 2005//2005
f 617//617 2010//2010 2007//2007
f 617//617 616//616 2010//2010
f 616//616 1109//1109 2010//2010
f 611//611 2020//2020 2017//2017
f 611//611 610//610 2020//2020
f 610//610 1123//1123 2020//2020
f 608//608 2025//2025 2022//2022
f 608//608 607//607 2025//2025
f 607//607 1130//1130 2025//2025
f 605//605 2030//2030 2027//2027
f 605//605 604//604 2030//2030
f 604//604 1137//1137 2030//2030
f 602//602 2035//2035 2032//2032
f 602//602 601//601 2035//2035
f 601//601 1144//1144 2035//2035
f 599//599 2040//2040 2037//2037
f 599//599 598//598 2040//2040
f 598//598 1151//1151 2040//2040
f 596//596 2045//2045 2042//2042
f 596//596 595//595 2045//2045
f 595//595 1158//1158 2045//2045
f 593//593 2050//2050 2047//2047
f 593//593 592//592 2050//2050
f 592//592 1165//1165 2050//2050
f 590//590 2055//2055 2052//2052
f 590//590 589//589 2055//2055
f 589//589 1172//1172 2055//2055
f 587//587 2060//2060 2057//2057
f 587//587 586//586 2060//2060
f 586//586 1179//1179 2060//2060
f 584//584 2065//2065 2062//2062
f 584//584 583//583 2065//2065
f 583//583 1186//1186 2065//2065
f 581//581 2070//2070 2067//2067
f 581//581 580//580 2070//2070
f 580//580 1193//1193 2070//2070
f 578//578 2075//2075 2072//2072
f 578//578 577//577 2075//2075
f 577//577 1200//1200 2075//2075
f 575//575 2080//2080 2077//2077
f 575//575 574//574 2080//2080
f 574//574 1207//1207 2080//2080
f 572//572 2085//2085 2082//2082
f 572//572 571//571 2085//2085
f 571//571 1214//1214 2085//2085
f 569//569 2090//2090 2087//2087
f 569//569 568//568 2090//2090
f 568//568 1221//1221 2090//2090
f 554//554 2115//2115 2112//2112
f 554//554 553//553 2115//2115
f 553//553 1256//1256 2115//2115
f 551//551 2120//2120 2117//2117
f 551//551 550//550 2120//2120
f 550//550 1263//1263 2120//2120
f 548//548 2125//2125 2122//2122
f 548//548 547//547 2125//2125
f 547//547 1270//1270 2125//2125
f 545//545 2130//2130 2127//2127
f 545//545 544//544 2130//2130
f 544//544 1277//1277 2130//2130
f 533//533 2150//2150 2147//2147
f 533//533 532//532 2150//2150
f 532//532 1305//1305 2150//2150
f 527//527 2160//2160 2157//2157
f 527//527 526//526 2160//2160
f 526//526 1319//1319 2160//2160
f 524//524 2165//2165 2162//2162
f 524//524 523//523 2165//2165
f 523//523 1326//1326 2165//2165
f 522//522 2168//2168 1330//1330
f 522//522 521//521 2168//2168
f 501//501 2203//2203 2200//2200
f 501//501 500//500 2203//2203
f 500//500 1382//1382 2203//2203
f 492//492 2218//2218 2215//2215
f 492//492 491//491 2218//2218
f 491//491 1403//1403 2218//2218
f 489//489 2223//2223 2220//2220
f 489//489 488//488 2223//2223
f 488//488 1410//1410 2223//2223
f 486//486 2228//2228 2225//2225
f 486//486 485//485 2228//2228
f 485//485 1417//1417 2228//2228
f 465//465 2263//2263 2260//2260
f 465//465 464//464 2263//2263
f 464//464 1466//1466 2263//2263
f 462//462 2268//2268 2265//2265
f 462//462 461//461 2268//2268
f 461//461 1473//1473 2268//2268
f 459//459 2273//2273 2270//2270
f 459//459 458//458 2273//2273
f 458//458 1480//1480 2273//2273
f 456//456 2278//2278 2275//2275
f 456//456 455//455 2278//2278
f 455//455 1487//1487 2278//2278
f 453//453 2283//2283 2280//2280
f 453//453 452//452 2283//2283
f 452//452 1494//1494 2283//2283
f 441//441 2303//2303 2300//2300
f 441//441 440//440 2303//2303
f 440//440 1522//1522 2303//2303
f 438//438 2308//2308 2305//2305
f 438//438 437//437 2308//2308
f 437//437 1529//1529 2308//2308
f 435//435 2313//2313 2310//2310
f 435//435 434//434 2313//2313
f 434//434 1536//1536 2313//2313
f 429//429 2323//2323 2320//2320
f 429//429 428//428 2323//2323
f 428//428 1550//1550 2323//2323
f 426//426 2328//2328 2325//2325
f 426//426 425//425 2328//2328
f 425//425 1557//1557 2328//2328
f 423//423 2333//2333 2330//2330
f 423//423 422//422 2333//2333
f 422//422 1564//1564 2333//2333
f 402//402 2368//2368 2365//2365
f 402//402 401//401 2368//2368
f 401//401 1613//1613 2368//2368
f 399//399 2373//2373 2370//2370
f 399//399 398//398 2373//2373
f 398//398 1620//1620 2373//2373
f 396//396 2378//2378 2375//2375
f 396//396 395//395 2378//2378
f 395//395 1627//1627 2378//2378
f 393//393 2383//2383 2380//2380
f 393//393 392//392 2383//2383
f 392//392 1634//1634 2383//2383
f 390//390 2388//2388 2385//2385
f 390//390 389//389 2388//2388
f 389//389 1641//1641 2388//2388
f 381//381 2403//2403 2400//2400
f 381//381 380//380 2403//2403
f 380//380 1662//1662 2403//2403
f 372//372 2418//2418 2415//2415
f 372//372 371//371 2418//2418
f 371//371 2743//2743 2418//2418
f 366//366 2426//2426 2423//2423
f 366//366 365//365 2426//2426
f 365//365 2738//2738 2426//2426
f 237//237 2434//2434 2431//2431
f 237//237 360//360 2434//2434
f 360//360 2435//2435 2434//2434
f 359//359 2441//2441 2438//2438
f 359//359 358//358 2441//2441
f 358//358 2732//2732 2441//2441
f 356//356 2445//2445 2442//2442
f 356//356 355//355 2445//2445
f 355//355 2729//2729 2445//2445
f 352//352 2456//2456 2453//2453
f 352//352 351//351 2456//2456
f 351//351 2726//2726 2456//2456
f 349//349 2460//2460 2457//2457
f 349//349 348//348 2460//2460
f 348//348 2723//2723 2460//2460
f 346//346 2464//2464 2461//2461
f 346//346 345//345 2464//2464
f 345//345 1683//1683 2464//2464
f 334//334 2484//2484 2481//2481
f 334//334 333//333 2484//2484
f 333//333 2720//2720 2484//2484
f 331//331 2488//2488 2485//2485
f 331//331 330//330 2488//2488
f 330//330 1711//1711 2488//2488
f 328//328 2493//2493 2490//2490
f 328//328 327//327 2493//2493
f 327//327 1718//1718 2493//2493
f 325//325 2498//2498 2495//2495
f 325//325 324//324 2498//2498
f 324//324 2718//2718 2498//2498
f 319//319 2507//2507 2504//2504
f 319//319 318//318 2507//2507
f 318//318 1732//1732 2507//2507
f 316//316 2512//2512 2509//2509
f 316//316 315//315 2512//2512
f 315//315 2715//2715 2512//2512
f 313//313 2516//2516 2513//2513
f 313//313 312//312 2516//2516
f 312//312 1739//1739 2516//2516
f 310//310 2521//2521 2518//2518
f 310//310 309//309 2521//2521
f 309//309 1746//1746 2521//2521
f 307//307 2526//2526 2523//2523
f 307//307 306//306 2526//2526
f 306//306 2712//2712 2526//2526
f 304//304 2530//2530 2527//2527
f 304//304 303//303 2530//2530
f 303//303 1753//1753 2530//2530
f 298//298 2540//2540 2537//2537
f 298//298 297//297 2540//2540
f 297//297 2709//2709 2540//2540
f 295//295 2544//2544 2541//2541
f 295//295 294//294 2544//2544
f 294//294 1767//1767 2544//2544
f 292//292 2549//2549 2546//2546
f 292//292 291//291 2549//2549
f 291//291 1774//1774 2549//2549
f 286//286 2559//2559 2556//2556
f 286//286 285//285 2559//2559
f 285//285 1788//1788 2559//2559
f 283//283 2564//2564 2561//2561
f 283//283 282//282 2564//2564
f 282//282 1795//1795 2564//2564
f 280//280 2569//2569 2566//2566
f 280//280 279//279 2569//2569
f 279//279 1802//1802 2569//2569
f 277//277 2574//2574 2571//2571
f 277//277 276//276 2574//2574
f 276//276 1809//1809 2574//2574
f 274//274 2579//2579 2576//2576
f 274//274 273//273 2579//2579
f 273//273 1816//1816 2579//2579
f 271//271 2584//2584 2581//2581
f 271//271 270//270 2584//2584
f 270//270 2705//2705 2584//2584
f 268//268 2588//2588 2585//2585
f 268//268 267//267 2588//2588
f 267//267 1823//1823 2588//2588
f 265//265 2593//2593 2590//2590
f 265//265 264//264 2593//2593
f 264//264 1830//1830 2593//2593
f 255//255 2598//2598 2595//2595
f 255//255 262//262 2598//2598
f 262//262 2599//2599 2598//2598
f 261//261 2605//2605 2602//2602
f 261//261 235//235 2605//2605
f 235//235 2697//2697 2605//2605
f 260//260 2609//2609 2606//2606
f 260//260 244//244 2609//2609
f 244//244 2610//2610 2609//2609
f 259//259 2616//2616 2613//2613
f 259//259 247//247 2616//2616
f 247//247 2617//2617 2616//2616
f 258//258 2623//2623 2620//2620
f 258//258 250//250 2623//2623
f 250//250 2694//2694 2623//2623
f 257//257 2627//2627 2624//2624
f 257//257 253//253 2627//2627
f 253//253 2628//2628 2627//2627
f 256//256 2634//2634 2631//2631
f 256//256 255//255 2634//2634
f 255//255 2595//2595 2634//2634
f 253//253 2637//2637 2628//2628
f 253//253 252//252 2637//2637
f 252//252 2638//2638 2637//2637
f 250//250 2794//2794 2694//2694
f 250//250 249//249 2794//2794
f 249//249 2722//2722 2794//2794
f 247//247 2642//2642 2617//2617
f 247//247 246//246 2642//2642
f 246//246 2643//2643 2642//2642
f 244//244 2647//2647 2610//2610
f 244//244 243//243 2647//2647
f 243//243 2648//2648 2647//2647
f 238//238 2659//2659 2656//2656
f 238//238 237//237 2659//2659
f 237//237 2431//2431 2659//2659
f 235//235 2795//2795 2697//2697
f 235//235 234//234 2795//2795
f 234//234 2725//2725 2795//2795
usemtl mat4
f 341//341 342//342 343//343
f 382//382 383//383 384//384
f 505//505 506//506 507//507
f 517//517 518//518 519//519
f 528//528 529//529 530//530
f 690//690 691//691 692//692
f 341//341 746//746 342//342
f 382//382 759//759 383//383
f 505//505 800//800 506//506
f 517//517 804//804 518//518
f 528//528 807//807 529//529
f 690//690 861//861 691//691
f 941//941 942//942 943//943
f 941//941 944//944 942//942
f 945//945 946//946 947//947
f 1228//1228 1229//1229 1230//1230
f 1340//1340 1341//1341 1342//1342
f 1340//1340 1343//1343 1341//1341
f 1344//1344 1345//1345 1346//1346
f 1515//1515 1516//1516 1517//1517
f 1515//1515 1518//1518 1516//1516
f 1519//1519 1520//1520 1521//1521
f 1582//1582 1583//1583 1584//1584
f 1599//1599 1600//1600 1601//1601
f 1697//1697 1700//1700 1698//1698
f 1701//1701 1702//1702 1703//1703
f 1704//1704 1705//1705 1706//1706
f 1882//1882 1883//1883 1884//1884
f 1882//1882 1885//1885 1883//1883
f 941//941 943//943 1891//1891
f 1947//1947 1948//1948 1949//1949
f 1228//1228 1230//1230 2096//2096
f 2195//2195 2196//2196 2197//2197
f 1599//1599 1601//1601 2359//2359
f 2395//2395 2396//2396 2397//2397
f 2395//2395 2398//2398 2396//2396
f 2410//2410 2411//2411 2412//2412
f 2410//2410 2413//2413 2411//2411
f 1704//1704 1706//1706 2480//2480
f 2480//2480 1702//1702 1701//1701
f 2480//2480 1706//1706 1702//1702
f 1706//1706 341//341 1702//1702
f 2411//2411 2414//2414 1694//1694
f 2411//2411 2413//2413 2414//2414
f 2413//2413 1676//1676 2414//2414
f 2412//2412 746//746 341//341
f 2412//2412 2411//2411 746//746
f 2411//2411 1694//1694 746//746
f 2396//2396 2399//2399 1505//1505
f 2396//2396 2398//2398 2399//2399
f 2398//2398 1655//1655 2399//2399
f 2397//2397 781//781 448//448
f 2397//2397 2396//2396 781//781
f 2396//2396 1505//1505 781//781
f 2359//2359 1345//1345 1344//1344
f 2359//2359 1601//1601 1345//1345
f 1601//1601 505//505 1345//1345
f 2197//2197 800//800 505//505
f 2197//2197 2196//2196 800//800
f 2196//2196 1372//1372 800//800
f 2096//2096 1583//1583 1582//1582
f 2096//2096 1230//1230 1583//1583
f 1230//1230 528//528 1583//1583
f 1949//1949 807//807 528//528
f 1949//1949 1948//1948 807//807
f 1948//1948 1316//1316 807//807
f 1891//1891 1520//1520 1519//1519
f 1891//1891 943//943 1520//1520
f 943//943 382//382 1520//1520
f 1883//1883 1886//1886 1659//1659
f 1883//1883 1885//1885 1886//1886
f 1885//1885 934//934 1886//1886
f 1884//1884 759//759 382//382
f 1884//1884 1883//1883 759//759
f 1883//1883 1659//1659 759//759
f 1706//1706 2412//2412 341//341
f 1706//1706 1705//1705 2412//2412
f 1705//1705 2410//2410 2412//2412
f 1703//1703 343//343 2466//2466
f 1703//1703 1702//1702 343//343
f 1702//1702 341//341 343//343
f 1698//1698 1703//1703 2466//2466
f 1698//1698 1700//1700 1703//1703
f 1700//1700 1701//1701 1703//1703
f 1601//1601 2197//2197 505//505
f 1601//1601 1600//1600 2197//2197
f 1600//1600 2195//2195 2197//2197
f 1584//1584 530//530 2152//2152
f 1584//1584 1583//1583 530//530
f 1583//1583 528//528 530//530
f 1521//1521 384//384 2395//2395
f 1521//1521 1520//1520 384//384
f 1520//1520 382//382 384//384
f 1516//1516 1521//1521 2395//2395
f 1516//1516 1518//1518 1521//1521
f 1518//1518 1519//1519 1521//1521
f 1517//1517 2397//2397 448//448
f 1517//1517 1516//1516 2397//2397
f 1516//1516 2395//2395 2397//2397
f 1346//1346 507//507 2190//2190
f 1346//1346 1345//1345 507//507
f 1345//1345 505//505 507//507
f 1341//1341 1346//1346 2190//2190
f 1341//1341 1343//1343 1346//1346
f 1343//1343 1344//1344 1346//1346
f 1342//1342 2192//2192 648//648
f 1342//1342 1341//1341 2192//2192
f 1341//1341 2190//2190 2192//2192
f 1230//1230 1949//1949 528//528
f 1230//1230 1229//1229 1949//1949
f 1229//1229 1947//1947 1949//1949
f 947//947 692//692 1882//1882
f 947//947 946//946 692//692
f 946//946 690//690 692//692
f 942//942 947//947 1882//1882
f 942//942 944//944 947//947
f 944//944 945//945 947//947
f 943//943 1884//1884 382//382
f 943//943 942//942 1884//1884
f 942//942 1882//1882 1884//1884
f 691//691 937//937 934//934
f 691//691 861//861 937//937
f 861//861 938//938 937//937
f 529//529 1315//1315 1312//1312
f 529//529 807//807 1315//1315
f 807//807 1316//1316 1315//1315
f 518//518 1343//1343 1340//1340
f 518//518 804//804 1343//1343
f 804//804 1344//1344 1343//1343
f 506//506 1371//1371 1368//1368
f 506//506 800//800 1371//1371
f 800//800 1372//1372 1371//1371
f 383//383 1658//1658 1655//1655
f 383//383 759//759 1658//1658
f 759//759 1659//1659 1658//1658
f 342//342 1693//1693 1690//1690
f 342//342 746//746 1693//1693
f 746//746 1694//1694 1693//1693
f 692//692 1885//1885 1882//1882
f 692//692 691//691 1885//1885
f 691//691 934//934 1885//1885
f 530//530 2155//2155 2152//2152
f 530//530 529//529 2155//2155
f 529//529 1312//1312 2155//2155
f 519//519 2173//2173 2170//2170
f 519//519 518//518 2173//2173
f 518//518 1340//1340 2173//2173
f 507//507 2193//2193 2190//2190
f 507//507 506//506 2193//2193
f 506//506 1368//1368 2193//2193
f 384//384 2398//2398 2395//2395
f 384//384 383//383 2398//2398
f 383//383 1655//1655 2398//2398
f 343//343 2469//2469 2466//2466
f 343//343 342//342 2469//2469
f 342//342 1690//1690 2469//2469
usemtl mat5
f 239//239 240//240 241//241
f 299//299 300//300 301//301
f 320//320 321//321 322//322
f 323//323 324//324 325//325
f 239//239 353//353 240//240
f 409//409 410//410 411//411
f 469//469 470//470 471//471
f 472//472 473//473 474//474
f 475//475 476//476 477//477
f 534//534 535//535 536//536
f 540//540 541//541 542//542
f 621//621 622//622 623//623
f 624//624 625//625 626//626
f 630//630 631//631 632//632
f 663//663 664//664 665//665
f 666//666 667//667 668//668
f 669//669 670//670 671//671
f 672//672 673//673 674//674
f 299//299 732//732 300//300
f 320//320 739//739 321//321
f 323//323 740//740 324//324
f 409//409 768//768 410//410
f 469//469 788//788 470//470
f 472//472 789//789 473//473
f 534//534 809//809 535//535
f 540//540 811//811 541//541
f 621//621 838//838 622//622
f 624//624 839//839 625//625
f 630//630 841//841 631//631
f 660//660 851//851 661//661
f 663//663 852//852 664//664
f 666//666 853//853 667//667
f 669//669 854//854 670//670
f 672//672 855//855 673//673
f 976//976 979//979 977//977
f 980//980 981//981 982//982
f 983//983 984//984 985//985
f 983//983 986//986 984//984
f 987//987 988//988 989//989
f 990//990 991//991 992//992
f 990//990 993//993 991//991
f 994//994 995//995 996//996
f 997//997 1000//1000 998//998
f 1001//1001 1002//1002 1003//1003
f 1008//1008 1009//1009 1010//1010
f 1011//1011 1012//1012 1013//1013
f 1074//1074 1075//1075 1076//1076
f 1074//1074 1077//1077 1075//1075
f 1078//1078 1079//1079 1080//1080
f 1081//1081 1082//1082 1083//1083
f 1081//1081 1084//1084 1082//1082
f 1085//1085 1086//1086 1087//1087
f 1088//1088 1091//1091 1089//1089
f 1092//1092 1093//1093 1094//1094
f 1095//1095 1098//1098 1096//1096
f 1099//1099 1100//1100 1101//1101
f 1298//1298 1299//1299 1300//1300
f 1298//1298 1301//1301 1299//1299
f 1302//1302 1303//1303 1304//1304
f 1305//1305 1306//1306 1307//1307
f 1323//1323 1324//1324 1325//1325
f 1333//1333 1334//1334 1335//1335
f 1333//1333 1336//1336 1334//1334
f 1337//1337 1338//1338 1339//1339
f 1382//1382 1383//1383 1384//1384
f 1382//1382 1385//1385 1383//1383
f 1438//1438 1439//1439 1440//1440
f 1438//1438 1441//1441 1439//1439
f 1445//1445 1446//1446 1447//1447
f 1445//1445 1448//1448 1446//1446
f 1449//1449 1450//1450 1451//1451
f 1592//1592 1593//1593 1594//1594
f 1592//1592 1595//1595 1593//1593
f 1627//1627 1628//1628 1629//1629
f 1627//1627 1630//1630 1628//1628
f 1631//1631 1632//1632 1633//1633
f 1725//1725 1728//1728 1726//1726
f 1729//1729 1730//1730 1731//1731
f 1760//1760 1761//1761 1762//1762
f 1760//1760 1763//1763 1761//1761
f 1764//1764 1765//1765 1766//1766
f 1917//1917 1918//1918 1919//1919
f 1917//1917 1920//1920 1918//1918
f 983//983 985//985 1921//1921
f 1922//1922 1923//1923 1924//1924
f 1922//1922 1925//1925 1923//1923
f 990//990 992//992 1926//1926
f 1937//1937 1938//1938 1939//1939
f 1937//1937 1940//1940 1938//1938
f 1011//1011 1013//1013 1941//1941
f 1982//1982 1983//1983 1984//1984
f 1982//1982 1985//1985 1983//1983
f 1074//1074 1076//1076 1986//1986
f 1987//1987 1988//1988 1989//1989
f 1987//1987 1990//1990 1988//1988
f 1081//1081 1083//1083 1991//1991
f 2142//2142 2143//2143 2144//2144
f 2142//2142 2145//2145 2143//2143
f 1298//1298 1300//1300 2146//2146
f 2147//2147 2148//2148 2149//2149
f 2147//2147 2150//2150 2148//2148
f 1305//1305 1307//1307 2151//2151
f 1333//1333 1335//1335 2169//2169
f 1382//1382 1384//1384 2204//2204
f 2240//2240 2241//2241 2242//2242
f 2240//2240 2243//2243 2241//2241
f 1438//1438 1440//1440 2244//2244
f 2245//2245 2246//2246 2247//2247
f 2245//2245 2248//2248 2246//2246
f 1445//1445 1447//1447 2249//2249
f 2250//2250 2251//2251 2252//2252
f 2250//2250 2253//2253 2251//2251
f 1452//1452 1454//1454 2254//2254
f 2275//2275 2276//2276 2277//2277
f 2350//2350 2351//2351 2352//2352
f 2350//2350 2353//2353 2351//2351
f 1592//1592 1594//1594 2354//2354
f 2419//2419 2420//2420 2421//2421
f 2419//2419 2422//2422 2420//2420
f 2427//2427 2428//2428 2429//2429
f 2427//2427 2430//2430 2428//2428
f 2499//2499 2500//2500 2501//2501
f 2499//2499 2502//2502 2500//2500
f 2561//2561 2562//2562 2563//2563
f 2561//2561 2564//2564 2562//2562
f 2450//2450 2664//2664 2451//2451
f 1729//1729 2665//2665 1730//1730
f 2666//2666 2667//2667 2668//2668
f 2677//2677 2678//2678 2679//2679
f 2680//2680 2681//2681 2682//2682
f 2419//2419 2683//2683 2422//2422
f 2499//2499 2684//2684 2502//2502
f 2686//2686 2687//2687 2688//2688
f 2688//2688 2501//2501 245//245
f 2688//2688 2687//2687 2501//2501
f 2687//2687 2499//2499 2501//2501
f 2502//2502 2679//2679 1725//1725
f 2502//2502 2684//2684 2679//2679
f 2684//2684 2677//2677 2679//2679
f 2422//2422 2682//2682 2689//2689
f 2422//2422 2683//2683 2682//2682
f 2683//2683 2680//2680 2682//2682
f 2682//2682 2690//2690 2689//2689
f 2682//2682 2681//2681 2690//2690
f 2681//2681 2691//2691 2690//2690
f 2679//2679 1728//1728 1725//1725
f 2679//2679 2678//2678 1728//1728
f 2678//2678 1729//1729 1728//1728
f 2668//2668 2421//2421 323//323
f 2668//2668 2667//2667 2421//2421
f 2667//2667 2419//2419 2421//2421
f 1730//1730 2668//2668 323//323
f 1730//1730 2665//2665 2668//2668
f 2665//2665 2666//2666 2668//2668
f 2451//2451 2688//2688 245//245
f 2451//2451 2664//2664 2688//2688
f 2664//2664 2686//2686 2688//2688
f 2565//2565 1002//1002 1001//1001
f 2565//2565 1797//1797 1002//1002
f 1797//1797 621//621 1002//1002
f 2562//2562 2565//2565 1001//1001
f 2562//2562 2564//2564 2565//2565
f 2563//2563 852//852 663//663
f 2563//2563 2562//2562 852//852
f 2562//2562 1001//1001 852//852
f 2515//2515 732//732 299//299
f 2515//2515 2514//2514 732//732
f 2514//2514 1764//1764 732//732
f 2508//2508 2665//2665 1729//1729
f 2508//2508 1734//1734 2665//2665
f 1734//1734 2666//2666 2665//2665
f 2500//2500 2502//2502 2503//2503
f 2502//2502 1725//1725 2503//2503
f 2428//2428 2733//2733 2734//2734
f 2428//2428 2430//2430 2733//2733
f 2430//2430 2735//2735 2733//2733
f 2420//2420 2739//2739 2740//2740
f 2420//2420 2422//2422 2739//2739
f 2422//2422 2689//2689 2739//2739
f 2421//2421 740//740 323//323
f 2421//2421 2420//2420 740//740
f 2420//2420 2740//2740 740//740
f 2354//2354 1324//1324 1323//1323
f 2354//2354 1594//1594 1324//1324
f 1594//1594 660//660 1324//1324
f 2351//2351 2354//2354 1323//1323
f 2351//2351 2353//2353 2354//2354
f 2353//2353 1592//1592 2354//2354
f 2352//2352 2351//2351 806//806
f 2351//2351 1323//1323 806//806
f 2277//2277 2746//2746 2747//2747
f 2277//2277 2276//2276 2746//2746
f 2276//2276 2745//2745 2746//2746
f 2254//2254 1450//1450 1449//1449
f 2254//2254 1454//1454 1450//1450
f 1454//1454 475//475 1450//1450
f 2251//2251 2254//2254 1449//1449
f 2251//2251 2253//2253 2254//2254
f 2253//2253 1452//1452 2254//2254
f 2252//2252 789//789 472//472
f 2252//2252 2251//2251 789//789
f 2251//2251 1449//1449 789//789
f 2249//2249 1303//1303 1302//1302
f 2249//2249 1447//1447 1303//1303
f 1447//1447 239//239 1303//1303
f 2246//2246 2249//2249 1302//1302
f 2246//2246 2248//2248 2249//2249
f 2248//2248 1445//1445 2249//2249
f 2247//2247 809//809 534//534
f 2247//2247 2246//2246 809//809
f 2246//2246 1302//1302 809//809
f 2244//2244 2664//2664 2450//2450
f 2244//2244 1440//1440 2664//2664
f 1440//1440 2686//2686 2664//2664
f 2241//2241 2244//2244 2450//2450
f 2241//2241 2243//2243 2244//2244
f 2243//2243 1438//1438 2244//2244
f 2242//2242 353//353 239//239
f 2242//2242 2241//2241 353//353
f 2241//2241 2450//2450 353//353
f 2219//2219 1086//1086 1085//1085
f 2219//2219 1405//1405 1086//1086
f 1405//1405 672//672 1086//1086
f 2204//2204 1632//1632 1631//1631
f 2204//2204 1384//1384 1632//1632
f 1384//1384 469//469 1632//1632
f 2169//2169 411//411 2350//2350
f 2169//2169 1335//1335 411//411
f 1335//1335 409//409 411//411
f 2167//2167 2169//2169 2350//2350
f 2167//2167 2168//2168 2169//2169
f 2168//2168 1333//1333 2169//2169
f 2167//2167 2350//2350 2352//2352
f 2151//2151 981//981 980//980
f 2151//2151 1307//1307 981//981
f 1307//1307 299//299 981//981
f 2148//2148 2151//2151 980//980
f 2148//2148 2150//2150 2151//2151
f 2150//2150 1305//1305 2151//2151
f 2149//2149 855//855 672//672
f 2149//2149 2148//2148 855//855
f 2148//2148 980//980 855//855
f 2146//2146 2673//2673 1288//1288
f 2146//2146 1300//1300 2673//2673
f 1300//1300 2661//2661 2673//2673
f 2143//2143 2146//2146 1288//1288
f 2143//2143 2145//2145 2146//2146
f 2145//2145 1298//1298 2146//2146
f 2144//2144 811//811 540//540
f 2144//2144 2143//2143 811//811
f 2143//2143 1288//1288 811//811
f 2006//2006 1100//1100 1099//1099
f 2006//2006 1104//1104 1100//1100
f 1104//1104 624//624 1100//1100
f 2003//2003 2006//2006 1099//1099
f 2004//2004 838//838 621//621
f 2004//2004 2003//2003 838//838
f 2003//2003 1099//1099 838//838
f 1991//1991 1079//1079 1078//1078
f 1991//1991 1083//1083 1079//1079
f 1083//1083 633//633 1079//1079
f 1988//1988 1991//1991 1078//1078
f 1988//1988 1990//1990 1991//1991
f 1990//1990 1081//1081 1991//1991
f 1989//1989 841//841 630//630
f 1989//1989 1988//1988 841//841
f 1988//1988 1078//1078 841//841
f 1986//1986 995//995 994//994
f 1986//1986 1076//1076 995//995
f 1076//1076 284//284 995//995
f 1983//1983 1986//1986 994//994
f 1983//1983 1985//1985 1986//1986
f 1985//1985 1074//1074 1986//1986
f 1984//1984 853//853 666//666
f 1984//1984 1983//1983 853//853
f 1983//1983 994//994 853//853
f 1966//1966 1093//1093 1092//1092
f 1966//1966 1048//1048 1093//1093
f 1048//1048 540//540 1093//1093
f 1963//1963 1966//1966 1092//1092
f 1964//1964 839//839 624//624
f 1964//1964 1963//1963 839//839
f 1963//1963 1092//1092 839//839
f 1941//1941 1009//1009 1008//1008
f 1941//1941 1013//1013 1009//1009
f 1013//1013 663//663 1009//1009
f 1938//1938 1941//1941 1008//1008
f 1938//1938 1940//1940 1941//1941
f 1940//1940 1011//1011 1941//1941
f 1939//1939 851//851 660//660
f 1939//1939 1938//1938 851//851
f 1938//1938 1008//1008 851//851
f 1926//1926 988//988 987//987
f 1926//1926 992//992 988//988
f 992//992 681//681 988//988
f 1923//1923 1926//1926 987//987
f 1923//1923 1925//1925 1926//1926
f 1925//1925 990//990 1926//1926
f 1924//1924 854//854 669//669
f 1924//1924 1923//1923 854//854
f 1923//1923 987//987 854//854
f 1921//1921 1457//1457 1456//1456
f 1921//1921 985//985 1457//1457
f 985//985 391//391 1457//1457
f 1918//1918 1921//1921 1456//1456
f 1918//1918 1920//1920 1921//1921
f 1920//1920 983//983 1921//1921
f 1919//1919 788//788 469//469
f 1919//1919 1918//1918 788//788
f 1918//1918 1456//1456 788//788
f 1797//1797 2004//2004 621//621
f 1766//1766 363//363 2427//2427
f 1766//1766 1765//1765 363//363
f 1761//1761 1766//1766 2427//2427
f 1761//1761 1763//1763 1766//1766
f 1763//1763 1764//1764 1766//1766
f 1762//1762 1761//1761 2429//2429
f 1761//1761 2427//2427 2429//2429
f 1734//1734 2667//2667 2666//2666
f 1734//1734 1733//1733 2667//2667
f 1733//1733 2419//2419 2667//2667
f 1731//1731 325//325 2495//2495
f 1731//1731 1730//1730 325//325
f 1730//1730 323//323 325//325
f 1726//1726 1731//1731 2495//2495
f 1726//1726 1728//1728 1731//1731
f 1728//1728 1729//1729 1731//1731
f 1633//1633 471//471 2250//2250
f 1633//1633 1632//1632 471//471
f 1632//1632 469//469 471//471
f 1628//1628 1633//1633 2250//2250
f 1628//1628 1630//1630 1633//1633
f 1630//1630 1631//1631 1633//1633
f 1629//1629 2252//2252 472//472
f 1629//1629 1628//1628 2252//2252
f 1628//1628 2250//2250 2252//2252
f 1593//1593 1598//1598 1937//1937
f 1593//1593 1595//1595 1598//1598
f 1595//1595 1596//1596 1598//1598
f 1594//1594 1939//1939 660//660
f 1594//1594 1593//1593 1939//1939
f 1593//1593 1937//1937 1939//1939
f 1451//1451 477//477 2240//2240
f 1451//1451 1450//1450 477//477
f 1450//1450 475//475 477//477
f 1446//1446 1451//1451 2240//2240
f 1446//1446 1448//1448 1451//1451
f 1448//1448 1449//1449 1451//1451
f 1447//1447 2242//2242 239//239
f 1447//1447 1446//1446 2242//2242
f 1446//1446 2240//2240 2242//2242
f 1444//1444 322//322 2499//2499
f 1439//1439 1444//1444 2499//2499
f 1439//1439 1441//1441 1444//1444
f 1440//1440 2687//2687 2686//2686
f 1440//1440 1439//1439 2687//2687
f 1439//1439 2499//2499 2687//2687
f 1405//1405 2149//2149 672//672
f 1405//1405 1404//1404 2149//2149
f 1404//1404 2147//2147 2149//2149
f 1388//1388 671//671 1917//1917
f 1388//1388 1387//1387 671//671
f 1387//1387 669//669 671//671
f 1383//1383 1388//1388 1917//1917
f 1383//1383 1385//1385 1388//1388
f 1384//1384 1919//1919 469//469
f 1384//1384 1383//1383 1919//1919
f 1383//1383 1917//1917 1919//1919
f 1339//1339 2746//2746 2745//2745
f 1339//1339 1338//1338 2746//2746
f 1338//1338 2747//2747 2746//2746
f 1334//1334 1339//1339 2745//2745
f 1334//1334 1336//1336 1339//1339
f 1336//1336 1337//1337 1339//1339
f 1335//1335 2744//2744 409//409
f 1335//1335 1334//1334 2744//2744
f 1334//1334 2745//2745 2744//2744
f 1325//1325 1324//1324 662//662
f 1324//1324 660//660 662//662
f 1307//1307 2515//2515 299//299
f 1307//1307 1306//1306 2515//2515
f 1304//1304 241//241 2651//2651
f 1304//1304 1303//1303 241//241
f 1303//1303 239//239 241//241
f 1299//1299 1304//1304 2651//2651
f 1299//1299 1301//1301 1304//1304
f 1301//1301 1302//1302 1304//1304
f 1300//1300 2662//2662 2661//2661
f 1300//1300 1299//1299 2662//2662
f 1299//1299 2651//2651 2662//2662
f 1104//1104 1964//1964 624//624
f 1101//1101 626//626 1992//1992
f 1101//1101 1100//1100 626//626
f 1100//1100 624//624 626//626
f 1096//1096 1101//1101 1992//1992
f 1096//1096 1098//1098 1101//1101
f 1098//1098 1099//1099 1101//1101
f 1094//1094 542//542 2132//2132
f 1094//1094 1093//1093 542//542
f 1093//1093 540//540 542//542
f 1089//1089 1094//1094 2132//2132
f 1089//1089 1091//1091 1094//1094
f 1091//1091 1092//1092 1094//1094
f 1087//1087 674//674 1912//1912
f 1087//1087 1086//1086 674//674
f 1086//1086 672//672 674//674
f 1082//1082 1087//1087 1912//1912
f 1082//1082 1084//1084 1087//1087
f 1084//1084 1085//1085 1087//1087
f 1083//1083 1914//1914 633//633
f 1083//1083 1082//1082 1914//1914
f 1082//1082 1912//1912 1914//1914
f 1080//1080 635//635 1977//1977
f 1080//1080 1079//1079 635//635
f 1079//1079 633//633 635//635
f 1075//1075 1080//1080 1977//1977
f 1075//1075 1077//1077 1080//1080
f 1077//1077 1078//1078 1080//1080
f 1076//1076 1979//1979 284//284
f 1076//1076 1075//1075 1979//1979
f 1075//1075 1977//1977 1979//1979
f 1048//1048 2144//2144 540//540
f 1048//1048 1047//1047 2144//2144
f 1047//1047 2142//2142 2144//2144
f 1013//1013 2563//2563 663//663
f 1013//1013 1012//1012 2563//2563
f 1012//1012 2561//2561 2563//2563
f 1010//1010 1009//1009 665//665
f 1009//1009 663//663 665//665
f 1007//1007 1008//1008 1010//1010
f 1003//1003 623//623 1997//1997
f 1003//1003 1002//1002 623//623
f 1002//1002 621//621 623//623
f 998//998 1003//1003 1997//1997
f 998//998 1000//1000 1003//1003
f 1000//1000 1001//1001 1003//1003
f 996//996 286//286 2556//2556
f 996//996 995//995 286//286
f 995//995 284//284 286//286
f 991//991 996//996 2556//2556
f 991//991 993//993 996//996
f 993//993 994//994 996//996
f 992//992 2558//2558 681//681
f 992//992 991//991 2558//2558
f 991//991 2556//2556 2558//2558
f 989//989 683//683 1897//1897
f 989//989 988//988 683//683
f 988//988 681//681 683//683
f 984//984 989//989 1897//1897
f 984//984 986//986 989//989
f 986//986 987//987 989//989
f 985//985 1899//1899 391//391
f 985//985 984//984 1899//1899
f 984//984 1897//1897 1899//1899
f 982//982 301//301 2532//2532
f 982//982 981//981 301//301
f 981//981 299//299 301//301
f 977//977 982//982 2532//2532
f 977//977 979//979 982//982
f 979//979 980//980 982//982
f 673//673 979//979 976//976
f 673//673 855//855 979//979
f 855//855 980//980 979//979
f 670//670 986//986 983//983
f 670//670 854//854 986//986
f 854//854 987//987 986//986
f 667//667 993//993 990//990
f 667//667 853//853 993//993
f 853//853 994//994 993//993
f 664//664 1000//1000 997//997
f 664//664 852//852 1000//1000
f 852//852 1001//1001 1000//1000
f 661//661 851//851 1007//1007
f 851//851 1008//1008 1007//1007
f 631//631 1077//1077 1074//1074
f 631//631 841//841 1077//1077
f 841//841 1078//1078 1077//1077
f 625//625 1091//1091 1088//1088
f 625//625 839//839 1091//1091
f 839//839 1092//1092 1091//1091
f 622//622 1098//1098 1095//1095
f 622//622 838//838 1098//1098
f 838//838 1099//1099 1098//1098
f 541//541 2670//2670 2669//2669
f 541//541 811//811 2670//2670
f 811//811 1288//1288 2670//2670
f 535//535 1301//1301 1298//1298
f 535//535 809//809 1301//1301
f 809//809 1302//1302 1301//1301
f 521//521 1336//1336 1333//1333
f 476//476 1441//1441 1438//1438
f 473//473 1448//1448 1445//1445
f 473//473 789//789 1448//1448
f 789//789 1449//1449 1448//1448
f 470//470 1455//1455 1452//1452
f 470//470 788//788 1455//1455
f 788//788 1456//1456 1455//1455
f 410//410 1595//1595 1592//1592
f 410//410 768//768 1595//1595
f 768//768 1596//1596 1595//1595
f 368//368 2681//2681 2680//2680
f 368//368 754//754 2681//2681
f 754//754 2691//2691 2681//2681
f 321//321 2678//2678 2677//2677
f 321//321 739//739 2678//2678
f 739//739 1729//1729 2678//2678
f 300//300 1763//1763 1760//1760
f 300//300 732//732 1763//1763
f 732//732 1764//1764 1763//1763
f 674//674 1915//1915 1912//1912
f 674//674 673//673 1915//1915
f 673//673 976//976 1915//1915
f 671//671 1920//1920 1917//1917
f 671//671 670//670 1920//1920
f 670//670 983//983 1920//1920
f 668//668 1925//1925 1922//1922
f 668//668 667//667 1925//1925
f 667//667 990//990 1925//1925
f 665//665 664//664 1930//1930
f 664//664 997//997 1930//1930
f 632//632 1985//1985 1982//1982
f 632//632 631//631 1985//1985
f 631//631 1074//1074 1985//1985
f 626//626 1995//1995 1992//1992
f 626//626 625//625 1995//1995
f 625//625 1088//1088 1995//1995
f 623//623 2000//2000 1997//1997
f 623//623 622//622 2000//2000
f 622//622 1095//1095 2000//2000
f 542//542 2672//2672 2132//2132
f 542//542 541//541 2672//2672
f 541//541 2669//2669 2672//2672
f 536//536 2145//2145 2142//2142
f 536//536 535//535 2145//2145
f 535//535 1298//1298 2145//2145
f 521//521 1333//1333 2168//2168
f 477//477 2243//2243 2240//2240
f 477//477 476//476 2243//2243
f 476//476 1438//1438 2243//2243
f 474//474 2248//2248 2245//2245
f 474//474 473//473 2248//2248
f 473//473 1445//1445 2248//2248
f 471//471 2253//2253 2250//2250
f 471//471 470//470 2253//2253
f 470//470 1452//1452 2253//2253
f 411//411 2353//2353 2350//2350
f 411//411 410//410 2353//2353
f 410//410 1592//1592 2353//2353
f 369//369 2683//2683 2419//2419
f 369//369 368//368 2683//2683
f 368//368 2680//2680 2683//2683
f 363//363 2430//2430 2427//2427
f 363//363 362//362 2430//2430
f 362//362 2735//2735 2430//2430
f 240//240 2675//2675 2674//2674
f 240//240 353//353 2675//2675
f 353//353 2450//2450 2675//2675
f 322//322 2684//2684 2499//2499
f 322//322 321//321 2684//2684
f 321//321 2677//2677 2684//2684
f 301//301 2535//2535 2532//2532
f 301//301 300//300 2535//2535
f 300//300 1760//1760 2535//2535
f 241//241 2685//2685 2651//2651
f 241//241 240//240 2685//2685
f 240//240 2674//2674 2685//2685
# Vertices: 2563, normals: 2563, texture coordinates: 0, faces: 4920

